PID,PlanID,isVMAT,cohort,site,phase,dev_split,npz_path,D05_div_D95,max_div_D95
0617-259694,2Ac,TRUE,1,2,train,train,C:/Users/admin/Desktop/Top2/data/dataset_update_Lung/0617-259694+2Ac+MOS_33896.npz,1.033,1.063
0617-259694,imrt,FALSE,1,2,train,train,C:/Users/admin/Desktop/Top2/data/dataset_update_Lung/0617-259694+imrt+MOS_33896.npz,1.032,1.053
0617-292370,2Ac,TRUE,1,2,train,train,C:/Users/admin/Desktop/Top2/data/dataset_update_Lung/0617-292370+2Ac+MOS_3836.npz,1.035,1.07
0617-292370,imrt,FALSE,1,2,train,train,C:/Users/admin/Desktop/Top2/data/dataset_update_Lung/0617-292370+imrt+MOS_3836.npz,1.036,1.053
0617-305105,2Ac,TRUE,1,2,train,train,C:/Users/admin/Desktop/Top2/data/dataset_update_Lung/0617-305105+2Ac+MOS_26825.npz,1.036,1.06
0617-305105,imrt,FALSE,1,2,train,train,C:/Users/admin/Desktop/Top2/data/dataset_update_Lung/0617-305105+imrt+MOS_26825.npz,1.036,1.066
0617-308175,2Ac,TRUE,1,2,train,train,C:/Users/admin/Desktop/Top2/data/dataset_update_Lung/0617-308175+2Ac+MOS_32228.npz,1.041,1.085
0617-313260,2Ac,TRUE,1,2,train,train,C:/Users/admin/Desktop/Top2/data/dataset_update_Lung/0617-313260+2Ac+MOS_27197.npz,1.029,1.047
0617-313260,imrt,FALSE,1,2,train,train,C:/Users/admin/Desktop/Top2/data/dataset_update_Lung/0617-313260+imrt+MOS_27197.npz,1.029,1.048
0617-342808,2Ac,TRUE,1,2,train,train,C:/Users/admin/Desktop/Top2/data/dataset_update_Lung/0617-342808+2Ac+MOS_1528.npz,1.045,1.086
0617-342808,imrt,FALSE,1,2,train,train,C:/Users/admin/Desktop/Top2/data/dataset_update_Lung/0617-342808+imrt+MOS_1528.npz,1.04,1.066
0617-349454,2Ac,TRUE,1,2,train,train,C:/Users/admin/Desktop/Top2/data/dataset_update_Lung/0617-349454+2Ac+MOS_11565.npz,1.032,1.052
0617-349454,imrt,FALSE,1,2,train,train,C:/Users/admin/Desktop/Top2/data/dataset_update_Lung/0617-349454+imrt+MOS_11565.npz,1.028,1.048
0617-355467,2Ac,TRUE,1,2,train,train,C:/Users/admin/Desktop/Top2/data/dataset_update_Lung/0617-355467+2Ac+MOS_23242.npz,1.038,1.079
0617-355467,imrt,FALSE,1,2,train,train,C:/Users/admin/Desktop/Top2/data/dataset_update_Lung/0617-355467+imrt+MOS_23242.npz,1.039,1.074
0617-359104,2Ac,TRUE,1,2,train,train,C:/Users/admin/Desktop/Top2/data/dataset_update_Lung/0617-359104+2Ac+MOS_30559.npz,1.037,1.063
0617-359104,imrt,FALSE,1,2,train,train,C:/Users/admin/Desktop/Top2/data/dataset_update_Lung/0617-359104+imrt+MOS_30559.npz,1.035,1.073
0617-380962,2Ac,TRUE,1,2,train,train,C:/Users/admin/Desktop/Top2/data/dataset_update_Lung/0617-380962+2Ac+MOS_8233.npz,1.032,1.056
0617-380962,imrt,FALSE,1,2,train,train,C:/Users/admin/Desktop/Top2/data/dataset_update_Lung/0617-380962+imrt+MOS_8233.npz,1.03,1.055
0617-381906,2Ac,TRUE,1,2,train,train,C:/Users/admin/Desktop/Top2/data/dataset_update_Lung/0617-381906+2Ac+MOS_4288.npz,1.033,1.081
0617-381906,imrt,FALSE,1,2,train,train,C:/Users/admin/Desktop/Top2/data/dataset_update_Lung/0617-381906+imrt+MOS_4288.npz,1.031,1.057
0617-386659,2Ac,TRUE,1,2,train,train,C:/Users/admin/Desktop/Top2/data/dataset_update_Lung/0617-386659+2Ac+MOS_3104.npz,1.029,1.056
0617-386659,imrt,FALSE,1,2,train,train,C:/Users/admin/Desktop/Top2/data/dataset_update_Lung/0617-386659+imrt+MOS_3104.npz,1.03,1.047
0617-386888,2Ac,TRUE,1,2,train,train,C:/Users/admin/Desktop/Top2/data/dataset_update_Lung/0617-386888+2Ac+MOS_21346.npz,1.035,1.065
0617-386888,imrt,FALSE,1,2,train,train,C:/Users/admin/Desktop/Top2/data/dataset_update_Lung/0617-386888+imrt+MOS_21346.npz,1.034,1.059
0617-398499,imrt,FALSE,1,2,train,train,C:/Users/admin/Desktop/Top2/data/dataset_update_Lung/0617-398499+imrt+MOS_18251.npz,1.043,1.08
0617-404249,2Ac,TRUE,1,2,train,train,C:/Users/admin/Desktop/Top2/data/dataset_update_Lung/0617-404249+2Ac+MOS_21562.npz,1.046,1.073
0617-404249,imrt,FALSE,1,2,train,train,C:/Users/admin/Desktop/Top2/data/dataset_update_Lung/0617-404249+imrt+MOS_21562.npz,1.033,1.051
0617-405100,2Ac,TRUE,1,2,train,train,C:/Users/admin/Desktop/Top2/data/dataset_update_Lung/0617-405100+2Ac+MOS_3725.npz,1.033,1.062
0617-405100,imrt,FALSE,1,2,train,train,C:/Users/admin/Desktop/Top2/data/dataset_update_Lung/0617-405100+imrt+MOS_3725.npz,1.034,1.049
0617-405231,2Ac,TRUE,1,2,train,train,C:/Users/admin/Desktop/Top2/data/dataset_update_Lung/0617-405231+2Ac+MOS_3645.npz,1.03,1.06
0617-405231,imrt,FALSE,1,2,train,train,C:/Users/admin/Desktop/Top2/data/dataset_update_Lung/0617-405231+imrt+MOS_3645.npz,1.035,1.065
0617-415627,2Ac,TRUE,1,2,train,train,C:/Users/admin/Desktop/Top2/data/dataset_update_Lung/0617-415627+2Ac+MOS_0890.npz,1.054,1.073
0617-415627,imrt,FALSE,1,2,train,train,C:/Users/admin/Desktop/Top2/data/dataset_update_Lung/0617-415627+imrt+MOS_0890.npz,1.043,1.065
0617-417018,imrt,FALSE,1,2,train,train,C:/Users/admin/Desktop/Top2/data/dataset_update_Lung/0617-417018+imrt+MOS_2337.npz,1.031,1.059
0617-418584,2Ac,TRUE,1,2,train,train,C:/Users/admin/Desktop/Top2/data/dataset_update_Lung/0617-418584+2Ac+MOS_4139.npz,1.042,1.077
0617-418584,imrt,FALSE,1,2,train,train,C:/Users/admin/Desktop/Top2/data/dataset_update_Lung/0617-418584+imrt+MOS_4139.npz,1.039,1.067
0617-433977,2Ac,TRUE,1,2,train,train,C:/Users/admin/Desktop/Top2/data/dataset_update_Lung/0617-433977+2Ac+MOS_2838.npz,1.034,1.066
0617-433977,imrt,FALSE,1,2,train,train,C:/Users/admin/Desktop/Top2/data/dataset_update_Lung/0617-433977+imrt+MOS_2838.npz,1.031,1.058
0617-434035,2Ac,TRUE,1,2,train,train,C:/Users/admin/Desktop/Top2/data/dataset_update_Lung/0617-434035+2Ac+MOS_16617.npz,1.036,1.072
0617-434035,imrt,FALSE,1,2,train,train,C:/Users/admin/Desktop/Top2/data/dataset_update_Lung/0617-434035+imrt+MOS_16617.npz,1.035,1.063
0617-434473,2Ac,TRUE,1,2,train,train,C:/Users/admin/Desktop/Top2/data/dataset_update_Lung/0617-434473+2Ac+MOS_56190.npz,1.033,1.061
0617-434473,imrt,FALSE,1,2,train,train,C:/Users/admin/Desktop/Top2/data/dataset_update_Lung/0617-434473+imrt+MOS_56190.npz,1.028,1.056
0617-436359,2Ac,TRUE,1,2,train,train,C:/Users/admin/Desktop/Top2/data/dataset_update_Lung/0617-436359+2Ac+MOS_3699.npz,1.04,1.07
0617-436359,imrt,FALSE,1,2,train,train,C:/Users/admin/Desktop/Top2/data/dataset_update_Lung/0617-436359+imrt+MOS_3699.npz,1.032,1.055
0617-438343,2Ac,TRUE,1,2,train,train,C:/Users/admin/Desktop/Top2/data/dataset_update_Lung/0617-438343+2Ac+MOS_20160.npz,1.036,1.058
0617-438343,imrt,FALSE,1,2,train,train,C:/Users/admin/Desktop/Top2/data/dataset_update_Lung/0617-438343+imrt+MOS_20160.npz,1.033,1.058
0617-440507,2Ac,TRUE,1,2,train,train,C:/Users/admin/Desktop/Top2/data/dataset_update_Lung/0617-440507+2Ac+MOS_53793.npz,1.036,1.059
0617-440507,imrt,FALSE,1,2,train,train,C:/Users/admin/Desktop/Top2/data/dataset_update_Lung/0617-440507+imrt+MOS_53793.npz,1.038,1.068
0617-441089,2Ac,TRUE,1,2,train,train,C:/Users/admin/Desktop/Top2/data/dataset_update_Lung/0617-441089+2Ac+MOS_21417.npz,1.035,1.057
0617-441089,imrt,FALSE,1,2,train,train,C:/Users/admin/Desktop/Top2/data/dataset_update_Lung/0617-441089+imrt+MOS_21417.npz,1.031,1.061
0617-441230,2Ac,TRUE,1,2,train,train,C:/Users/admin/Desktop/Top2/data/dataset_update_Lung/0617-441230+2Ac+MOS_34211.npz,1.034,1.063
0617-441230,imrt,FALSE,1,2,train,train,C:/Users/admin/Desktop/Top2/data/dataset_update_Lung/0617-441230+imrt+MOS_34211.npz,1.035,1.058
0617-444138,2Ac,TRUE,1,2,train,train,C:/Users/admin/Desktop/Top2/data/dataset_update_Lung/0617-444138+2Ac+MOS_52685.npz,1.044,1.072
0617-444138,imrt,FALSE,1,2,train,train,C:/Users/admin/Desktop/Top2/data/dataset_update_Lung/0617-444138+imrt+MOS_52685.npz,1.04,1.071
0617-445461,2Ac,TRUE,1,2,train,train,C:/Users/admin/Desktop/Top2/data/dataset_update_Lung/0617-445461+2Ac+MOS_36585.npz,1.033,1.064
0617-445461,imrt,FALSE,1,2,train,train,C:/Users/admin/Desktop/Top2/data/dataset_update_Lung/0617-445461+imrt+MOS_36585.npz,1.033,1.061
0617-446756,2Ac,TRUE,1,2,train,train,C:/Users/admin/Desktop/Top2/data/dataset_update_Lung/0617-446756+2Ac+MOS_59613.npz,1.054,1.089
0617-446756,imrt,FALSE,1,2,train,train,C:/Users/admin/Desktop/Top2/data/dataset_update_Lung/0617-446756+imrt+MOS_59613.npz,1.044,1.086
0617-452389,2Ac,TRUE,1,2,train,train,C:/Users/admin/Desktop/Top2/data/dataset_update_Lung/0617-452389+2Ac+MOS_46989.npz,1.029,1.046
0617-452389,imrt,FALSE,1,2,train,train,C:/Users/admin/Desktop/Top2/data/dataset_update_Lung/0617-452389+imrt+MOS_46989.npz,1.03,1.059
0617-454172,2Ac,TRUE,1,2,train,train,C:/Users/admin/Desktop/Top2/data/dataset_update_Lung/0617-454172+2Ac+MOS_21813.npz,1.033,1.052
0617-454172,imrt,FALSE,1,2,train,train,C:/Users/admin/Desktop/Top2/data/dataset_update_Lung/0617-454172+imrt+MOS_21813.npz,1.031,1.052
0617-454983,2Ac,TRUE,1,2,train,train,C:/Users/admin/Desktop/Top2/data/dataset_update_Lung/0617-454983+2Ac+MOS_47112.npz,1.033,1.058
0617-454983,imrt,FALSE,1,2,train,train,C:/Users/admin/Desktop/Top2/data/dataset_update_Lung/0617-454983+imrt+MOS_47112.npz,1.033,1.057
0617-455683,2Ac,TRUE,1,2,train,train,C:/Users/admin/Desktop/Top2/data/dataset_update_Lung/0617-455683+2Ac+MOS_37235.npz,1.027,1.047
0617-455683,imrt,FALSE,1,2,train,train,C:/Users/admin/Desktop/Top2/data/dataset_update_Lung/0617-455683+imrt+MOS_37235.npz,1.026,1.049
0617-457079,2Ac,TRUE,1,2,train,train,C:/Users/admin/Desktop/Top2/data/dataset_update_Lung/0617-457079+2Ac+MOS_5516.npz,1.044,1.075
0617-457079,imrt,FALSE,1,2,train,train,C:/Users/admin/Desktop/Top2/data/dataset_update_Lung/0617-457079+imrt+MOS_5516.npz,1.041,1.101
0617-460650,2Ac,TRUE,1,2,train,train,C:/Users/admin/Desktop/Top2/data/dataset_update_Lung/0617-460650+2Ac+MOS_38371.npz,1.04,1.075
0617-460650,imrt,FALSE,1,2,train,train,C:/Users/admin/Desktop/Top2/data/dataset_update_Lung/0617-460650+imrt+MOS_38371.npz,1.035,1.06
0617-466966,2Ac,TRUE,1,2,train,train,C:/Users/admin/Desktop/Top2/data/dataset_update_Lung/0617-466966+2Ac+MOS_27819.npz,1.036,1.06
0617-466966,imrt,FALSE,1,2,train,train,C:/Users/admin/Desktop/Top2/data/dataset_update_Lung/0617-466966+imrt+MOS_27819.npz,1.031,1.05
0617-469081,2Ac,TRUE,1,2,train,train,C:/Users/admin/Desktop/Top2/data/dataset_update_Lung/0617-469081+2Ac+MOS_21302.npz,1.03,1.055
0617-469081,imrt,FALSE,1,2,train,train,C:/Users/admin/Desktop/Top2/data/dataset_update_Lung/0617-469081+imrt+MOS_21302.npz,1.031,1.07
0617-469897,2Ac,TRUE,1,2,train,train,C:/Users/admin/Desktop/Top2/data/dataset_update_Lung/0617-469897+2Ac+MOS_13543.npz,1.041,1.071
0617-469897,imrt,FALSE,1,2,train,train,C:/Users/admin/Desktop/Top2/data/dataset_update_Lung/0617-469897+imrt+MOS_13543.npz,1.033,1.058
0617-474399,2Ac,TRUE,1,2,train,train,C:/Users/admin/Desktop/Top2/data/dataset_update_Lung/0617-474399+2Ac+MOS_14212.npz,1.04,1.069
0617-474399,imrt,FALSE,1,2,train,train,C:/Users/admin/Desktop/Top2/data/dataset_update_Lung/0617-474399+imrt+MOS_14212.npz,1.033,1.055
0617-475757,2Ac,TRUE,1,2,train,train,C:/Users/admin/Desktop/Top2/data/dataset_update_Lung/0617-475757+2Ac+MOS_16272.npz,1.035,1.069
0617-475757,imrt,FALSE,1,2,train,train,C:/Users/admin/Desktop/Top2/data/dataset_update_Lung/0617-475757+imrt+MOS_16272.npz,1.035,1.062
0617-477360,2Ac,TRUE,1,2,train,train,C:/Users/admin/Desktop/Top2/data/dataset_update_Lung/0617-477360+2Ac+MOS_38976.npz,1.034,1.064
0617-477360,imrt,FALSE,1,2,train,train,C:/Users/admin/Desktop/Top2/data/dataset_update_Lung/0617-477360+imrt+MOS_38976.npz,1.034,1.068
0617-478567,2Ac,TRUE,1,2,train,train,C:/Users/admin/Desktop/Top2/data/dataset_update_Lung/0617-478567+2Ac+MOS_56827.npz,1.034,1.063
0617-478567,imrt,FALSE,1,2,train,train,C:/Users/admin/Desktop/Top2/data/dataset_update_Lung/0617-478567+imrt+MOS_56827.npz,1.035,1.062
0617-482383,2Ac,TRUE,1,2,train,train,C:/Users/admin/Desktop/Top2/data/dataset_update_Lung/0617-482383+2Ac+MOS_47873.npz,1.033,1.062
0617-482383,imrt,FALSE,1,2,train,train,C:/Users/admin/Desktop/Top2/data/dataset_update_Lung/0617-482383+imrt+MOS_47873.npz,1.031,1.061
0617-483282,2Ac,TRUE,1,2,train,train,C:/Users/admin/Desktop/Top2/data/dataset_update_Lung/0617-483282+2Ac+MOS_7142.npz,1.028,1.05
0617-483282,imrt,FALSE,1,2,train,train,C:/Users/admin/Desktop/Top2/data/dataset_update_Lung/0617-483282+imrt+MOS_7142.npz,1.03,1.051
0617-483479,2Ac,TRUE,1,2,train,train,C:/Users/admin/Desktop/Top2/data/dataset_update_Lung/0617-483479+2Ac+MOS_41593.npz,1.029,1.056
0617-483479,imrt,FALSE,1,2,train,train,C:/Users/admin/Desktop/Top2/data/dataset_update_Lung/0617-483479+imrt+MOS_41593.npz,1.032,1.055
0617-483670,2Ac,TRUE,1,2,train,train,C:/Users/admin/Desktop/Top2/data/dataset_update_Lung/0617-483670+2Ac+MOS_19443.npz,1.033,1.056
0617-483670,imrt,FALSE,1,2,train,train,C:/Users/admin/Desktop/Top2/data/dataset_update_Lung/0617-483670+imrt+MOS_19443.npz,1.032,1.057
0617-484849,2Ac,TRUE,1,2,train,train,C:/Users/admin/Desktop/Top2/data/dataset_update_Lung/0617-484849+2Ac+MOS_49708.npz,1.033,1.054
0617-484849,imrt,FALSE,1,2,train,train,C:/Users/admin/Desktop/Top2/data/dataset_update_Lung/0617-484849+imrt+MOS_49708.npz,1.029,1.054
0617-489880,2Ac,TRUE,1,2,train,train,C:/Users/admin/Desktop/Top2/data/dataset_update_Lung/0617-489880+2Ac+MOS_58287.npz,1.043,1.09
0617-490005,2Ac,TRUE,1,2,train,train,C:/Users/admin/Desktop/Top2/data/dataset_update_Lung/0617-490005+2Ac+MOS_9380.npz,1.043,1.073
0617-490005,imrt,FALSE,1,2,train,train,C:/Users/admin/Desktop/Top2/data/dataset_update_Lung/0617-490005+imrt+MOS_9380.npz,1.036,1.059
0617-492924,2Ac,TRUE,1,2,train,train,C:/Users/admin/Desktop/Top2/data/dataset_update_Lung/0617-492924+2Ac+MOS_37972.npz,1.03,1.069
0617-492924,imrt,FALSE,1,2,train,train,C:/Users/admin/Desktop/Top2/data/dataset_update_Lung/0617-492924+imrt+MOS_37972.npz,1.029,1.047
0617-498021,2Ac,TRUE,1,2,train,train,C:/Users/admin/Desktop/Top2/data/dataset_update_Lung/0617-498021+2Ac+MOS_59539.npz,1.031,1.069
0617-498021,imrt,FALSE,1,2,train,train,C:/Users/admin/Desktop/Top2/data/dataset_update_Lung/0617-498021+imrt+MOS_59539.npz,1.029,1.055
0617-499059,2Ac,TRUE,1,2,train,train,C:/Users/admin/Desktop/Top2/data/dataset_update_Lung/0617-499059+2Ac+MOS_14614.npz,1.041,1.082
0617-499059,imrt,FALSE,1,2,train,train,C:/Users/admin/Desktop/Top2/data/dataset_update_Lung/0617-499059+imrt+MOS_14614.npz,1.034,1.061
0617-501626,2Ac,TRUE,1,2,train,train,C:/Users/admin/Desktop/Top2/data/dataset_update_Lung/0617-501626+2Ac+MOS_15912.npz,1.059,1.097
0617-501626,imrt,FALSE,1,2,train,train,C:/Users/admin/Desktop/Top2/data/dataset_update_Lung/0617-501626+imrt+MOS_15912.npz,1.047,1.09
0617-503217,2Ac,TRUE,1,2,train,train,C:/Users/admin/Desktop/Top2/data/dataset_update_Lung/0617-503217+2Ac+MOS_57190.npz,1.027,1.055
0617-503217,imrt,FALSE,1,2,train,train,C:/Users/admin/Desktop/Top2/data/dataset_update_Lung/0617-503217+imrt+MOS_57190.npz,1.033,1.059
0617-503777,2Ac,TRUE,1,2,train,train,C:/Users/admin/Desktop/Top2/data/dataset_update_Lung/0617-503777+2Ac+MOS_57593.npz,1.039,1.077
0617-503777,imrt,FALSE,1,2,train,train,C:/Users/admin/Desktop/Top2/data/dataset_update_Lung/0617-503777+imrt+MOS_57593.npz,1.034,1.058
0617-507613,2Ac,TRUE,1,2,train,train,C:/Users/admin/Desktop/Top2/data/dataset_update_Lung/0617-507613+2Ac+MOS_18253.npz,1.028,1.053
0617-507613,imrt,FALSE,1,2,train,train,C:/Users/admin/Desktop/Top2/data/dataset_update_Lung/0617-507613+imrt+MOS_18253.npz,1.027,1.046
0617-511666,2Ac,TRUE,1,2,train,train,C:/Users/admin/Desktop/Top2/data/dataset_update_Lung/0617-511666+2Ac+MOS_29661.npz,1.03,1.059
0617-511666,imrt,FALSE,1,2,train,train,C:/Users/admin/Desktop/Top2/data/dataset_update_Lung/0617-511666+imrt+MOS_29661.npz,1.028,1.053
0617-512194,imrt,FALSE,1,2,train,train,C:/Users/admin/Desktop/Top2/data/dataset_update_Lung/0617-512194+imrt+MOS_8844.npz,1.066,1.101
0617-514964,2Ac,TRUE,1,2,train,train,C:/Users/admin/Desktop/Top2/data/dataset_update_Lung/0617-514964+2Ac+MOS_53398.npz,1.031,1.052
0617-514964,imrt,FALSE,1,2,train,train,C:/Users/admin/Desktop/Top2/data/dataset_update_Lung/0617-514964+imrt+MOS_53398.npz,1.032,1.057
0617-516857,2Ac,TRUE,1,2,train,train,C:/Users/admin/Desktop/Top2/data/dataset_update_Lung/0617-516857+2Ac+MOS_186.npz,1.038,1.06
0617-516857,imrt,FALSE,1,2,train,train,C:/Users/admin/Desktop/Top2/data/dataset_update_Lung/0617-516857+imrt+MOS_186.npz,1.031,1.062
0617-517268,2Ac,TRUE,1,2,train,train,C:/Users/admin/Desktop/Top2/data/dataset_update_Lung/0617-517268+2Ac+MOS_5789.npz,1.031,1.066
0617-517268,imrt,FALSE,1,2,train,train,C:/Users/admin/Desktop/Top2/data/dataset_update_Lung/0617-517268+imrt+MOS_5789.npz,1.028,1.049
0617-518324,2Ac,TRUE,1,2,train,train,C:/Users/admin/Desktop/Top2/data/dataset_update_Lung/0617-518324+2Ac+MOS_8856.npz,1.036,1.067
0617-518324,imrt,FALSE,1,2,train,train,C:/Users/admin/Desktop/Top2/data/dataset_update_Lung/0617-518324+imrt+MOS_8856.npz,1.035,1.081
0617-519004,2Ac,TRUE,1,2,train,train,C:/Users/admin/Desktop/Top2/data/dataset_update_Lung/0617-519004+2Ac+MOS_11507.npz,1.033,1.055
0617-519004,imrt,FALSE,1,2,train,train,C:/Users/admin/Desktop/Top2/data/dataset_update_Lung/0617-519004+imrt+MOS_11507.npz,1.034,1.053
0617-520664,2Ac,TRUE,1,2,train,train,C:/Users/admin/Desktop/Top2/data/dataset_update_Lung/0617-520664+2Ac+MOS_43563.npz,1.026,1.046
0617-520664,imrt,FALSE,1,2,train,train,C:/Users/admin/Desktop/Top2/data/dataset_update_Lung/0617-520664+imrt+MOS_43563.npz,1.021,1.031
0617-520739,2Ac,TRUE,1,2,train,train,C:/Users/admin/Desktop/Top2/data/dataset_update_Lung/0617-520739+2Ac+MOS_37643.npz,1.043,1.066
0617-520739,imrt,FALSE,1,2,train,train,C:/Users/admin/Desktop/Top2/data/dataset_update_Lung/0617-520739+imrt+MOS_37643.npz,1.034,1.061
0617-521719,2Ac,TRUE,1,2,train,train,C:/Users/admin/Desktop/Top2/data/dataset_update_Lung/0617-521719+2Ac+MOS_59867.npz,1.031,1.062
0617-521719,imrt,FALSE,1,2,train,train,C:/Users/admin/Desktop/Top2/data/dataset_update_Lung/0617-521719+imrt+MOS_59867.npz,1.027,1.043
0617-522632,2Ac,TRUE,1,2,train,train,C:/Users/admin/Desktop/Top2/data/dataset_update_Lung/0617-522632+2Ac+MOS_36911.npz,1.025,1.037
0617-522632,imrt,FALSE,1,2,train,train,C:/Users/admin/Desktop/Top2/data/dataset_update_Lung/0617-522632+imrt+MOS_36911.npz,1.031,1.046
0617-524084,2Ac,TRUE,1,2,train,train,C:/Users/admin/Desktop/Top2/data/dataset_update_Lung/0617-524084+2Ac+MOS_49268.npz,1.027,1.043
0617-524084,imrt,FALSE,1,2,train,train,C:/Users/admin/Desktop/Top2/data/dataset_update_Lung/0617-524084+imrt+MOS_49268.npz,1.031,1.055
0617-529217,2Ac,TRUE,1,2,train,train,C:/Users/admin/Desktop/Top2/data/dataset_update_Lung/0617-529217+2Ac+MOS_20506.npz,1.039,1.068
0617-529217,imrt,FALSE,1,2,train,train,C:/Users/admin/Desktop/Top2/data/dataset_update_Lung/0617-529217+imrt+MOS_20506.npz,1.036,1.065
0617-529851,2Ac,TRUE,1,2,train,train,C:/Users/admin/Desktop/Top2/data/dataset_update_Lung/0617-529851+2Ac+MOS_14177.npz,1.028,1.05
0617-529851,imrt,FALSE,1,2,train,train,C:/Users/admin/Desktop/Top2/data/dataset_update_Lung/0617-529851+imrt+MOS_14177.npz,1.028,1.046
0617-533399,2Ac,TRUE,1,2,train,train,C:/Users/admin/Desktop/Top2/data/dataset_update_Lung/0617-533399+2Ac+MOS_39374.npz,1.028,1.047
0617-533399,imrt,FALSE,1,2,train,train,C:/Users/admin/Desktop/Top2/data/dataset_update_Lung/0617-533399+imrt+MOS_39374.npz,1.027,1.04
0617-535250,2Ac,TRUE,1,2,train,train,C:/Users/admin/Desktop/Top2/data/dataset_update_Lung/0617-535250+2Ac+MOS_30432.npz,1.025,1.035
0617-535250,imrt,FALSE,1,2,train,train,C:/Users/admin/Desktop/Top2/data/dataset_update_Lung/0617-535250+imrt+MOS_30432.npz,1.022,1.033
0617-536546,2Ac,TRUE,1,2,train,train,C:/Users/admin/Desktop/Top2/data/dataset_update_Lung/0617-536546+2Ac+MOS_33735.npz,1.037,1.061
0617-536546,imrt,FALSE,1,2,train,train,C:/Users/admin/Desktop/Top2/data/dataset_update_Lung/0617-536546+imrt+MOS_33735.npz,1.039,1.063
0617-536867,2Ac,TRUE,1,2,train,train,C:/Users/admin/Desktop/Top2/data/dataset_update_Lung/0617-536867+2Ac+MOS_45302.npz,1.03,1.05
0617-538439,2Ac,TRUE,1,2,train,train,C:/Users/admin/Desktop/Top2/data/dataset_update_Lung/0617-538439+2Ac+MOS_757.npz,1.03,1.056
0617-538439,imrt,FALSE,1,2,train,train,C:/Users/admin/Desktop/Top2/data/dataset_update_Lung/0617-538439+imrt+MOS_757.npz,1.032,1.056
0617-539367,2Ac,TRUE,1,2,train,train,C:/Users/admin/Desktop/Top2/data/dataset_update_Lung/0617-539367+2Ac+MOS_4737.npz,1.036,1.069
0617-539367,imrt,FALSE,1,2,train,train,C:/Users/admin/Desktop/Top2/data/dataset_update_Lung/0617-539367+imrt+MOS_4737.npz,1.037,1.08
0617-539489,2Ac,TRUE,1,2,train,train,C:/Users/admin/Desktop/Top2/data/dataset_update_Lung/0617-539489+2Ac+MOS_22177.npz,1.035,1.068
0617-539489,imrt,FALSE,1,2,train,train,C:/Users/admin/Desktop/Top2/data/dataset_update_Lung/0617-539489+imrt+MOS_22177.npz,1.031,1.058
0617-540476,2Ac,TRUE,1,2,train,train,C:/Users/admin/Desktop/Top2/data/dataset_update_Lung/0617-540476+2Ac+MOS_31701.npz,1.033,1.068
0617-543040,2Ac,TRUE,1,2,train,train,C:/Users/admin/Desktop/Top2/data/dataset_update_Lung/0617-543040+2Ac+MOS_28650.npz,1.03,1.06
0617-543040,imrt,FALSE,1,2,train,train,C:/Users/admin/Desktop/Top2/data/dataset_update_Lung/0617-543040+imrt+MOS_28650.npz,1.033,1.061
0617-543063,2Ac,TRUE,1,2,train,train,C:/Users/admin/Desktop/Top2/data/dataset_update_Lung/0617-543063+2Ac+MOS_14708.npz,1.028,1.046
0617-543063,imrt,FALSE,1,2,train,train,C:/Users/admin/Desktop/Top2/data/dataset_update_Lung/0617-543063+imrt+MOS_14708.npz,1.03,1.05
0617-543546,2Ac,TRUE,1,2,train,train,C:/Users/admin/Desktop/Top2/data/dataset_update_Lung/0617-543546+2Ac+MOS_40333.npz,1.041,1.073
0617-543546,imrt,FALSE,1,2,train,train,C:/Users/admin/Desktop/Top2/data/dataset_update_Lung/0617-543546+imrt+MOS_40333.npz,1.033,1.06
0617-543978,2Ac,TRUE,1,2,train,train,C:/Users/admin/Desktop/Top2/data/dataset_update_Lung/0617-543978+2Ac+MOS_41314.npz,1.034,1.053
0617-543978,imrt,FALSE,1,2,train,train,C:/Users/admin/Desktop/Top2/data/dataset_update_Lung/0617-543978+imrt+MOS_41314.npz,1.035,1.053
0617-544413,2Ac,TRUE,1,2,train,train,C:/Users/admin/Desktop/Top2/data/dataset_update_Lung/0617-544413+2Ac+MOS_18893.npz,1.038,1.067
0617-544413,imrt,FALSE,1,2,train,train,C:/Users/admin/Desktop/Top2/data/dataset_update_Lung/0617-544413+imrt+MOS_18893.npz,1.031,1.061
0617-544655,2Ac,TRUE,1,2,train,train,C:/Users/admin/Desktop/Top2/data/dataset_update_Lung/0617-544655+2Ac+MOS_28977.npz,1.049,1.082
0617-544655,imrt,FALSE,1,2,train,train,C:/Users/admin/Desktop/Top2/data/dataset_update_Lung/0617-544655+imrt+MOS_28977.npz,1.037,1.062
0617-544856,2Ac,TRUE,1,2,train,train,C:/Users/admin/Desktop/Top2/data/dataset_update_Lung/0617-544856+2Ac+MOS_48247.npz,1.029,1.052
0617-544856,imrt,FALSE,1,2,train,train,C:/Users/admin/Desktop/Top2/data/dataset_update_Lung/0617-544856+imrt+MOS_48247.npz,1.028,1.047
0617-545827,2Ac,TRUE,1,2,train,train,C:/Users/admin/Desktop/Top2/data/dataset_update_Lung/0617-545827+2Ac+MOS_23102.npz,1.033,1.065
0617-545827,imrt,FALSE,1,2,train,train,C:/Users/admin/Desktop/Top2/data/dataset_update_Lung/0617-545827+imrt+MOS_23102.npz,1.03,1.06
0617-546338,2Ac,TRUE,1,2,train,train,C:/Users/admin/Desktop/Top2/data/dataset_update_Lung/0617-546338+2Ac+MOS_19368.npz,1.054,1.084
0617-547928,2Ac,TRUE,1,2,train,train,C:/Users/admin/Desktop/Top2/data/dataset_update_Lung/0617-547928+2Ac+MOS_0769.npz,1.035,1.072
0617-547928,imrt,FALSE,1,2,train,train,C:/Users/admin/Desktop/Top2/data/dataset_update_Lung/0617-547928+imrt+MOS_0769.npz,1.033,1.06
0617-548132,2Ac,TRUE,1,2,train,train,C:/Users/admin/Desktop/Top2/data/dataset_update_Lung/0617-548132+2Ac+MOS_4379.npz,1.031,1.075
0617-548359,2Ac,TRUE,1,2,train,train,C:/Users/admin/Desktop/Top2/data/dataset_update_Lung/0617-548359+2Ac+MOS_9529.npz,1.032,1.062
0617-548432,2Ac,TRUE,1,2,train,train,C:/Users/admin/Desktop/Top2/data/dataset_update_Lung/0617-548432+2Ac+MOS_11953.npz,1.038,1.066
0617-549568,2Ac,TRUE,1,2,train,train,C:/Users/admin/Desktop/Top2/data/dataset_update_Lung/0617-549568+2Ac+MOS_3475.npz,1.038,1.06
0617-549568,imrt,FALSE,1,2,train,train,C:/Users/admin/Desktop/Top2/data/dataset_update_Lung/0617-549568+imrt+MOS_3475.npz,1.033,1.053
0617-550149,imrt,FALSE,1,2,train,train,C:/Users/admin/Desktop/Top2/data/dataset_update_Lung/0617-550149+imrt+MOS_52954.npz,1.045,1.082
0617-551414,2Ac,TRUE,1,2,train,train,C:/Users/admin/Desktop/Top2/data/dataset_update_Lung/0617-551414+2Ac+MOS_4888.npz,1.034,1.06
0617-551414,imrt,FALSE,1,2,train,train,C:/Users/admin/Desktop/Top2/data/dataset_update_Lung/0617-551414+imrt+MOS_4888.npz,1.032,1.05
0617-553859,2Ac,TRUE,1,2,train,train,C:/Users/admin/Desktop/Top2/data/dataset_update_Lung/0617-553859+2Ac+MOS_43104.npz,1.031,1.049
0617-553859,imrt,FALSE,1,2,train,train,C:/Users/admin/Desktop/Top2/data/dataset_update_Lung/0617-553859+imrt+MOS_43104.npz,1.028,1.044
0617-554103,2Ac,TRUE,1,2,train,train,C:/Users/admin/Desktop/Top2/data/dataset_update_Lung/0617-554103+2Ac+MOS_9452.npz,1.034,1.059
0617-554103,imrt,FALSE,1,2,train,train,C:/Users/admin/Desktop/Top2/data/dataset_update_Lung/0617-554103+imrt+MOS_9452.npz,1.032,1.053
0617-554963,2Ac,TRUE,1,2,train,train,C:/Users/admin/Desktop/Top2/data/dataset_update_Lung/0617-554963+2Ac+MOS_55400.npz,1.028,1.057
0617-554963,imrt,FALSE,1,2,train,train,C:/Users/admin/Desktop/Top2/data/dataset_update_Lung/0617-554963+imrt+MOS_55400.npz,1.03,1.051
0617-556683,2Ac,TRUE,1,2,train,train,C:/Users/admin/Desktop/Top2/data/dataset_update_Lung/0617-556683+2Ac+MOS_52816.npz,1.034,1.06
0617-556683,imrt,FALSE,1,2,train,train,C:/Users/admin/Desktop/Top2/data/dataset_update_Lung/0617-556683+imrt+MOS_52816.npz,1.03,1.052
0617-557688,2Ac,TRUE,1,2,train,train,C:/Users/admin/Desktop/Top2/data/dataset_update_Lung/0617-557688+2Ac+MOS_50869.npz,1.036,1.063
0617-557688,imrt,FALSE,1,2,train,train,C:/Users/admin/Desktop/Top2/data/dataset_update_Lung/0617-557688+imrt+MOS_50869.npz,1.041,1.091
0617-558250,2Ac,TRUE,1,2,train,train,C:/Users/admin/Desktop/Top2/data/dataset_update_Lung/0617-558250+2Ac+MOS_53976.npz,1.042,1.077
0617-558899,2Ac,TRUE,1,2,train,train,C:/Users/admin/Desktop/Top2/data/dataset_update_Lung/0617-558899+2Ac+MOS_31319.npz,1.046,1.077
0617-558899,imrt,FALSE,1,2,train,train,C:/Users/admin/Desktop/Top2/data/dataset_update_Lung/0617-558899+imrt+MOS_31319.npz,1.04,1.065
0617-559117,2Ac,TRUE,1,2,train,train,C:/Users/admin/Desktop/Top2/data/dataset_update_Lung/0617-559117+2Ac+MOS_53317.npz,1.034,1.076
0617-559117,imrt,FALSE,1,2,train,train,C:/Users/admin/Desktop/Top2/data/dataset_update_Lung/0617-559117+imrt+MOS_53317.npz,1.035,1.063
0617-559978,2Ac,TRUE,1,2,train,train,C:/Users/admin/Desktop/Top2/data/dataset_update_Lung/0617-559978+2Ac+MOS_16837.npz,1.036,1.078
0617-559978,imrt,FALSE,1,2,train,train,C:/Users/admin/Desktop/Top2/data/dataset_update_Lung/0617-559978+imrt+MOS_16837.npz,1.033,1.062
0617-560306,2Ac,TRUE,1,2,train,train,C:/Users/admin/Desktop/Top2/data/dataset_update_Lung/0617-560306+2Ac+MOS_0142.npz,1.032,1.052
0617-560306,imrt,FALSE,1,2,train,train,C:/Users/admin/Desktop/Top2/data/dataset_update_Lung/0617-560306+imrt+MOS_0142.npz,1.03,1.051
0617-561169,2Ac,TRUE,1,2,train,train,C:/Users/admin/Desktop/Top2/data/dataset_update_Lung/0617-561169+2Ac+MOS_35680.npz,1.033,1.064
0617-561169,imrt,FALSE,1,2,train,train,C:/Users/admin/Desktop/Top2/data/dataset_update_Lung/0617-561169+imrt+MOS_35680.npz,1.032,1.051
0617-561293,2Ac,TRUE,1,2,train,train,C:/Users/admin/Desktop/Top2/data/dataset_update_Lung/0617-561293+2Ac+MOS_38907.npz,1.03,1.051
0617-561293,imrt,FALSE,1,2,train,train,C:/Users/admin/Desktop/Top2/data/dataset_update_Lung/0617-561293+imrt+MOS_38907.npz,1.03,1.052
0617-562197,imrt,FALSE,1,2,train,train,C:/Users/admin/Desktop/Top2/data/dataset_update_Lung/0617-562197+imrt+MOS_19439.npz,1.033,1.072
0617-562569,2Ac,TRUE,1,2,train,train,C:/Users/admin/Desktop/Top2/data/dataset_update_Lung/0617-562569+2Ac+MOS_2398.npz,1.024,1.037
0617-562569,imrt,FALSE,1,2,train,train,C:/Users/admin/Desktop/Top2/data/dataset_update_Lung/0617-562569+imrt+MOS_2398.npz,1.023,1.038
0617-563061,2Ac,TRUE,1,2,train,train,C:/Users/admin/Desktop/Top2/data/dataset_update_Lung/0617-563061+2Ac+MOS_53312.npz,1.037,1.075
0617-563061,imrt,FALSE,1,2,train,train,C:/Users/admin/Desktop/Top2/data/dataset_update_Lung/0617-563061+imrt+MOS_53312.npz,1.031,1.053
0617-563355,2Ac,TRUE,1,2,train,train,C:/Users/admin/Desktop/Top2/data/dataset_update_Lung/0617-563355+2Ac+MOS_45754.npz,1.034,1.067
0617-563355,imrt,FALSE,1,2,train,train,C:/Users/admin/Desktop/Top2/data/dataset_update_Lung/0617-563355+imrt+MOS_45754.npz,1.032,1.057
0617-565803,2Ac,TRUE,1,2,train,train,C:/Users/admin/Desktop/Top2/data/dataset_update_Lung/0617-565803+2Ac+MOS_45161.npz,1.031,1.057
0617-565803,imrt,FALSE,1,2,train,train,C:/Users/admin/Desktop/Top2/data/dataset_update_Lung/0617-565803+imrt+MOS_45161.npz,1.031,1.048
0617-567918,2Ac,TRUE,1,2,train,train,C:/Users/admin/Desktop/Top2/data/dataset_update_Lung/0617-567918+2Ac+MOS_27758.npz,1.026,1.051
0617-567918,imrt,FALSE,1,2,train,train,C:/Users/admin/Desktop/Top2/data/dataset_update_Lung/0617-567918+imrt+MOS_27758.npz,1.029,1.041
0617-568379,2Ac,TRUE,1,2,train,train,C:/Users/admin/Desktop/Top2/data/dataset_update_Lung/0617-568379+2Ac+MOS_4276.npz,1.029,1.055
0617-568379,imrt,FALSE,1,2,train,train,C:/Users/admin/Desktop/Top2/data/dataset_update_Lung/0617-568379+imrt+MOS_4276.npz,1.028,1.047
0617-568854,2Ac,TRUE,1,2,train,train,C:/Users/admin/Desktop/Top2/data/dataset_update_Lung/0617-568854+2Ac+MOS_24866.npz,1.04,1.06
0617-568854,imrt,FALSE,1,2,train,train,C:/Users/admin/Desktop/Top2/data/dataset_update_Lung/0617-568854+imrt+MOS_24866.npz,1.034,1.056
0617-569164,2Ac,TRUE,1,2,train,train,C:/Users/admin/Desktop/Top2/data/dataset_update_Lung/0617-569164+2Ac+MOS_24869.npz,1.033,1.057
0617-569164,imrt,FALSE,1,2,train,train,C:/Users/admin/Desktop/Top2/data/dataset_update_Lung/0617-569164+imrt+MOS_24869.npz,1.031,1.06
0617-569547,2Ac,TRUE,1,2,train,train,C:/Users/admin/Desktop/Top2/data/dataset_update_Lung/0617-569547+2Ac+MOS_127.npz,1.034,1.079
0617-569547,imrt,FALSE,1,2,train,train,C:/Users/admin/Desktop/Top2/data/dataset_update_Lung/0617-569547+imrt+MOS_127.npz,1.035,1.049
0617-569671,2Ac,TRUE,1,2,train,train,C:/Users/admin/Desktop/Top2/data/dataset_update_Lung/0617-569671+2Ac+MOS_57982.npz,1.047,1.077
0617-569671,imrt,FALSE,1,2,train,train,C:/Users/admin/Desktop/Top2/data/dataset_update_Lung/0617-569671+imrt+MOS_57982.npz,1.035,1.073
0617-570468,2Ac,TRUE,1,2,train,train,C:/Users/admin/Desktop/Top2/data/dataset_update_Lung/0617-570468+2Ac+MOS_51154.npz,1.034,1.062
0617-570468,imrt,FALSE,1,2,train,train,C:/Users/admin/Desktop/Top2/data/dataset_update_Lung/0617-570468+imrt+MOS_51154.npz,1.034,1.057
0617-572418,2Ac,TRUE,1,2,train,train,C:/Users/admin/Desktop/Top2/data/dataset_update_Lung/0617-572418+2Ac+MOS_7836.npz,1.035,1.061
0617-572418,imrt,FALSE,1,2,train,train,C:/Users/admin/Desktop/Top2/data/dataset_update_Lung/0617-572418+imrt+MOS_7836.npz,1.032,1.064
0617-572847,2Ac,TRUE,1,2,train,train,C:/Users/admin/Desktop/Top2/data/dataset_update_Lung/0617-572847+2Ac+MOS_30744.npz,1.027,1.056
0617-572847,imrt,FALSE,1,2,train,train,C:/Users/admin/Desktop/Top2/data/dataset_update_Lung/0617-572847+imrt+MOS_30744.npz,1.027,1.055
0617-573244,imrt,FALSE,1,2,train,train,C:/Users/admin/Desktop/Top2/data/dataset_update_Lung/0617-573244+imrt+MOS_20954.npz,1.037,1.062
0617-573978,2Ac,TRUE,1,2,train,train,C:/Users/admin/Desktop/Top2/data/dataset_update_Lung/0617-573978+2Ac+MOS_26551.npz,1.044,1.07
0617-573978,imrt,FALSE,1,2,train,train,C:/Users/admin/Desktop/Top2/data/dataset_update_Lung/0617-573978+imrt+MOS_26551.npz,1.037,1.09
0617-574128,2Ac,TRUE,1,2,train,train,C:/Users/admin/Desktop/Top2/data/dataset_update_Lung/0617-574128+2Ac+MOS_438.npz,1.037,1.067
0617-574128,imrt,FALSE,1,2,train,train,C:/Users/admin/Desktop/Top2/data/dataset_update_Lung/0617-574128+imrt+MOS_438.npz,1.036,1.06
0617-575441,2Ac,TRUE,1,2,train,train,C:/Users/admin/Desktop/Top2/data/dataset_update_Lung/0617-575441+2Ac+MOS_32768.npz,1.035,1.062
0617-575441,imrt,FALSE,1,2,train,train,C:/Users/admin/Desktop/Top2/data/dataset_update_Lung/0617-575441+imrt+MOS_32768.npz,1.033,1.067
0617-576833,2Ac,TRUE,1,2,train,train,C:/Users/admin/Desktop/Top2/data/dataset_update_Lung/0617-576833+2Ac+MOS_13756.npz,1.033,1.067
0617-576833,imrt,FALSE,1,2,train,train,C:/Users/admin/Desktop/Top2/data/dataset_update_Lung/0617-576833+imrt+MOS_13756.npz,1.03,1.058
0617-577084,2Ac,TRUE,1,2,train,train,C:/Users/admin/Desktop/Top2/data/dataset_update_Lung/0617-577084+2Ac+MOS_0912.npz,1.03,1.054
0617-577084,imrt,FALSE,1,2,train,train,C:/Users/admin/Desktop/Top2/data/dataset_update_Lung/0617-577084+imrt+MOS_0912.npz,1.027,1.05
0617-578008,2Ac,TRUE,1,2,train,train,C:/Users/admin/Desktop/Top2/data/dataset_update_Lung/0617-578008+2Ac+MOS_25985.npz,1.043,1.062
0617-578008,imrt,FALSE,1,2,train,train,C:/Users/admin/Desktop/Top2/data/dataset_update_Lung/0617-578008+imrt+MOS_25985.npz,1.036,1.055
0617-578498,2Ac,TRUE,1,2,train,train,C:/Users/admin/Desktop/Top2/data/dataset_update_Lung/0617-578498+2Ac+MOS_47754.npz,1.028,1.047
0617-578498,imrt,FALSE,1,2,train,train,C:/Users/admin/Desktop/Top2/data/dataset_update_Lung/0617-578498+imrt+MOS_47754.npz,1.03,1.054
0617-579384,2Ac,TRUE,1,2,train,train,C:/Users/admin/Desktop/Top2/data/dataset_update_Lung/0617-579384+2Ac+MOS_13529.npz,1.029,1.053
0617-579384,imrt,FALSE,1,2,train,train,C:/Users/admin/Desktop/Top2/data/dataset_update_Lung/0617-579384+imrt+MOS_13529.npz,1.025,1.042
0617-579583,2Ac,TRUE,1,2,train,train,C:/Users/admin/Desktop/Top2/data/dataset_update_Lung/0617-579583+2Ac+MOS_45241.npz,1.031,1.052
0617-579583,imrt,FALSE,1,2,train,train,C:/Users/admin/Desktop/Top2/data/dataset_update_Lung/0617-579583+imrt+MOS_45241.npz,1.03,1.049
0617-579641,2Ac,TRUE,1,2,train,train,C:/Users/admin/Desktop/Top2/data/dataset_update_Lung/0617-579641+2Ac+MOS_41208.npz,1.029,1.051
0617-579641,imrt,FALSE,1,2,train,train,C:/Users/admin/Desktop/Top2/data/dataset_update_Lung/0617-579641+imrt+MOS_41208.npz,1.026,1.046
0617-579883,2Ac,TRUE,1,2,train,train,C:/Users/admin/Desktop/Top2/data/dataset_update_Lung/0617-579883+2Ac+MOS_24941.npz,1.04,1.072
0617-579883,imrt,FALSE,1,2,train,train,C:/Users/admin/Desktop/Top2/data/dataset_update_Lung/0617-579883+imrt+MOS_24941.npz,1.037,1.069
0617-579944,2Ac,TRUE,1,2,train,train,C:/Users/admin/Desktop/Top2/data/dataset_update_Lung/0617-579944+2Ac+MOS_46408.npz,1.044,1.086
0617-580557,2Ac,TRUE,1,2,train,train,C:/Users/admin/Desktop/Top2/data/dataset_update_Lung/0617-580557+2Ac+MOS_51263.npz,1.031,1.067
0617-580557,imrt,FALSE,1,2,train,train,C:/Users/admin/Desktop/Top2/data/dataset_update_Lung/0617-580557+imrt+MOS_51263.npz,1.029,1.049
0617-580704,2Ac,TRUE,1,2,train,train,C:/Users/admin/Desktop/Top2/data/dataset_update_Lung/0617-580704+2Ac+MOS_25345.npz,1.042,1.066
0617-580704,imrt,FALSE,1,2,train,train,C:/Users/admin/Desktop/Top2/data/dataset_update_Lung/0617-580704+imrt+MOS_25345.npz,1.033,1.059
0617-581896,2Ac,TRUE,1,2,train,train,C:/Users/admin/Desktop/Top2/data/dataset_update_Lung/0617-581896+2Ac+MOS_40885.npz,1.035,1.064
0617-581896,imrt,FALSE,1,2,train,train,C:/Users/admin/Desktop/Top2/data/dataset_update_Lung/0617-581896+imrt+MOS_40885.npz,1.03,1.053
0617-582528,2Ac,TRUE,1,2,train,train,C:/Users/admin/Desktop/Top2/data/dataset_update_Lung/0617-582528+2Ac+MOS_10988.npz,1.034,1.059
0617-582528,imrt,FALSE,1,2,train,train,C:/Users/admin/Desktop/Top2/data/dataset_update_Lung/0617-582528+imrt+MOS_10988.npz,1.03,1.059
0617-583960,2Ac,TRUE,1,2,train,train,C:/Users/admin/Desktop/Top2/data/dataset_update_Lung/0617-583960+2Ac+MOS_42454.npz,1.038,1.069
0617-583960,imrt,FALSE,1,2,train,train,C:/Users/admin/Desktop/Top2/data/dataset_update_Lung/0617-583960+imrt+MOS_42454.npz,1.03,1.06
0617-584202,2Ac,TRUE,1,2,train,train,C:/Users/admin/Desktop/Top2/data/dataset_update_Lung/0617-584202+2Ac+MOS_2856.npz,1.035,1.062
0617-584202,imrt,FALSE,1,2,train,train,C:/Users/admin/Desktop/Top2/data/dataset_update_Lung/0617-584202+imrt+MOS_2856.npz,1.034,1.071
0617-585616,2Ac,TRUE,1,2,train,train,C:/Users/admin/Desktop/Top2/data/dataset_update_Lung/0617-585616+2Ac+MOS_46929.npz,1.035,1.059
0617-585616,imrt,FALSE,1,2,train,train,C:/Users/admin/Desktop/Top2/data/dataset_update_Lung/0617-585616+imrt+MOS_46929.npz,1.029,1.058
0617-585645,2Ac,TRUE,1,2,train,train,C:/Users/admin/Desktop/Top2/data/dataset_update_Lung/0617-585645+2Ac+MOS_16390.npz,1.037,1.061
0617-585645,imrt,FALSE,1,2,train,train,C:/Users/admin/Desktop/Top2/data/dataset_update_Lung/0617-585645+imrt+MOS_16390.npz,1.036,1.059
0617-586274,2Ac,TRUE,1,2,train,train,C:/Users/admin/Desktop/Top2/data/dataset_update_Lung/0617-586274+2Ac+MOS_131.npz,1.031,1.054
0617-586274,imrt,FALSE,1,2,train,train,C:/Users/admin/Desktop/Top2/data/dataset_update_Lung/0617-586274+imrt+MOS_131.npz,1.029,1.048
0617-588883,2Ac,TRUE,1,2,train,train,C:/Users/admin/Desktop/Top2/data/dataset_update_Lung/0617-588883+2Ac+MOS_3857.npz,1.032,1.058
0617-588883,imrt,FALSE,1,2,train,train,C:/Users/admin/Desktop/Top2/data/dataset_update_Lung/0617-588883+imrt+MOS_3857.npz,1.031,1.064
0617-589358,2Ac,TRUE,1,2,train,train,C:/Users/admin/Desktop/Top2/data/dataset_update_Lung/0617-589358+2Ac+MOS_15806.npz,1.033,1.059
0617-589358,imrt,FALSE,1,2,train,train,C:/Users/admin/Desktop/Top2/data/dataset_update_Lung/0617-589358+imrt+MOS_15806.npz,1.031,1.054
0617-589570,2Ac,TRUE,1,2,train,train,C:/Users/admin/Desktop/Top2/data/dataset_update_Lung/0617-589570+2Ac+MOS_4139.npz,1.035,1.06
0617-589570,imrt,FALSE,1,2,train,train,C:/Users/admin/Desktop/Top2/data/dataset_update_Lung/0617-589570+imrt+MOS_4139.npz,1.034,1.058
0617-590683,2Ac,TRUE,1,2,train,train,C:/Users/admin/Desktop/Top2/data/dataset_update_Lung/0617-590683+2Ac+MOS_32552.npz,1.037,1.069
0617-590683,imrt,FALSE,1,2,train,train,C:/Users/admin/Desktop/Top2/data/dataset_update_Lung/0617-590683+imrt+MOS_32552.npz,1.034,1.075
0617-590721,2Ac,TRUE,1,2,train,train,C:/Users/admin/Desktop/Top2/data/dataset_update_Lung/0617-590721+2Ac+MOS_42469.npz,1.024,1.038
0617-590721,imrt,FALSE,1,2,train,train,C:/Users/admin/Desktop/Top2/data/dataset_update_Lung/0617-590721+imrt+MOS_42469.npz,1.023,1.043
0617-590991,2Ac,TRUE,1,2,train,train,C:/Users/admin/Desktop/Top2/data/dataset_update_Lung/0617-590991+2Ac+MOS_32719.npz,1.043,1.081
0617-590991,imrt,FALSE,1,2,train,train,C:/Users/admin/Desktop/Top2/data/dataset_update_Lung/0617-590991+imrt+MOS_32719.npz,1.035,1.069
0617-592873,2Ac,TRUE,1,2,train,train,C:/Users/admin/Desktop/Top2/data/dataset_update_Lung/0617-592873+2Ac+MOS_3670.npz,1.041,1.072
0617-592873,imrt,FALSE,1,2,train,train,C:/Users/admin/Desktop/Top2/data/dataset_update_Lung/0617-592873+imrt+MOS_3670.npz,1.035,1.077
0617-592941,2Ac,TRUE,1,2,train,train,C:/Users/admin/Desktop/Top2/data/dataset_update_Lung/0617-592941+2Ac+MOS_3651.npz,1.035,1.061
0617-592941,imrt,FALSE,1,2,train,train,C:/Users/admin/Desktop/Top2/data/dataset_update_Lung/0617-592941+imrt+MOS_3651.npz,1.027,1.055
0617-596122,2Ac,TRUE,1,2,train,train,C:/Users/admin/Desktop/Top2/data/dataset_update_Lung/0617-596122+2Ac+MOS_59757.npz,1.047,1.097
0617-596122,imrt,FALSE,1,2,train,train,C:/Users/admin/Desktop/Top2/data/dataset_update_Lung/0617-596122+imrt+MOS_59757.npz,1.043,1.082
0617-597098,2Ac,TRUE,1,2,train,train,C:/Users/admin/Desktop/Top2/data/dataset_update_Lung/0617-597098+2Ac+MOS_39437.npz,1.034,1.063
0617-597098,imrt,FALSE,1,2,train,train,C:/Users/admin/Desktop/Top2/data/dataset_update_Lung/0617-597098+imrt+MOS_39437.npz,1.032,1.064
0617-598476,2Ac,TRUE,1,2,train,train,C:/Users/admin/Desktop/Top2/data/dataset_update_Lung/0617-598476+2Ac+MOS_14605.npz,1.051,1.086
0617-598476,imrt,FALSE,1,2,train,train,C:/Users/admin/Desktop/Top2/data/dataset_update_Lung/0617-598476+imrt+MOS_14605.npz,1.041,1.064
0617-600266,2Ac,TRUE,1,2,train,train,C:/Users/admin/Desktop/Top2/data/dataset_update_Lung/0617-600266+2Ac+MOS_37960.npz,1.029,1.048
0617-600266,imrt,FALSE,1,2,train,train,C:/Users/admin/Desktop/Top2/data/dataset_update_Lung/0617-600266+imrt+MOS_37960.npz,1.029,1.053
0617-600906,2Ac,TRUE,1,2,train,train,C:/Users/admin/Desktop/Top2/data/dataset_update_Lung/0617-600906+2Ac+MOS_49650.npz,1.036,1.091
0617-600906,imrt,FALSE,1,2,train,train,C:/Users/admin/Desktop/Top2/data/dataset_update_Lung/0617-600906+imrt+MOS_49650.npz,1.032,1.054
0617-601630,2Ac,TRUE,1,2,train,train,C:/Users/admin/Desktop/Top2/data/dataset_update_Lung/0617-601630+2Ac+MOS_260.npz,1.035,1.062
0617-601630,imrt,FALSE,1,2,train,train,C:/Users/admin/Desktop/Top2/data/dataset_update_Lung/0617-601630+imrt+MOS_260.npz,1.034,1.06
0617-601841,imrt,FALSE,1,2,train,train,C:/Users/admin/Desktop/Top2/data/dataset_update_Lung/0617-601841+imrt+MOS_45182.npz,1.036,1.085
0617-602544,2Ac,TRUE,1,2,train,train,C:/Users/admin/Desktop/Top2/data/dataset_update_Lung/0617-602544+2Ac+MOS_48593.npz,1.036,1.069
0617-602544,imrt,FALSE,1,2,train,train,C:/Users/admin/Desktop/Top2/data/dataset_update_Lung/0617-602544+imrt+MOS_48593.npz,1.037,1.075
0617-603086,2Ac,TRUE,1,2,train,train,C:/Users/admin/Desktop/Top2/data/dataset_update_Lung/0617-603086+2Ac+MOS_1811.npz,1.032,1.049
0617-603086,imrt,FALSE,1,2,train,train,C:/Users/admin/Desktop/Top2/data/dataset_update_Lung/0617-603086+imrt+MOS_1811.npz,1.03,1.054
0617-604992,2Ac,TRUE,1,2,train,train,C:/Users/admin/Desktop/Top2/data/dataset_update_Lung/0617-604992+2Ac+MOS_3548.npz,1.031,1.071
0617-604992,imrt,FALSE,1,2,train,train,C:/Users/admin/Desktop/Top2/data/dataset_update_Lung/0617-604992+imrt+MOS_3548.npz,1.03,1.057
0617-605043,2Ac,TRUE,1,2,train,train,C:/Users/admin/Desktop/Top2/data/dataset_update_Lung/0617-605043+2Ac+MOS_3772.npz,1.04,1.067
0617-605043,imrt,FALSE,1,2,train,train,C:/Users/admin/Desktop/Top2/data/dataset_update_Lung/0617-605043+imrt+MOS_3772.npz,1.032,1.069
0617-605206,2Ac,TRUE,1,2,train,train,C:/Users/admin/Desktop/Top2/data/dataset_update_Lung/0617-605206+2Ac+MOS_1181.npz,1.036,1.058
0617-605206,imrt,FALSE,1,2,train,train,C:/Users/admin/Desktop/Top2/data/dataset_update_Lung/0617-605206+imrt+MOS_1181.npz,1.03,1.056
0617-605230,2Ac,TRUE,1,2,train,train,C:/Users/admin/Desktop/Top2/data/dataset_update_Lung/0617-605230+2Ac+MOS_39286.npz,1.03,1.053
0617-605230,imrt,FALSE,1,2,train,train,C:/Users/admin/Desktop/Top2/data/dataset_update_Lung/0617-605230+imrt+MOS_39286.npz,1.03,1.047
0617-606839,2Ac,TRUE,1,2,train,train,C:/Users/admin/Desktop/Top2/data/dataset_update_Lung/0617-606839+2Ac+MOS_45526.npz,1.033,1.054
0617-606839,imrt,FALSE,1,2,train,train,C:/Users/admin/Desktop/Top2/data/dataset_update_Lung/0617-606839+imrt+MOS_45526.npz,1.027,1.044
0617-607275,2Ac,TRUE,1,2,train,train,C:/Users/admin/Desktop/Top2/data/dataset_update_Lung/0617-607275+2Ac+MOS_48626.npz,1.03,1.061
0617-607275,imrt,FALSE,1,2,train,train,C:/Users/admin/Desktop/Top2/data/dataset_update_Lung/0617-607275+imrt+MOS_48626.npz,1.027,1.055
0617-607753,imrt,FALSE,1,2,train,train,C:/Users/admin/Desktop/Top2/data/dataset_update_Lung/0617-607753+imrt+MOS_25320.npz,1.047,1.097
0617-608184,2Ac,TRUE,1,2,train,train,C:/Users/admin/Desktop/Top2/data/dataset_update_Lung/0617-608184+2Ac+MOS_0601.npz,1.037,1.057
0617-608184,imrt,FALSE,1,2,train,train,C:/Users/admin/Desktop/Top2/data/dataset_update_Lung/0617-608184+imrt+MOS_0601.npz,1.031,1.049
0617-610451,2Ac,TRUE,1,2,train,train,C:/Users/admin/Desktop/Top2/data/dataset_update_Lung/0617-610451+2Ac+MOS_44522.npz,1.047,1.073
0617-610451,imrt,FALSE,1,2,train,train,C:/Users/admin/Desktop/Top2/data/dataset_update_Lung/0617-610451+imrt+MOS_44522.npz,1.038,1.058
0617-611871,2Ac,TRUE,1,2,train,train,C:/Users/admin/Desktop/Top2/data/dataset_update_Lung/0617-611871+2Ac+MOS_43848.npz,1.032,1.058
0617-611871,imrt,FALSE,1,2,train,train,C:/Users/admin/Desktop/Top2/data/dataset_update_Lung/0617-611871+imrt+MOS_43848.npz,1.031,1.05
0617-612226,2Ac,TRUE,1,2,train,train,C:/Users/admin/Desktop/Top2/data/dataset_update_Lung/0617-612226+2Ac+MOS_7497.npz,1.032,1.068
0617-612700,2Ac,TRUE,1,2,train,train,C:/Users/admin/Desktop/Top2/data/dataset_update_Lung/0617-612700+2Ac+MOS_43240.npz,1.03,1.052
0617-612700,imrt,FALSE,1,2,train,train,C:/Users/admin/Desktop/Top2/data/dataset_update_Lung/0617-612700+imrt+MOS_43240.npz,1.028,1.056
0617-614287,2Ac,TRUE,1,2,train,train,C:/Users/admin/Desktop/Top2/data/dataset_update_Lung/0617-614287+2Ac+MOS_49105.npz,1.036,1.078
0617-614287,imrt,FALSE,1,2,train,train,C:/Users/admin/Desktop/Top2/data/dataset_update_Lung/0617-614287+imrt+MOS_49105.npz,1.033,1.06
0617-617572,2Ac,TRUE,1,2,train,train,C:/Users/admin/Desktop/Top2/data/dataset_update_Lung/0617-617572+2Ac+MOS_28942.npz,1.03,1.052
0617-617572,imrt,FALSE,1,2,train,train,C:/Users/admin/Desktop/Top2/data/dataset_update_Lung/0617-617572+imrt+MOS_28942.npz,1.027,1.046
0617-618237,2Ac,TRUE,1,2,train,train,C:/Users/admin/Desktop/Top2/data/dataset_update_Lung/0617-618237+2Ac+MOS_10322.npz,1.031,1.051
0617-618237,imrt,FALSE,1,2,train,train,C:/Users/admin/Desktop/Top2/data/dataset_update_Lung/0617-618237+imrt+MOS_10322.npz,1.028,1.048
0617-619079,2Ac,TRUE,1,2,train,train,C:/Users/admin/Desktop/Top2/data/dataset_update_Lung/0617-619079+2Ac+MOS_34981.npz,1.033,1.056
0617-619556,2Ac,TRUE,1,2,train,train,C:/Users/admin/Desktop/Top2/data/dataset_update_Lung/0617-619556+2Ac+MOS_51340.npz,1.034,1.077
0617-619556,imrt,FALSE,1,2,train,train,C:/Users/admin/Desktop/Top2/data/dataset_update_Lung/0617-619556+imrt+MOS_51340.npz,1.032,1.058
0617-619856,2Ac,TRUE,1,2,train,train,C:/Users/admin/Desktop/Top2/data/dataset_update_Lung/0617-619856+2Ac+MOS_53599.npz,1.035,1.064
0617-619856,imrt,FALSE,1,2,train,train,C:/Users/admin/Desktop/Top2/data/dataset_update_Lung/0617-619856+imrt+MOS_53599.npz,1.032,1.057
0617-619906,2Ac,TRUE,1,2,train,train,C:/Users/admin/Desktop/Top2/data/dataset_update_Lung/0617-619906+2Ac+MOS_28509.npz,1.034,1.057
0617-619906,imrt,FALSE,1,2,train,train,C:/Users/admin/Desktop/Top2/data/dataset_update_Lung/0617-619906+imrt+MOS_28509.npz,1.034,1.077
0617-620533,2Ac,TRUE,1,2,train,train,C:/Users/admin/Desktop/Top2/data/dataset_update_Lung/0617-620533+2Ac+MOS_32506.npz,1.026,1.048
0617-620533,imrt,FALSE,1,2,train,train,C:/Users/admin/Desktop/Top2/data/dataset_update_Lung/0617-620533+imrt+MOS_32506.npz,1.028,1.046
0617-621065,2Ac,TRUE,1,2,train,train,C:/Users/admin/Desktop/Top2/data/dataset_update_Lung/0617-621065+2Ac+MOS_6648.npz,1.032,1.058
0617-621065,imrt,FALSE,1,2,train,train,C:/Users/admin/Desktop/Top2/data/dataset_update_Lung/0617-621065+imrt+MOS_6648.npz,1.027,1.05
0617-621281,2Ac,TRUE,1,2,train,train,C:/Users/admin/Desktop/Top2/data/dataset_update_Lung/0617-621281+2Ac+MOS_44312.npz,1.036,1.064
0617-621281,imrt,FALSE,1,2,train,train,C:/Users/admin/Desktop/Top2/data/dataset_update_Lung/0617-621281+imrt+MOS_44312.npz,1.033,1.054
0617-622033,2Ac,TRUE,1,2,train,train,C:/Users/admin/Desktop/Top2/data/dataset_update_Lung/0617-622033+2Ac+MOS_51350.npz,1.039,1.067
0617-622033,imrt,FALSE,1,2,train,train,C:/Users/admin/Desktop/Top2/data/dataset_update_Lung/0617-622033+imrt+MOS_51350.npz,1.034,1.059
0617-624115,2Ac,TRUE,1,2,train,train,C:/Users/admin/Desktop/Top2/data/dataset_update_Lung/0617-624115+2Ac+MOS_50763.npz,1.036,1.072
0617-624115,imrt,FALSE,1,2,train,train,C:/Users/admin/Desktop/Top2/data/dataset_update_Lung/0617-624115+imrt+MOS_50763.npz,1.035,1.084
0617-624591,2Ac,TRUE,1,2,train,train,C:/Users/admin/Desktop/Top2/data/dataset_update_Lung/0617-624591+2Ac+MOS_50435.npz,1.032,1.057
0617-624591,imrt,FALSE,1,2,train,train,C:/Users/admin/Desktop/Top2/data/dataset_update_Lung/0617-624591+imrt+MOS_50435.npz,1.027,1.046
0617-624760,2Ac,TRUE,1,2,train,train,C:/Users/admin/Desktop/Top2/data/dataset_update_Lung/0617-624760+2Ac+MOS_55573.npz,1.034,1.078
0617-624760,imrt,FALSE,1,2,train,train,C:/Users/admin/Desktop/Top2/data/dataset_update_Lung/0617-624760+imrt+MOS_55573.npz,1.038,1.075
0617-624831,2Ac,TRUE,1,2,train,train,C:/Users/admin/Desktop/Top2/data/dataset_update_Lung/0617-624831+2Ac+MOS_43.npz,1.035,1.064
0617-624831,imrt,FALSE,1,2,train,train,C:/Users/admin/Desktop/Top2/data/dataset_update_Lung/0617-624831+imrt+MOS_43.npz,1.03,1.057
0617-626381,2Ac,TRUE,1,2,train,train,C:/Users/admin/Desktop/Top2/data/dataset_update_Lung/0617-626381+2Ac+MOS_26130.npz,1.031,1.061
0617-626381,imrt,FALSE,1,2,train,train,C:/Users/admin/Desktop/Top2/data/dataset_update_Lung/0617-626381+imrt+MOS_26130.npz,1.041,1.071
0617-627266,2Ac,TRUE,1,2,train,train,C:/Users/admin/Desktop/Top2/data/dataset_update_Lung/0617-627266+2Ac+MOS_4130.npz,1.028,1.051
0617-627266,imrt,FALSE,1,2,train,train,C:/Users/admin/Desktop/Top2/data/dataset_update_Lung/0617-627266+imrt+MOS_4130.npz,1.028,1.044
0617-629555,2Ac,TRUE,1,2,train,train,C:/Users/admin/Desktop/Top2/data/dataset_update_Lung/0617-629555+2Ac+MOS_51269.npz,1.048,1.071
0617-629555,imrt,FALSE,1,2,train,train,C:/Users/admin/Desktop/Top2/data/dataset_update_Lung/0617-629555+imrt+MOS_51269.npz,1.041,1.059
0617-629569,2Ac,TRUE,1,2,train,train,C:/Users/admin/Desktop/Top2/data/dataset_update_Lung/0617-629569+2Ac+MOS_14507.npz,1.037,1.06
0617-629569,imrt,FALSE,1,2,train,train,C:/Users/admin/Desktop/Top2/data/dataset_update_Lung/0617-629569+imrt+MOS_14507.npz,1.033,1.06
0617-629653,2Ac,TRUE,1,2,train,train,C:/Users/admin/Desktop/Top2/data/dataset_update_Lung/0617-629653+2Ac+MOS_54804.npz,1.036,1.063
0617-629653,imrt,FALSE,1,2,train,train,C:/Users/admin/Desktop/Top2/data/dataset_update_Lung/0617-629653+imrt+MOS_54804.npz,1.034,1.065
0617-630212,2Ac,TRUE,1,2,train,train,C:/Users/admin/Desktop/Top2/data/dataset_update_Lung/0617-630212+2Ac+MOS_53693.npz,1.031,1.054
0617-630212,imrt,FALSE,1,2,train,train,C:/Users/admin/Desktop/Top2/data/dataset_update_Lung/0617-630212+imrt+MOS_53693.npz,1.03,1.061
0617-630270,2Ac,TRUE,1,2,train,train,C:/Users/admin/Desktop/Top2/data/dataset_update_Lung/0617-630270+2Ac+MOS_39146.npz,1.031,1.068
0617-630270,imrt,FALSE,1,2,train,train,C:/Users/admin/Desktop/Top2/data/dataset_update_Lung/0617-630270+imrt+MOS_39146.npz,1.03,1.068
0617-632116,2Ac,TRUE,1,2,train,train,C:/Users/admin/Desktop/Top2/data/dataset_update_Lung/0617-632116+2Ac+MOS_34782.npz,1.034,1.057
0617-632116,imrt,FALSE,1,2,train,train,C:/Users/admin/Desktop/Top2/data/dataset_update_Lung/0617-632116+imrt+MOS_34782.npz,1.037,1.059
0617-633194,2Ac,TRUE,1,2,train,train,C:/Users/admin/Desktop/Top2/data/dataset_update_Lung/0617-633194+2Ac+MOS_13133.npz,1.031,1.048
0617-633194,imrt,FALSE,1,2,train,train,C:/Users/admin/Desktop/Top2/data/dataset_update_Lung/0617-633194+imrt+MOS_13133.npz,1.032,1.059
0617-633808,2Ac,TRUE,1,2,train,train,C:/Users/admin/Desktop/Top2/data/dataset_update_Lung/0617-633808+2Ac+MOS_17331.npz,1.035,1.058
0617-633808,imrt,FALSE,1,2,train,train,C:/Users/admin/Desktop/Top2/data/dataset_update_Lung/0617-633808+imrt+MOS_17331.npz,1.034,1.059
0617-634232,imrt,FALSE,1,2,train,train,C:/Users/admin/Desktop/Top2/data/dataset_update_Lung/0617-634232+imrt+MOS_23836.npz,1.032,1.061
0617-634370,2Ac,TRUE,1,2,train,train,C:/Users/admin/Desktop/Top2/data/dataset_update_Lung/0617-634370+2Ac+MOS_18264.npz,1.033,1.055
0617-634370,imrt,FALSE,1,2,train,train,C:/Users/admin/Desktop/Top2/data/dataset_update_Lung/0617-634370+imrt+MOS_18264.npz,1.033,1.05
0617-635346,2Ac,TRUE,1,2,train,train,C:/Users/admin/Desktop/Top2/data/dataset_update_Lung/0617-635346+2Ac+MOS_1710.npz,1.035,1.073
0617-635346,imrt,FALSE,1,2,train,train,C:/Users/admin/Desktop/Top2/data/dataset_update_Lung/0617-635346+imrt+MOS_1710.npz,1.035,1.082
0617-636358,2Ac,TRUE,1,2,train,train,C:/Users/admin/Desktop/Top2/data/dataset_update_Lung/0617-636358+2Ac+MOS_25273.npz,1.031,1.051
0617-636358,imrt,FALSE,1,2,train,train,C:/Users/admin/Desktop/Top2/data/dataset_update_Lung/0617-636358+imrt+MOS_25273.npz,1.032,1.05
0617-636693,2Ac,TRUE,1,2,train,train,C:/Users/admin/Desktop/Top2/data/dataset_update_Lung/0617-636693+2Ac+MOS_2632.npz,1.036,1.058
0617-636693,imrt,FALSE,1,2,train,train,C:/Users/admin/Desktop/Top2/data/dataset_update_Lung/0617-636693+imrt+MOS_2632.npz,1.033,1.054
0617-637392,2Ac,TRUE,1,2,train,train,C:/Users/admin/Desktop/Top2/data/dataset_update_Lung/0617-637392+2Ac+MOS_23226.npz,1.035,1.071
0617-637392,imrt,FALSE,1,2,train,train,C:/Users/admin/Desktop/Top2/data/dataset_update_Lung/0617-637392+imrt+MOS_23226.npz,1.029,1.053
0617-637899,2Ac,TRUE,1,2,train,train,C:/Users/admin/Desktop/Top2/data/dataset_update_Lung/0617-637899+2Ac+MOS_21223.npz,1.029,1.044
0617-637899,imrt,FALSE,1,2,train,train,C:/Users/admin/Desktop/Top2/data/dataset_update_Lung/0617-637899+imrt+MOS_21223.npz,1.035,1.053
0617-638735,2Ac,TRUE,1,2,train,train,C:/Users/admin/Desktop/Top2/data/dataset_update_Lung/0617-638735+2Ac+MOS_15916.npz,1.03,1.053
0617-638735,imrt,FALSE,1,2,train,train,C:/Users/admin/Desktop/Top2/data/dataset_update_Lung/0617-638735+imrt+MOS_15916.npz,1.031,1.048
0617-639047,2Ac,TRUE,1,2,train,train,C:/Users/admin/Desktop/Top2/data/dataset_update_Lung/0617-639047+2Ac+MOS_50245.npz,1.036,1.07
0617-639736,2Ac,TRUE,1,2,train,train,C:/Users/admin/Desktop/Top2/data/dataset_update_Lung/0617-639736+2Ac+MOS_34738.npz,1.037,1.066
0617-639736,imrt,FALSE,1,2,train,train,C:/Users/admin/Desktop/Top2/data/dataset_update_Lung/0617-639736+imrt+MOS_34738.npz,1.032,1.065
0617-639972,2Ac,TRUE,1,2,train,train,C:/Users/admin/Desktop/Top2/data/dataset_update_Lung/0617-639972+2Ac+MOS_3910.npz,1.027,1.046
0617-639972,imrt,FALSE,1,2,train,train,C:/Users/admin/Desktop/Top2/data/dataset_update_Lung/0617-639972+imrt+MOS_3910.npz,1.03,1.057
0617-640194,2Ac,TRUE,1,2,train,train,C:/Users/admin/Desktop/Top2/data/dataset_update_Lung/0617-640194+2Ac+MOS_35877.npz,1.033,1.062
0617-640194,imrt,FALSE,1,2,train,train,C:/Users/admin/Desktop/Top2/data/dataset_update_Lung/0617-640194+imrt+MOS_35877.npz,1.033,1.054
0617-640630,2Ac,TRUE,1,2,train,train,C:/Users/admin/Desktop/Top2/data/dataset_update_Lung/0617-640630+2Ac+MOS_45969.npz,1.038,1.054
0617-640630,imrt,FALSE,1,2,train,train,C:/Users/admin/Desktop/Top2/data/dataset_update_Lung/0617-640630+imrt+MOS_45969.npz,1.039,1.054
0617-641645,2Ac,TRUE,1,2,train,train,C:/Users/admin/Desktop/Top2/data/dataset_update_Lung/0617-641645+2Ac+MOS_2337.npz,1.04,1.082
0617-641645,imrt,FALSE,1,2,train,train,C:/Users/admin/Desktop/Top2/data/dataset_update_Lung/0617-641645+imrt+MOS_2337.npz,1.036,1.079
0617-643143,2Ac,TRUE,1,2,train,train,C:/Users/admin/Desktop/Top2/data/dataset_update_Lung/0617-643143+2Ac+MOS_46132.npz,1.03,1.054
0617-643143,imrt,FALSE,1,2,train,train,C:/Users/admin/Desktop/Top2/data/dataset_update_Lung/0617-643143+imrt+MOS_46132.npz,1.03,1.049
0617-644224,2Ac,TRUE,1,2,train,train,C:/Users/admin/Desktop/Top2/data/dataset_update_Lung/0617-644224+2Ac+MOS_44298.npz,1.041,1.075
0617-644224,imrt,FALSE,1,2,train,train,C:/Users/admin/Desktop/Top2/data/dataset_update_Lung/0617-644224+imrt+MOS_44298.npz,1.036,1.06
0617-644865,2Ac,TRUE,1,2,train,train,C:/Users/admin/Desktop/Top2/data/dataset_update_Lung/0617-644865+2Ac+MOS_51478.npz,1.031,1.06
0617-644865,imrt,FALSE,1,2,train,train,C:/Users/admin/Desktop/Top2/data/dataset_update_Lung/0617-644865+imrt+MOS_51478.npz,1.033,1.055
0617-645780,2Ac,TRUE,1,2,train,train,C:/Users/admin/Desktop/Top2/data/dataset_update_Lung/0617-645780+2Ac+MOS_32354.npz,1.034,1.063
0617-645780,imrt,FALSE,1,2,train,train,C:/Users/admin/Desktop/Top2/data/dataset_update_Lung/0617-645780+imrt+MOS_32354.npz,1.032,1.056
0617-647078,2Ac,TRUE,1,2,train,train,C:/Users/admin/Desktop/Top2/data/dataset_update_Lung/0617-647078+2Ac+MOS_28942.npz,1.029,1.057
0617-647078,imrt,FALSE,1,2,train,train,C:/Users/admin/Desktop/Top2/data/dataset_update_Lung/0617-647078+imrt+MOS_28942.npz,1.033,1.06
0617-647889,2Ac,TRUE,1,2,train,train,C:/Users/admin/Desktop/Top2/data/dataset_update_Lung/0617-647889+2Ac+MOS_31760.npz,1.029,1.05
0617-647889,imrt,FALSE,1,2,train,train,C:/Users/admin/Desktop/Top2/data/dataset_update_Lung/0617-647889+imrt+MOS_31760.npz,1.029,1.054
0617-649534,2Ac,TRUE,1,2,train,train,C:/Users/admin/Desktop/Top2/data/dataset_update_Lung/0617-649534+2Ac+MOS_50251.npz,1.037,1.068
0617-649534,imrt,FALSE,1,2,train,train,C:/Users/admin/Desktop/Top2/data/dataset_update_Lung/0617-649534+imrt+MOS_50251.npz,1.033,1.058
0617-653725,2Ac,TRUE,1,2,train,train,C:/Users/admin/Desktop/Top2/data/dataset_update_Lung/0617-653725+2Ac+MOS_56964.npz,1.03,1.05
0617-653725,imrt,FALSE,1,2,train,train,C:/Users/admin/Desktop/Top2/data/dataset_update_Lung/0617-653725+imrt+MOS_56964.npz,1.028,1.052
0617-654297,2Ac,TRUE,1,2,train,train,C:/Users/admin/Desktop/Top2/data/dataset_update_Lung/0617-654297+2Ac+MOS_16954.npz,1.033,1.057
0617-654297,imrt,FALSE,1,2,train,train,C:/Users/admin/Desktop/Top2/data/dataset_update_Lung/0617-654297+imrt+MOS_16954.npz,1.033,1.054
0617-654574,2Ac,TRUE,1,2,train,train,C:/Users/admin/Desktop/Top2/data/dataset_update_Lung/0617-654574+2Ac+MOS_8616.npz,1.041,1.064
0617-654574,imrt,FALSE,1,2,train,train,C:/Users/admin/Desktop/Top2/data/dataset_update_Lung/0617-654574+imrt+MOS_8616.npz,1.041,1.086
0617-655882,2Ac,TRUE,1,2,train,train,C:/Users/admin/Desktop/Top2/data/dataset_update_Lung/0617-655882+2Ac+MOS_55419.npz,1.03,1.064
0617-655882,imrt,FALSE,1,2,train,train,C:/Users/admin/Desktop/Top2/data/dataset_update_Lung/0617-655882+imrt+MOS_55419.npz,1.037,1.094
0617-656006,2Ac,TRUE,1,2,train,train,C:/Users/admin/Desktop/Top2/data/dataset_update_Lung/0617-656006+2Ac+MOS_21669.npz,1.033,1.053
0617-656006,imrt,FALSE,1,2,train,train,C:/Users/admin/Desktop/Top2/data/dataset_update_Lung/0617-656006+imrt+MOS_21669.npz,1.033,1.052
0617-657414,2Ac,TRUE,1,2,train,train,C:/Users/admin/Desktop/Top2/data/dataset_update_Lung/0617-657414+2Ac+MOS_58810.npz,1.03,1.067
0617-657414,imrt,FALSE,1,2,train,train,C:/Users/admin/Desktop/Top2/data/dataset_update_Lung/0617-657414+imrt+MOS_58810.npz,1.029,1.054
0617-657637,2Ac,TRUE,1,2,train,train,C:/Users/admin/Desktop/Top2/data/dataset_update_Lung/0617-657637+2Ac+MOS_24346.npz,1.034,1.071
0617-657637,imrt,FALSE,1,2,train,train,C:/Users/admin/Desktop/Top2/data/dataset_update_Lung/0617-657637+imrt+MOS_24346.npz,1.037,1.088
0617-657744,2Ac,TRUE,1,2,train,train,C:/Users/admin/Desktop/Top2/data/dataset_update_Lung/0617-657744+2Ac+MOS_24813.npz,1.03,1.049
0617-657744,imrt,FALSE,1,2,train,train,C:/Users/admin/Desktop/Top2/data/dataset_update_Lung/0617-657744+imrt+MOS_24813.npz,1.03,1.048
0617-658810,2Ac,TRUE,1,2,train,train,C:/Users/admin/Desktop/Top2/data/dataset_update_Lung/0617-658810+2Ac+MOS_27317.npz,1.034,1.062
0617-658810,imrt,FALSE,1,2,train,train,C:/Users/admin/Desktop/Top2/data/dataset_update_Lung/0617-658810+imrt+MOS_27317.npz,1.038,1.06
0617-659328,2Ac,TRUE,1,2,train,train,C:/Users/admin/Desktop/Top2/data/dataset_update_Lung/0617-659328+2Ac+MOS_51440.npz,1.037,1.058
0617-659328,imrt,FALSE,1,2,train,train,C:/Users/admin/Desktop/Top2/data/dataset_update_Lung/0617-659328+imrt+MOS_51440.npz,1.031,1.058
0617-659517,2Ac,TRUE,1,2,train,train,C:/Users/admin/Desktop/Top2/data/dataset_update_Lung/0617-659517+2Ac+MOS_53400.npz,1.032,1.065
0617-659517,imrt,FALSE,1,2,train,train,C:/Users/admin/Desktop/Top2/data/dataset_update_Lung/0617-659517+imrt+MOS_53400.npz,1.032,1.065
0617-660322,2Ac,TRUE,1,2,train,train,C:/Users/admin/Desktop/Top2/data/dataset_update_Lung/0617-660322+2Ac+MOS_16800.npz,1.024,1.037
0617-660322,imrt,FALSE,1,2,train,train,C:/Users/admin/Desktop/Top2/data/dataset_update_Lung/0617-660322+imrt+MOS_16800.npz,1.023,1.039
0617-660380,2Ac,TRUE,1,2,train,train,C:/Users/admin/Desktop/Top2/data/dataset_update_Lung/0617-660380+2Ac+MOS_7779.npz,1.031,1.052
0617-660380,imrt,FALSE,1,2,train,train,C:/Users/admin/Desktop/Top2/data/dataset_update_Lung/0617-660380+imrt+MOS_7779.npz,1.026,1.043
0617-660597,2Ac,TRUE,1,2,train,train,C:/Users/admin/Desktop/Top2/data/dataset_update_Lung/0617-660597+2Ac+MOS_22326.npz,1.025,1.034
0617-660597,imrt,FALSE,1,2,train,train,C:/Users/admin/Desktop/Top2/data/dataset_update_Lung/0617-660597+imrt+MOS_22326.npz,1.028,1.042
0617-661400,2Ac,TRUE,1,2,train,train,C:/Users/admin/Desktop/Top2/data/dataset_update_Lung/0617-661400+2Ac+MOS_2939.npz,1.036,1.053
0617-661400,imrt,FALSE,1,2,train,train,C:/Users/admin/Desktop/Top2/data/dataset_update_Lung/0617-661400+imrt+MOS_2939.npz,1.033,1.052
0617-662212,2Ac,TRUE,1,2,train,train,C:/Users/admin/Desktop/Top2/data/dataset_update_Lung/0617-662212+2Ac+MOS_6775.npz,1.03,1.039
0617-662212,imrt,FALSE,1,2,train,train,C:/Users/admin/Desktop/Top2/data/dataset_update_Lung/0617-662212+imrt+MOS_6775.npz,1.042,1.051
0617-662653,2Ac,TRUE,1,2,train,train,C:/Users/admin/Desktop/Top2/data/dataset_update_Lung/0617-662653+2Ac+MOS_1911.npz,1.037,1.073
0617-662653,imrt,FALSE,1,2,train,train,C:/Users/admin/Desktop/Top2/data/dataset_update_Lung/0617-662653+imrt+MOS_1911.npz,1.036,1.06
0617-664444,2Ac,TRUE,1,2,train,train,C:/Users/admin/Desktop/Top2/data/dataset_update_Lung/0617-664444+2Ac+MOS_6962.npz,1.032,1.06
0617-664444,imrt,FALSE,1,2,train,train,C:/Users/admin/Desktop/Top2/data/dataset_update_Lung/0617-664444+imrt+MOS_6962.npz,1.042,1.063
0617-664504,2Ac,TRUE,1,2,train,train,C:/Users/admin/Desktop/Top2/data/dataset_update_Lung/0617-664504+2Ac+MOS_13416.npz,1.029,1.052
0617-664504,imrt,FALSE,1,2,train,train,C:/Users/admin/Desktop/Top2/data/dataset_update_Lung/0617-664504+imrt+MOS_13416.npz,1.035,1.06
0617-666470,2Ac,TRUE,1,2,train,train,C:/Users/admin/Desktop/Top2/data/dataset_update_Lung/0617-666470+2Ac+MOS_3943.npz,1.033,1.059
0617-666470,imrt,FALSE,1,2,train,train,C:/Users/admin/Desktop/Top2/data/dataset_update_Lung/0617-666470+imrt+MOS_3943.npz,1.03,1.083
0617-667116,2Ac,TRUE,1,2,train,train,C:/Users/admin/Desktop/Top2/data/dataset_update_Lung/0617-667116+2Ac+MOS_693.npz,1.034,1.063
0617-667116,imrt,FALSE,1,2,train,train,C:/Users/admin/Desktop/Top2/data/dataset_update_Lung/0617-667116+imrt+MOS_693.npz,1.034,1.072
0617-668321,2Ac,TRUE,1,2,train,train,C:/Users/admin/Desktop/Top2/data/dataset_update_Lung/0617-668321+2Ac+MOS_46111.npz,1.038,1.064
0617-668321,imrt,FALSE,1,2,train,train,C:/Users/admin/Desktop/Top2/data/dataset_update_Lung/0617-668321+imrt+MOS_46111.npz,1.037,1.066
0617-668534,2Ac,TRUE,1,2,train,train,C:/Users/admin/Desktop/Top2/data/dataset_update_Lung/0617-668534+2Ac+MOS_16466.npz,1.027,1.046
0617-668534,imrt,FALSE,1,2,train,train,C:/Users/admin/Desktop/Top2/data/dataset_update_Lung/0617-668534+imrt+MOS_16466.npz,1.028,1.049
0617-668955,imrt,FALSE,1,2,train,train,C:/Users/admin/Desktop/Top2/data/dataset_update_Lung/0617-668955+imrt+MOS_29315.npz,1.051,1.086
0617-669208,2Ac,TRUE,1,2,train,train,C:/Users/admin/Desktop/Top2/data/dataset_update_Lung/0617-669208+2Ac+MOS_8780.npz,1.034,1.087
0617-669208,imrt,FALSE,1,2,train,train,C:/Users/admin/Desktop/Top2/data/dataset_update_Lung/0617-669208+imrt+MOS_8780.npz,1.031,1.062
0617-669655,imrt,FALSE,1,2,train,train,C:/Users/admin/Desktop/Top2/data/dataset_update_Lung/0617-669655+imrt+MOS_7186.npz,1.037,1.056
0617-670712,2Ac,TRUE,1,2,train,train,C:/Users/admin/Desktop/Top2/data/dataset_update_Lung/0617-670712+2Ac+MOS_47912.npz,1.036,1.071
0617-670712,imrt,FALSE,1,2,train,train,C:/Users/admin/Desktop/Top2/data/dataset_update_Lung/0617-670712+imrt+MOS_47912.npz,1.035,1.058
0617-671116,2Ac,TRUE,1,2,train,train,C:/Users/admin/Desktop/Top2/data/dataset_update_Lung/0617-671116+2Ac+MOS_3630.npz,1.036,1.078
0617-671116,imrt,FALSE,1,2,train,train,C:/Users/admin/Desktop/Top2/data/dataset_update_Lung/0617-671116+imrt+MOS_3630.npz,1.033,1.065
0617-671367,2Ac,TRUE,1,2,train,train,C:/Users/admin/Desktop/Top2/data/dataset_update_Lung/0617-671367+2Ac+MOS_4997.npz,1.032,1.066
0617-671367,imrt,FALSE,1,2,train,train,C:/Users/admin/Desktop/Top2/data/dataset_update_Lung/0617-671367+imrt+MOS_4997.npz,1.033,1.073
0617-673681,2Ac,TRUE,1,2,train,train,C:/Users/admin/Desktop/Top2/data/dataset_update_Lung/0617-673681+2Ac+MOS_59545.npz,1.035,1.065
0617-673681,imrt,FALSE,1,2,train,train,C:/Users/admin/Desktop/Top2/data/dataset_update_Lung/0617-673681+imrt+MOS_59545.npz,1.036,1.073
0617-673893,2Ac,TRUE,1,2,train,train,C:/Users/admin/Desktop/Top2/data/dataset_update_Lung/0617-673893+2Ac+MOS_28472.npz,1.055,1.093
0617-673893,imrt,FALSE,1,2,train,train,C:/Users/admin/Desktop/Top2/data/dataset_update_Lung/0617-673893+imrt+MOS_28472.npz,1.045,1.068
0617-674140,2Ac,TRUE,1,2,train,train,C:/Users/admin/Desktop/Top2/data/dataset_update_Lung/0617-674140+2Ac+MOS_44544.npz,1.034,1.06
0617-674140,imrt,FALSE,1,2,train,train,C:/Users/admin/Desktop/Top2/data/dataset_update_Lung/0617-674140+imrt+MOS_44544.npz,1.031,1.05
0617-674222,2Ac,TRUE,1,2,train,train,C:/Users/admin/Desktop/Top2/data/dataset_update_Lung/0617-674222+2Ac+MOS_21707.npz,1.029,1.061
0617-674222,imrt,FALSE,1,2,train,train,C:/Users/admin/Desktop/Top2/data/dataset_update_Lung/0617-674222+imrt+MOS_21707.npz,1.034,1.058
0617-674729,2Ac,TRUE,1,2,train,train,C:/Users/admin/Desktop/Top2/data/dataset_update_Lung/0617-674729+2Ac+MOS_48692.npz,1.034,1.054
0617-674729,imrt,FALSE,1,2,train,train,C:/Users/admin/Desktop/Top2/data/dataset_update_Lung/0617-674729+imrt+MOS_48692.npz,1.031,1.054
0617-676392,2Ac,TRUE,1,2,train,train,C:/Users/admin/Desktop/Top2/data/dataset_update_Lung/0617-676392+2Ac+MOS_17949.npz,1.036,1.07
0617-676392,imrt,FALSE,1,2,train,train,C:/Users/admin/Desktop/Top2/data/dataset_update_Lung/0617-676392+imrt+MOS_17949.npz,1.038,1.074
0617-679573,2Ac,TRUE,1,2,train,train,C:/Users/admin/Desktop/Top2/data/dataset_update_Lung/0617-679573+2Ac+MOS_20195.npz,1.031,1.05
0617-679573,imrt,FALSE,1,2,train,train,C:/Users/admin/Desktop/Top2/data/dataset_update_Lung/0617-679573+imrt+MOS_20195.npz,1.029,1.054
0617-679702,2Ac,TRUE,1,2,train,train,C:/Users/admin/Desktop/Top2/data/dataset_update_Lung/0617-679702+2Ac+MOS_2209.npz,1.042,1.069
0617-679702,imrt,FALSE,1,2,train,train,C:/Users/admin/Desktop/Top2/data/dataset_update_Lung/0617-679702+imrt+MOS_2209.npz,1.043,1.058
0617-682221,2Ac,TRUE,1,2,train,train,C:/Users/admin/Desktop/Top2/data/dataset_update_Lung/0617-682221+2Ac+MOS_4461.npz,1.032,1.061
0617-682221,imrt,FALSE,1,2,train,train,C:/Users/admin/Desktop/Top2/data/dataset_update_Lung/0617-682221+imrt+MOS_4461.npz,1.037,1.066
0617-682355,2Ac,TRUE,1,2,train,train,C:/Users/admin/Desktop/Top2/data/dataset_update_Lung/0617-682355+2Ac+MOS_44573.npz,1.027,1.043
0617-682355,imrt,FALSE,1,2,train,train,C:/Users/admin/Desktop/Top2/data/dataset_update_Lung/0617-682355+imrt+MOS_44573.npz,1.025,1.043
0617-682513,2Ac,TRUE,1,2,train,train,C:/Users/admin/Desktop/Top2/data/dataset_update_Lung/0617-682513+2Ac+MOS_5300.npz,1.056,1.086
0617-682513,imrt,FALSE,1,2,train,train,C:/Users/admin/Desktop/Top2/data/dataset_update_Lung/0617-682513+imrt+MOS_5300.npz,1.053,1.078
0617-682647,2Ac,TRUE,1,2,train,train,C:/Users/admin/Desktop/Top2/data/dataset_update_Lung/0617-682647+2Ac+MOS_3114.npz,1.046,1.089
0617-682647,imrt,FALSE,1,2,train,train,C:/Users/admin/Desktop/Top2/data/dataset_update_Lung/0617-682647+imrt+MOS_3114.npz,1.036,1.066
0617-682734,2Ac,TRUE,1,2,train,train,C:/Users/admin/Desktop/Top2/data/dataset_update_Lung/0617-682734+2Ac+MOS_10867.npz,1.035,1.066
0617-682734,imrt,FALSE,1,2,train,train,C:/Users/admin/Desktop/Top2/data/dataset_update_Lung/0617-682734+imrt+MOS_10867.npz,1.035,1.058
0617-682791,2Ac,TRUE,1,2,train,train,C:/Users/admin/Desktop/Top2/data/dataset_update_Lung/0617-682791+2Ac+MOS_4901.npz,1.049,1.071
0617-682791,imrt,FALSE,1,2,train,train,C:/Users/admin/Desktop/Top2/data/dataset_update_Lung/0617-682791+imrt+MOS_4901.npz,1.033,1.053
0617-684260,2Ac,TRUE,1,2,train,train,C:/Users/admin/Desktop/Top2/data/dataset_update_Lung/0617-684260+2Ac+MOS_41293.npz,1.033,1.06
0617-684260,imrt,FALSE,1,2,train,train,C:/Users/admin/Desktop/Top2/data/dataset_update_Lung/0617-684260+imrt+MOS_41293.npz,1.039,1.071
0617-684551,2Ac,TRUE,1,2,train,train,C:/Users/admin/Desktop/Top2/data/dataset_update_Lung/0617-684551+2Ac+MOS_4968.npz,1.027,1.049
0617-684551,imrt,FALSE,1,2,train,train,C:/Users/admin/Desktop/Top2/data/dataset_update_Lung/0617-684551+imrt+MOS_4968.npz,1.028,1.056
0617-685265,2Ac,TRUE,1,2,train,train,C:/Users/admin/Desktop/Top2/data/dataset_update_Lung/0617-685265+2Ac+MOS_4238.npz,1.028,1.049
0617-685265,imrt,FALSE,1,2,train,train,C:/Users/admin/Desktop/Top2/data/dataset_update_Lung/0617-685265+imrt+MOS_4238.npz,1.027,1.039
0617-687111,2Ac,TRUE,1,2,train,train,C:/Users/admin/Desktop/Top2/data/dataset_update_Lung/0617-687111+2Ac+MOS_2345.npz,1.033,1.065
0617-687111,imrt,FALSE,1,2,train,train,C:/Users/admin/Desktop/Top2/data/dataset_update_Lung/0617-687111+imrt+MOS_2345.npz,1.037,1.072
0617-688122,2Ac,TRUE,1,2,train,train,C:/Users/admin/Desktop/Top2/data/dataset_update_Lung/0617-688122+2Ac+MOS_35528.npz,1.032,1.053
0617-688122,imrt,FALSE,1,2,train,train,C:/Users/admin/Desktop/Top2/data/dataset_update_Lung/0617-688122+imrt+MOS_35528.npz,1.031,1.047
0617-689094,2Ac,TRUE,1,2,train,train,C:/Users/admin/Desktop/Top2/data/dataset_update_Lung/0617-689094+2Ac+MOS_14427.npz,1.031,1.063
0617-689094,imrt,FALSE,1,2,train,train,C:/Users/admin/Desktop/Top2/data/dataset_update_Lung/0617-689094+imrt+MOS_14427.npz,1.032,1.071
0617-689511,2Ac,TRUE,1,2,train,train,C:/Users/admin/Desktop/Top2/data/dataset_update_Lung/0617-689511+2Ac+MOS_13105.npz,1.026,1.044
0617-689511,imrt,FALSE,1,2,train,train,C:/Users/admin/Desktop/Top2/data/dataset_update_Lung/0617-689511+imrt+MOS_13105.npz,1.026,1.047
0617-689865,2Ac,TRUE,1,2,train,train,C:/Users/admin/Desktop/Top2/data/dataset_update_Lung/0617-689865+2Ac+MOS_35942.npz,1.036,1.063
0617-689865,imrt,FALSE,1,2,train,train,C:/Users/admin/Desktop/Top2/data/dataset_update_Lung/0617-689865+imrt+MOS_35942.npz,1.032,1.051
0617-690485,2Ac,TRUE,1,2,train,train,C:/Users/admin/Desktop/Top2/data/dataset_update_Lung/0617-690485+2Ac+MOS_5641.npz,1.032,1.051
0617-690485,imrt,FALSE,1,2,train,train,C:/Users/admin/Desktop/Top2/data/dataset_update_Lung/0617-690485+imrt+MOS_5641.npz,1.028,1.047
0617-691485,2Ac,TRUE,1,2,train,train,C:/Users/admin/Desktop/Top2/data/dataset_update_Lung/0617-691485+2Ac+MOS_32443.npz,1.033,1.058
0617-691485,imrt,FALSE,1,2,train,train,C:/Users/admin/Desktop/Top2/data/dataset_update_Lung/0617-691485+imrt+MOS_32443.npz,1.032,1.057
0617-691963,2Ac,TRUE,1,2,train,train,C:/Users/admin/Desktop/Top2/data/dataset_update_Lung/0617-691963+2Ac+MOS_32112.npz,1.038,1.061
0617-691963,imrt,FALSE,1,2,train,train,C:/Users/admin/Desktop/Top2/data/dataset_update_Lung/0617-691963+imrt+MOS_32112.npz,1.033,1.053
0617-692367,2Ac,TRUE,1,2,train,train,C:/Users/admin/Desktop/Top2/data/dataset_update_Lung/0617-692367+2Ac+MOS_34249.npz,1.031,1.053
0617-692367,imrt,FALSE,1,2,train,train,C:/Users/admin/Desktop/Top2/data/dataset_update_Lung/0617-692367+imrt+MOS_34249.npz,1.034,1.055
0617-692470,2Ac,TRUE,1,2,train,train,C:/Users/admin/Desktop/Top2/data/dataset_update_Lung/0617-692470+2Ac+MOS_41539.npz,1.034,1.065
0617-692470,imrt,FALSE,1,2,train,train,C:/Users/admin/Desktop/Top2/data/dataset_update_Lung/0617-692470+imrt+MOS_41539.npz,1.034,1.079
0617-693006,2Ac,TRUE,1,2,train,train,C:/Users/admin/Desktop/Top2/data/dataset_update_Lung/0617-693006+2Ac+MOS_47445.npz,1.039,1.066
0617-693410,2Ac,TRUE,1,2,train,train,C:/Users/admin/Desktop/Top2/data/dataset_update_Lung/0617-693410+2Ac+MOS_7531.npz,1.03,1.047
0617-693977,2Ac,TRUE,1,2,train,train,C:/Users/admin/Desktop/Top2/data/dataset_update_Lung/0617-693977+2Ac+MOS_41924.npz,1.028,1.048
0617-693977,imrt,FALSE,1,2,train,train,C:/Users/admin/Desktop/Top2/data/dataset_update_Lung/0617-693977+imrt+MOS_41924.npz,1.024,1.044
0617-695963,2Ac,TRUE,1,2,train,train,C:/Users/admin/Desktop/Top2/data/dataset_update_Lung/0617-695963+2Ac+MOS_22623.npz,1.032,1.068
0617-695963,imrt,FALSE,1,2,train,train,C:/Users/admin/Desktop/Top2/data/dataset_update_Lung/0617-695963+imrt+MOS_22623.npz,1.033,1.078
0617-697131,2Ac,TRUE,1,2,train,train,C:/Users/admin/Desktop/Top2/data/dataset_update_Lung/0617-697131+2Ac+MOS_48910.npz,1.033,1.061
0617-697131,imrt,FALSE,1,2,train,train,C:/Users/admin/Desktop/Top2/data/dataset_update_Lung/0617-697131+imrt+MOS_48910.npz,1.029,1.055
0617-697905,2Ac,TRUE,1,2,train,train,C:/Users/admin/Desktop/Top2/data/dataset_update_Lung/0617-697905+2Ac+MOS_4097.npz,1.035,1.063
0617-697905,imrt,FALSE,1,2,train,train,C:/Users/admin/Desktop/Top2/data/dataset_update_Lung/0617-697905+imrt+MOS_4097.npz,1.034,1.055
0617-697957,imrt,FALSE,1,2,train,train,C:/Users/admin/Desktop/Top2/data/dataset_update_Lung/0617-697957+imrt+MOS_23415.npz,1.043,1.07
0617-698583,2Ac,TRUE,1,2,train,train,C:/Users/admin/Desktop/Top2/data/dataset_update_Lung/0617-698583+2Ac+MOS_25509.npz,1.034,1.056
0617-698583,imrt,FALSE,1,2,train,train,C:/Users/admin/Desktop/Top2/data/dataset_update_Lung/0617-698583+imrt+MOS_25509.npz,1.035,1.069
0617-701175,2Ac,TRUE,1,2,train,train,C:/Users/admin/Desktop/Top2/data/dataset_update_Lung/0617-701175+2Ac+MOS_44109.npz,1.033,1.061
0617-701175,imrt,FALSE,1,2,train,train,C:/Users/admin/Desktop/Top2/data/dataset_update_Lung/0617-701175+imrt+MOS_44109.npz,1.031,1.057
0617-702578,2Ac,TRUE,1,2,train,train,C:/Users/admin/Desktop/Top2/data/dataset_update_Lung/0617-702578+2Ac+MOS_25113.npz,1.033,1.061
0617-702578,imrt,FALSE,1,2,train,train,C:/Users/admin/Desktop/Top2/data/dataset_update_Lung/0617-702578+imrt+MOS_25113.npz,1.031,1.05
0617-702712,2Ac,TRUE,1,2,train,train,C:/Users/admin/Desktop/Top2/data/dataset_update_Lung/0617-702712+2Ac+MOS_37137.npz,1.033,1.064
0617-702712,imrt,FALSE,1,2,train,train,C:/Users/admin/Desktop/Top2/data/dataset_update_Lung/0617-702712+imrt+MOS_37137.npz,1.034,1.069
0617-704274,2Ac,TRUE,1,2,train,train,C:/Users/admin/Desktop/Top2/data/dataset_update_Lung/0617-704274+2Ac+MOS_33625.npz,1.032,1.054
0617-704274,imrt,FALSE,1,2,train,train,C:/Users/admin/Desktop/Top2/data/dataset_update_Lung/0617-704274+imrt+MOS_33625.npz,1.032,1.058
0617-704484,2Ac,TRUE,1,2,train,train,C:/Users/admin/Desktop/Top2/data/dataset_update_Lung/0617-704484+2Ac+MOS_32293.npz,1.033,1.057
0617-704484,imrt,FALSE,1,2,train,train,C:/Users/admin/Desktop/Top2/data/dataset_update_Lung/0617-704484+imrt+MOS_32293.npz,1.031,1.059
0617-705636,2Ac,TRUE,1,2,train,train,C:/Users/admin/Desktop/Top2/data/dataset_update_Lung/0617-705636+2Ac+MOS_2952.npz,1.041,1.074
0617-705636,imrt,FALSE,1,2,train,train,C:/Users/admin/Desktop/Top2/data/dataset_update_Lung/0617-705636+imrt+MOS_2952.npz,1.034,1.068
0617-706363,2Ac,TRUE,1,2,train,train,C:/Users/admin/Desktop/Top2/data/dataset_update_Lung/0617-706363+2Ac+MOS_1515.npz,1.041,1.067
0617-706363,imrt,FALSE,1,2,train,train,C:/Users/admin/Desktop/Top2/data/dataset_update_Lung/0617-706363+imrt+MOS_1515.npz,1.04,1.066
0617-708884,2Ac,TRUE,1,2,train,train,C:/Users/admin/Desktop/Top2/data/dataset_update_Lung/0617-708884+2Ac+MOS_26756.npz,1.032,1.063
0617-708884,imrt,FALSE,1,2,train,train,C:/Users/admin/Desktop/Top2/data/dataset_update_Lung/0617-708884+imrt+MOS_26756.npz,1.032,1.058
0617-709755,2Ac,TRUE,1,2,train,train,C:/Users/admin/Desktop/Top2/data/dataset_update_Lung/0617-709755+2Ac+MOS_20673.npz,1.033,1.069
0617-709755,imrt,FALSE,1,2,train,train,C:/Users/admin/Desktop/Top2/data/dataset_update_Lung/0617-709755+imrt+MOS_20673.npz,1.032,1.06
0617-710650,2Ac,TRUE,1,2,train,train,C:/Users/admin/Desktop/Top2/data/dataset_update_Lung/0617-710650+2Ac+MOS_46749.npz,1.03,1.05
0617-710650,imrt,FALSE,1,2,train,train,C:/Users/admin/Desktop/Top2/data/dataset_update_Lung/0617-710650+imrt+MOS_46749.npz,1.03,1.06
0617-710872,2Ac,TRUE,1,2,train,train,C:/Users/admin/Desktop/Top2/data/dataset_update_Lung/0617-710872+2Ac+MOS_9830.npz,1.028,1.046
0617-710872,imrt,FALSE,1,2,train,train,C:/Users/admin/Desktop/Top2/data/dataset_update_Lung/0617-710872+imrt+MOS_9830.npz,1.028,1.047
0617-711426,2Ac,TRUE,1,2,train,train,C:/Users/admin/Desktop/Top2/data/dataset_update_Lung/0617-711426+2Ac+MOS_39940.npz,1.038,1.082
0617-711426,imrt,FALSE,1,2,train,train,C:/Users/admin/Desktop/Top2/data/dataset_update_Lung/0617-711426+imrt+MOS_39940.npz,1.036,1.058
0617-711646,2Ac,TRUE,1,2,train,train,C:/Users/admin/Desktop/Top2/data/dataset_update_Lung/0617-711646+2Ac+MOS_9212.npz,1.031,1.06
0617-711646,imrt,FALSE,1,2,train,train,C:/Users/admin/Desktop/Top2/data/dataset_update_Lung/0617-711646+imrt+MOS_9212.npz,1.031,1.057
0617-711724,2Ac,TRUE,1,2,train,train,C:/Users/admin/Desktop/Top2/data/dataset_update_Lung/0617-711724+2Ac+MOS_12384.npz,1.041,1.071
0617-711724,imrt,FALSE,1,2,train,train,C:/Users/admin/Desktop/Top2/data/dataset_update_Lung/0617-711724+imrt+MOS_12384.npz,1.034,1.054
0617-712253,2Ac,TRUE,1,2,train,train,C:/Users/admin/Desktop/Top2/data/dataset_update_Lung/0617-712253+2Ac+MOS_36751.npz,1.043,1.081
0617-712253,imrt,FALSE,1,2,train,train,C:/Users/admin/Desktop/Top2/data/dataset_update_Lung/0617-712253+imrt+MOS_36751.npz,1.033,1.057
0617-712281,2Ac,TRUE,1,2,train,train,C:/Users/admin/Desktop/Top2/data/dataset_update_Lung/0617-712281+2Ac+MOS_14974.npz,1.034,1.067
0617-712281,imrt,FALSE,1,2,train,train,C:/Users/admin/Desktop/Top2/data/dataset_update_Lung/0617-712281+imrt+MOS_14974.npz,1.03,1.056
0617-713112,2Ac,TRUE,1,2,train,train,C:/Users/admin/Desktop/Top2/data/dataset_update_Lung/0617-713112+2Ac+MOS_42912.npz,1.037,1.062
0617-713112,imrt,FALSE,1,2,train,train,C:/Users/admin/Desktop/Top2/data/dataset_update_Lung/0617-713112+imrt+MOS_42912.npz,1.033,1.058
0617-713631,2Ac,TRUE,1,2,train,train,C:/Users/admin/Desktop/Top2/data/dataset_update_Lung/0617-713631+2Ac+MOS_44286.npz,1.034,1.071
0617-713631,imrt,FALSE,1,2,train,train,C:/Users/admin/Desktop/Top2/data/dataset_update_Lung/0617-713631+imrt+MOS_44286.npz,1.031,1.059
0617-714162,2Ac,TRUE,1,2,train,train,C:/Users/admin/Desktop/Top2/data/dataset_update_Lung/0617-714162+2Ac+MOS_36144.npz,1.032,1.05
0617-714162,imrt,FALSE,1,2,train,train,C:/Users/admin/Desktop/Top2/data/dataset_update_Lung/0617-714162+imrt+MOS_36144.npz,1.029,1.045
0617-714849,2Ac,TRUE,1,2,train,train,C:/Users/admin/Desktop/Top2/data/dataset_update_Lung/0617-714849+2Ac+MOS_49747.npz,1.029,1.055
0617-714849,imrt,FALSE,1,2,train,train,C:/Users/admin/Desktop/Top2/data/dataset_update_Lung/0617-714849+imrt+MOS_49747.npz,1.028,1.048
0617-715810,2Ac,TRUE,1,2,train,train,C:/Users/admin/Desktop/Top2/data/dataset_update_Lung/0617-715810+2Ac+MOS_54287.npz,1.029,1.05
0617-715810,imrt,FALSE,1,2,train,train,C:/Users/admin/Desktop/Top2/data/dataset_update_Lung/0617-715810+imrt+MOS_54287.npz,1.029,1.06
0617-716741,2Ac,TRUE,1,2,train,train,C:/Users/admin/Desktop/Top2/data/dataset_update_Lung/0617-716741+2Ac+MOS_1769.npz,1.029,1.051
0617-716741,imrt,FALSE,1,2,train,train,C:/Users/admin/Desktop/Top2/data/dataset_update_Lung/0617-716741+imrt+MOS_1769.npz,1.033,1.06
0617-717673,2Ac,TRUE,1,2,train,train,C:/Users/admin/Desktop/Top2/data/dataset_update_Lung/0617-717673+2Ac+MOS_28511.npz,1.031,1.059
0617-717673,imrt,FALSE,1,2,train,train,C:/Users/admin/Desktop/Top2/data/dataset_update_Lung/0617-717673+imrt+MOS_28511.npz,1.029,1.052
0617-719107,2Ac,TRUE,1,2,train,train,C:/Users/admin/Desktop/Top2/data/dataset_update_Lung/0617-719107+2Ac+MOS_31712.npz,1.038,1.073
0617-719107,imrt,FALSE,1,2,train,train,C:/Users/admin/Desktop/Top2/data/dataset_update_Lung/0617-719107+imrt+MOS_31712.npz,1.035,1.065
0617-720881,2Ac,TRUE,1,2,train,train,C:/Users/admin/Desktop/Top2/data/dataset_update_Lung/0617-720881+2Ac+MOS_6658.npz,1.028,1.045
0617-720881,imrt,FALSE,1,2,train,train,C:/Users/admin/Desktop/Top2/data/dataset_update_Lung/0617-720881+imrt+MOS_6658.npz,1.028,1.046
0617-721572,2Ac,TRUE,1,2,train,train,C:/Users/admin/Desktop/Top2/data/dataset_update_Lung/0617-721572+2Ac+MOS_27941.npz,1.035,1.062
0617-722137,2Ac,TRUE,1,2,train,train,C:/Users/admin/Desktop/Top2/data/dataset_update_Lung/0617-722137+2Ac+MOS_3029.npz,1.033,1.068
0617-722137,imrt,FALSE,1,2,train,train,C:/Users/admin/Desktop/Top2/data/dataset_update_Lung/0617-722137+imrt+MOS_3029.npz,1.033,1.059
0617-723219,2Ac,TRUE,1,2,train,train,C:/Users/admin/Desktop/Top2/data/dataset_update_Lung/0617-723219+2Ac+MOS_8876.npz,1.033,1.056
0617-723219,imrt,FALSE,1,2,train,train,C:/Users/admin/Desktop/Top2/data/dataset_update_Lung/0617-723219+imrt+MOS_8876.npz,1.034,1.064
0617-723321,2Ac,TRUE,1,2,train,train,C:/Users/admin/Desktop/Top2/data/dataset_update_Lung/0617-723321+2Ac+MOS_3432.npz,1.031,1.055
0617-723321,imrt,FALSE,1,2,train,train,C:/Users/admin/Desktop/Top2/data/dataset_update_Lung/0617-723321+imrt+MOS_3432.npz,1.03,1.051
0617-723950,2Ac,TRUE,1,2,train,train,C:/Users/admin/Desktop/Top2/data/dataset_update_Lung/0617-723950+2Ac+MOS_51809.npz,1.037,1.06
0617-723950,imrt,FALSE,1,2,train,train,C:/Users/admin/Desktop/Top2/data/dataset_update_Lung/0617-723950+imrt+MOS_51809.npz,1.033,1.051
0617-725662,2Ac,TRUE,1,2,train,train,C:/Users/admin/Desktop/Top2/data/dataset_update_Lung/0617-725662+2Ac+MOS_15160.npz,1.047,1.083
0617-727320,2Ac,TRUE,1,2,train,train,C:/Users/admin/Desktop/Top2/data/dataset_update_Lung/0617-727320+2Ac+MOS_291.npz,1.033,1.055
0617-727320,imrt,FALSE,1,2,train,train,C:/Users/admin/Desktop/Top2/data/dataset_update_Lung/0617-727320+imrt+MOS_291.npz,1.031,1.054
0617-730322,2Ac,TRUE,1,2,train,train,C:/Users/admin/Desktop/Top2/data/dataset_update_Lung/0617-730322+2Ac+MOS_4913.npz,1.025,1.049
0617-730322,imrt,FALSE,1,2,train,train,C:/Users/admin/Desktop/Top2/data/dataset_update_Lung/0617-730322+imrt+MOS_4913.npz,1.028,1.064
0617-730769,2Ac,TRUE,1,2,train,train,C:/Users/admin/Desktop/Top2/data/dataset_update_Lung/0617-730769+2Ac+MOS_45708.npz,1.038,1.067
0617-730769,imrt,FALSE,1,2,train,train,C:/Users/admin/Desktop/Top2/data/dataset_update_Lung/0617-730769+imrt+MOS_45708.npz,1.035,1.064
0617-731709,2Ac,TRUE,1,2,train,train,C:/Users/admin/Desktop/Top2/data/dataset_update_Lung/0617-731709+2Ac+MOS_2646.npz,1.058,1.094
0617-731709,imrt,FALSE,1,2,train,train,C:/Users/admin/Desktop/Top2/data/dataset_update_Lung/0617-731709+imrt+MOS_2646.npz,1.051,1.087
0617-732035,2Ac,TRUE,1,2,train,train,C:/Users/admin/Desktop/Top2/data/dataset_update_Lung/0617-732035+2Ac+MOS_13878.npz,1.042,1.072
0617-732035,imrt,FALSE,1,2,train,train,C:/Users/admin/Desktop/Top2/data/dataset_update_Lung/0617-732035+imrt+MOS_13878.npz,1.039,1.066
0617-732109,2Ac,TRUE,1,2,train,train,C:/Users/admin/Desktop/Top2/data/dataset_update_Lung/0617-732109+2Ac+MOS_42171.npz,1.036,1.06
0617-732109,imrt,FALSE,1,2,train,train,C:/Users/admin/Desktop/Top2/data/dataset_update_Lung/0617-732109+imrt+MOS_42171.npz,1.031,1.051
0617-733332,2Ac,TRUE,1,2,train,train,C:/Users/admin/Desktop/Top2/data/dataset_update_Lung/0617-733332+2Ac+MOS_15738.npz,1.034,1.066
0617-733332,imrt,FALSE,1,2,train,train,C:/Users/admin/Desktop/Top2/data/dataset_update_Lung/0617-733332+imrt+MOS_15738.npz,1.035,1.063
0617-735501,2Ac,TRUE,1,2,train,train,C:/Users/admin/Desktop/Top2/data/dataset_update_Lung/0617-735501+2Ac+MOS_40927.npz,1.038,1.068
0617-735501,imrt,FALSE,1,2,train,train,C:/Users/admin/Desktop/Top2/data/dataset_update_Lung/0617-735501+imrt+MOS_40927.npz,1.039,1.072
0617-735694,2Ac,TRUE,1,2,train,train,C:/Users/admin/Desktop/Top2/data/dataset_update_Lung/0617-735694+2Ac+MOS_31321.npz,1.027,1.048
0617-735694,imrt,FALSE,1,2,train,train,C:/Users/admin/Desktop/Top2/data/dataset_update_Lung/0617-735694+imrt+MOS_31321.npz,1.028,1.054
0617-737718,2Ac,TRUE,1,2,train,train,C:/Users/admin/Desktop/Top2/data/dataset_update_Lung/0617-737718+2Ac+MOS_4963.npz,1.035,1.055
0617-737718,imrt,FALSE,1,2,train,train,C:/Users/admin/Desktop/Top2/data/dataset_update_Lung/0617-737718+imrt+MOS_4963.npz,1.032,1.046
0617-739625,2Ac,TRUE,1,2,train,train,C:/Users/admin/Desktop/Top2/data/dataset_update_Lung/0617-739625+2Ac+MOS_2226.npz,1.037,1.062
0617-739625,imrt,FALSE,1,2,train,train,C:/Users/admin/Desktop/Top2/data/dataset_update_Lung/0617-739625+imrt+MOS_2226.npz,1.03,1.048
0617-740237,2Ac,TRUE,1,2,train,train,C:/Users/admin/Desktop/Top2/data/dataset_update_Lung/0617-740237+2Ac+MOS_2862.npz,1.033,1.063
0617-740237,imrt,FALSE,1,2,train,train,C:/Users/admin/Desktop/Top2/data/dataset_update_Lung/0617-740237+imrt+MOS_2862.npz,1.033,1.056
0617-740377,2Ac,TRUE,1,2,train,train,C:/Users/admin/Desktop/Top2/data/dataset_update_Lung/0617-740377+2Ac+MOS_15255.npz,1.035,1.058
0617-740377,imrt,FALSE,1,2,train,train,C:/Users/admin/Desktop/Top2/data/dataset_update_Lung/0617-740377+imrt+MOS_15255.npz,1.031,1.059
0617-744077,imrt,FALSE,1,2,train,train,C:/Users/admin/Desktop/Top2/data/dataset_update_Lung/0617-744077+imrt+MOS_5194.npz,1.04,1.081
0617-745359,2Ac,TRUE,1,2,train,train,C:/Users/admin/Desktop/Top2/data/dataset_update_Lung/0617-745359+2Ac+MOS_52885.npz,1.04,1.088
0617-745359,imrt,FALSE,1,2,train,train,C:/Users/admin/Desktop/Top2/data/dataset_update_Lung/0617-745359+imrt+MOS_52885.npz,1.036,1.079
0617-748036,2Ac,TRUE,1,2,train,train,C:/Users/admin/Desktop/Top2/data/dataset_update_Lung/0617-748036+2Ac+MOS_5229.npz,1.041,1.071
0617-748036,imrt,FALSE,1,2,train,train,C:/Users/admin/Desktop/Top2/data/dataset_update_Lung/0617-748036+imrt+MOS_5229.npz,1.032,1.057
0617-748472,2Ac,TRUE,1,2,train,train,C:/Users/admin/Desktop/Top2/data/dataset_update_Lung/0617-748472+2Ac+MOS_41843.npz,1.031,1.06
0617-748472,imrt,FALSE,1,2,train,train,C:/Users/admin/Desktop/Top2/data/dataset_update_Lung/0617-748472+imrt+MOS_41843.npz,1.029,1.05
0617-748674,2Ac,TRUE,1,2,train,train,C:/Users/admin/Desktop/Top2/data/dataset_update_Lung/0617-748674+2Ac+MOS_23409.npz,1.033,1.057
0617-748674,imrt,FALSE,1,2,train,train,C:/Users/admin/Desktop/Top2/data/dataset_update_Lung/0617-748674+imrt+MOS_23409.npz,1.034,1.062
0617-748749,2Ac,TRUE,1,2,train,train,C:/Users/admin/Desktop/Top2/data/dataset_update_Lung/0617-748749+2Ac+MOS_16331.npz,1.037,1.066
0617-748749,imrt,FALSE,1,2,train,train,C:/Users/admin/Desktop/Top2/data/dataset_update_Lung/0617-748749+imrt+MOS_16331.npz,1.035,1.071
0617-748784,2Ac,TRUE,1,2,train,train,C:/Users/admin/Desktop/Top2/data/dataset_update_Lung/0617-748784+2Ac+MOS_2515.npz,1.031,1.056
0617-748784,imrt,FALSE,1,2,train,train,C:/Users/admin/Desktop/Top2/data/dataset_update_Lung/0617-748784+imrt+MOS_2515.npz,1.028,1.055
0617-748988,imrt,FALSE,1,2,train,train,C:/Users/admin/Desktop/Top2/data/dataset_update_Lung/0617-748988+imrt+MOS_32259.npz,1.071,1.112
0617-749421,2Ac,TRUE,1,2,train,train,C:/Users/admin/Desktop/Top2/data/dataset_update_Lung/0617-749421+2Ac+MOS_55144.npz,1.075,1.095
0617-749421,imrt,FALSE,1,2,train,train,C:/Users/admin/Desktop/Top2/data/dataset_update_Lung/0617-749421+imrt+MOS_55144.npz,1.065,1.083
0617-750563,2Ac,TRUE,1,2,train,train,C:/Users/admin/Desktop/Top2/data/dataset_update_Lung/0617-750563+2Ac+MOS_49887.npz,1.034,1.061
0617-750563,imrt,FALSE,1,2,train,train,C:/Users/admin/Desktop/Top2/data/dataset_update_Lung/0617-750563+imrt+MOS_49887.npz,1.031,1.062
0617-752117,2Ac,TRUE,1,2,train,train,C:/Users/admin/Desktop/Top2/data/dataset_update_Lung/0617-752117+2Ac+MOS_51360.npz,1.033,1.056
0617-752117,imrt,FALSE,1,2,train,train,C:/Users/admin/Desktop/Top2/data/dataset_update_Lung/0617-752117+imrt+MOS_51360.npz,1.035,1.063
0617-755214,2Ac,TRUE,1,2,train,train,C:/Users/admin/Desktop/Top2/data/dataset_update_Lung/0617-755214+2Ac+MOS_3540.npz,1.033,1.075
0617-755214,imrt,FALSE,1,2,train,train,C:/Users/admin/Desktop/Top2/data/dataset_update_Lung/0617-755214+imrt+MOS_3540.npz,1.037,1.09
0617-756630,2Ac,TRUE,1,2,train,train,C:/Users/admin/Desktop/Top2/data/dataset_update_Lung/0617-756630+2Ac+MOS_3347.npz,1.035,1.061
0617-756630,imrt,FALSE,1,2,train,train,C:/Users/admin/Desktop/Top2/data/dataset_update_Lung/0617-756630+imrt+MOS_3347.npz,1.034,1.062
0617-759543,2Ac,TRUE,1,2,train,train,C:/Users/admin/Desktop/Top2/data/dataset_update_Lung/0617-759543+2Ac+MOS_22508.npz,1.036,1.061
0617-759543,imrt,FALSE,1,2,train,train,C:/Users/admin/Desktop/Top2/data/dataset_update_Lung/0617-759543+imrt+MOS_22508.npz,1.032,1.055
0617-761486,2Ac,TRUE,1,2,train,train,C:/Users/admin/Desktop/Top2/data/dataset_update_Lung/0617-761486+2Ac+MOS_14308.npz,1.033,1.062
0617-761486,imrt,FALSE,1,2,train,train,C:/Users/admin/Desktop/Top2/data/dataset_update_Lung/0617-761486+imrt+MOS_14308.npz,1.032,1.05
0617-761493,2Ac,TRUE,1,2,train,train,C:/Users/admin/Desktop/Top2/data/dataset_update_Lung/0617-761493+2Ac+MOS_16937.npz,1.041,1.073
0617-761493,imrt,FALSE,1,2,train,train,C:/Users/admin/Desktop/Top2/data/dataset_update_Lung/0617-761493+imrt+MOS_16937.npz,1.036,1.059
0617-761615,2Ac,TRUE,1,2,train,train,C:/Users/admin/Desktop/Top2/data/dataset_update_Lung/0617-761615+2Ac+MOS_18153.npz,1.037,1.072
0617-761615,imrt,FALSE,1,2,train,train,C:/Users/admin/Desktop/Top2/data/dataset_update_Lung/0617-761615+imrt+MOS_18153.npz,1.035,1.062
0617-762091,2Ac,TRUE,1,2,train,train,C:/Users/admin/Desktop/Top2/data/dataset_update_Lung/0617-762091+2Ac+MOS_3141.npz,1.039,1.077
0617-762091,imrt,FALSE,1,2,train,train,C:/Users/admin/Desktop/Top2/data/dataset_update_Lung/0617-762091+imrt+MOS_3141.npz,1.032,1.056
0617-763022,2Ac,TRUE,1,2,train,train,C:/Users/admin/Desktop/Top2/data/dataset_update_Lung/0617-763022+2Ac+MOS_21688.npz,1.03,1.049
0617-763022,imrt,FALSE,1,2,train,train,C:/Users/admin/Desktop/Top2/data/dataset_update_Lung/0617-763022+imrt+MOS_21688.npz,1.028,1.049
0617-763596,2Ac,TRUE,1,2,train,train,C:/Users/admin/Desktop/Top2/data/dataset_update_Lung/0617-763596+2Ac+MOS_29283.npz,1.024,1.038
0617-763596,imrt,FALSE,1,2,train,train,C:/Users/admin/Desktop/Top2/data/dataset_update_Lung/0617-763596+imrt+MOS_29283.npz,1.022,1.038
0617-765711,2Ac,TRUE,1,2,train,train,C:/Users/admin/Desktop/Top2/data/dataset_update_Lung/0617-765711+2Ac+MOS_26509.npz,1.032,1.054
0617-765711,imrt,FALSE,1,2,train,train,C:/Users/admin/Desktop/Top2/data/dataset_update_Lung/0617-765711+imrt+MOS_26509.npz,1.032,1.055
0617-766921,2Ac,TRUE,1,2,train,train,C:/Users/admin/Desktop/Top2/data/dataset_update_Lung/0617-766921+2Ac+MOS_46204.npz,1.035,1.066
0617-766921,imrt,FALSE,1,2,train,train,C:/Users/admin/Desktop/Top2/data/dataset_update_Lung/0617-766921+imrt+MOS_46204.npz,1.037,1.061
0617-770070,2Ac,TRUE,1,2,train,train,C:/Users/admin/Desktop/Top2/data/dataset_update_Lung/0617-770070+2Ac+MOS_57462.npz,1.036,1.088
0617-770070,imrt,FALSE,1,2,train,train,C:/Users/admin/Desktop/Top2/data/dataset_update_Lung/0617-770070+imrt+MOS_57462.npz,1.036,1.068
0617-778876,2Ac,TRUE,1,2,train,train,C:/Users/admin/Desktop/Top2/data/dataset_update_Lung/0617-778876+2Ac+MOS_5411.npz,1.032,1.057
0617-778876,imrt,FALSE,1,2,train,train,C:/Users/admin/Desktop/Top2/data/dataset_update_Lung/0617-778876+imrt+MOS_5411.npz,1.031,1.063
0617-779653,2Ac,TRUE,1,2,train,train,C:/Users/admin/Desktop/Top2/data/dataset_update_Lung/0617-779653+2Ac+MOS_16274.npz,1.036,1.077
0617-779653,imrt,FALSE,1,2,train,train,C:/Users/admin/Desktop/Top2/data/dataset_update_Lung/0617-779653+imrt+MOS_16274.npz,1.034,1.06
0617-780022,2Ac,TRUE,1,2,train,train,C:/Users/admin/Desktop/Top2/data/dataset_update_Lung/0617-780022+2Ac+MOS_59442.npz,1.032,1.061
0617-780022,imrt,FALSE,1,2,train,train,C:/Users/admin/Desktop/Top2/data/dataset_update_Lung/0617-780022+imrt+MOS_59442.npz,1.03,1.072
0617-780511,2Ac,TRUE,1,2,train,train,C:/Users/admin/Desktop/Top2/data/dataset_update_Lung/0617-780511+2Ac+MOS_27898.npz,1.079,1.103
0617-780511,imrt,FALSE,1,2,train,train,C:/Users/admin/Desktop/Top2/data/dataset_update_Lung/0617-780511+imrt+MOS_27898.npz,1.07,1.094
0617-781895,2Ac,TRUE,1,2,train,train,C:/Users/admin/Desktop/Top2/data/dataset_update_Lung/0617-781895+2Ac+MOS_5956.npz,1.037,1.082
0617-781895,imrt,FALSE,1,2,train,train,C:/Users/admin/Desktop/Top2/data/dataset_update_Lung/0617-781895+imrt+MOS_5956.npz,1.035,1.068
0617-782816,2Ac,TRUE,1,2,train,train,C:/Users/admin/Desktop/Top2/data/dataset_update_Lung/0617-782816+2Ac+MOS_30433.npz,1.034,1.078
0617-782816,imrt,FALSE,1,2,train,train,C:/Users/admin/Desktop/Top2/data/dataset_update_Lung/0617-782816+imrt+MOS_30433.npz,1.031,1.054
0617-783036,2Ac,TRUE,1,2,train,train,C:/Users/admin/Desktop/Top2/data/dataset_update_Lung/0617-783036+2Ac+MOS_6185.npz,1.03,1.05
0617-783036,imrt,FALSE,1,2,train,train,C:/Users/admin/Desktop/Top2/data/dataset_update_Lung/0617-783036+imrt+MOS_6185.npz,1.028,1.052
0617-789413,2Ac,TRUE,1,2,train,train,C:/Users/admin/Desktop/Top2/data/dataset_update_Lung/0617-789413+2Ac+MOS_22297.npz,1.033,1.062
0617-789413,imrt,FALSE,1,2,train,train,C:/Users/admin/Desktop/Top2/data/dataset_update_Lung/0617-789413+imrt+MOS_22297.npz,1.036,1.065
0617-789552,2Ac,TRUE,1,2,train,train,C:/Users/admin/Desktop/Top2/data/dataset_update_Lung/0617-789552+2Ac+MOS_17946.npz,1.033,1.073
0617-789552,imrt,FALSE,1,2,train,train,C:/Users/admin/Desktop/Top2/data/dataset_update_Lung/0617-789552+imrt+MOS_17946.npz,1.039,1.092
0617-791093,2Ac,TRUE,1,2,train,train,C:/Users/admin/Desktop/Top2/data/dataset_update_Lung/0617-791093+2Ac+MOS_17653.npz,1.034,1.056
0617-791093,imrt,FALSE,1,2,train,train,C:/Users/admin/Desktop/Top2/data/dataset_update_Lung/0617-791093+imrt+MOS_17653.npz,1.036,1.066
0617-792061,imrt,FALSE,1,2,train,train,C:/Users/admin/Desktop/Top2/data/dataset_update_Lung/0617-792061+imrt+MOS_39715.npz,1.038,1.082
0617-793084,2Ac,TRUE,1,2,train,train,C:/Users/admin/Desktop/Top2/data/dataset_update_Lung/0617-793084+2Ac+MOS_243.npz,1.038,1.067
0617-793084,imrt,FALSE,1,2,train,train,C:/Users/admin/Desktop/Top2/data/dataset_update_Lung/0617-793084+imrt+MOS_243.npz,1.035,1.057
0617-799900,2Ac,TRUE,1,2,train,train,C:/Users/admin/Desktop/Top2/data/dataset_update_Lung/0617-799900+2Ac+MOS_14677.npz,1.037,1.062
0617-799900,imrt,FALSE,1,2,train,train,C:/Users/admin/Desktop/Top2/data/dataset_update_Lung/0617-799900+imrt+MOS_14677.npz,1.036,1.062
0617-801347,2Ac,TRUE,1,2,train,train,C:/Users/admin/Desktop/Top2/data/dataset_update_Lung/0617-801347+2Ac+MOS_340.npz,1.034,1.068
0617-801347,imrt,FALSE,1,2,train,train,C:/Users/admin/Desktop/Top2/data/dataset_update_Lung/0617-801347+imrt+MOS_340.npz,1.032,1.05
0617-802620,2Ac,TRUE,1,2,train,train,C:/Users/admin/Desktop/Top2/data/dataset_update_Lung/0617-802620+2Ac+MOS_12174.npz,1.034,1.059
0617-802620,imrt,FALSE,1,2,train,train,C:/Users/admin/Desktop/Top2/data/dataset_update_Lung/0617-802620+imrt+MOS_12174.npz,1.03,1.057
0617-803295,2Ac,TRUE,1,2,train,train,C:/Users/admin/Desktop/Top2/data/dataset_update_Lung/0617-803295+2Ac+MOS_38419.npz,1.035,1.068
0617-803295,imrt,FALSE,1,2,train,train,C:/Users/admin/Desktop/Top2/data/dataset_update_Lung/0617-803295+imrt+MOS_38419.npz,1.032,1.065
0617-805545,imrt,FALSE,1,2,train,train,C:/Users/admin/Desktop/Top2/data/dataset_update_Lung/0617-805545+imrt+MOS_1530.npz,1.061,1.11
0617-805653,2Ac,TRUE,1,2,train,train,C:/Users/admin/Desktop/Top2/data/dataset_update_Lung/0617-805653+2Ac+MOS_2073.npz,1.045,1.085
0617-805653,imrt,FALSE,1,2,train,train,C:/Users/admin/Desktop/Top2/data/dataset_update_Lung/0617-805653+imrt+MOS_2073.npz,1.038,1.077
0617-806431,2Ac,TRUE,1,2,train,train,C:/Users/admin/Desktop/Top2/data/dataset_update_Lung/0617-806431+2Ac+MOS_57672.npz,1.032,1.065
0617-806431,imrt,FALSE,1,2,train,train,C:/Users/admin/Desktop/Top2/data/dataset_update_Lung/0617-806431+imrt+MOS_57672.npz,1.028,1.05
0617-814060,2Ac,TRUE,1,2,train,train,C:/Users/admin/Desktop/Top2/data/dataset_update_Lung/0617-814060+2Ac+MOS_44829.npz,1.038,1.075
0617-814060,imrt,FALSE,1,2,train,train,C:/Users/admin/Desktop/Top2/data/dataset_update_Lung/0617-814060+imrt+MOS_44829.npz,1.035,1.068
0617-814116,2Ac,TRUE,1,2,train,train,C:/Users/admin/Desktop/Top2/data/dataset_update_Lung/0617-814116+2Ac+MOS_28732.npz,1.03,1.061
0617-814116,imrt,FALSE,1,2,train,train,C:/Users/admin/Desktop/Top2/data/dataset_update_Lung/0617-814116+imrt+MOS_28732.npz,1.031,1.054
0617-819526,2Ac,TRUE,1,2,train,train,C:/Users/admin/Desktop/Top2/data/dataset_update_Lung/0617-819526+2Ac+MOS_20724.npz,1.031,1.056
0617-819526,imrt,FALSE,1,2,train,train,C:/Users/admin/Desktop/Top2/data/dataset_update_Lung/0617-819526+imrt+MOS_20724.npz,1.03,1.06
0617-820440,2Ac,TRUE,1,2,train,train,C:/Users/admin/Desktop/Top2/data/dataset_update_Lung/0617-820440+2Ac+MOS_41313.npz,1.042,1.076
0617-820440,imrt,FALSE,1,2,train,train,C:/Users/admin/Desktop/Top2/data/dataset_update_Lung/0617-820440+imrt+MOS_41313.npz,1.038,1.073
0617-824028,2Ac,TRUE,1,2,train,train,C:/Users/admin/Desktop/Top2/data/dataset_update_Lung/0617-824028+2Ac+MOS_2663.npz,1.031,1.049
0617-824028,imrt,FALSE,1,2,train,train,C:/Users/admin/Desktop/Top2/data/dataset_update_Lung/0617-824028+imrt+MOS_2663.npz,1.031,1.046
0617-825533,2Ac,TRUE,1,2,train,train,C:/Users/admin/Desktop/Top2/data/dataset_update_Lung/0617-825533+2Ac+MOS_30189.npz,1.031,1.054
0617-825533,imrt,FALSE,1,2,train,train,C:/Users/admin/Desktop/Top2/data/dataset_update_Lung/0617-825533+imrt+MOS_30189.npz,1.029,1.054
0617-826124,2Ac,TRUE,1,2,train,train,C:/Users/admin/Desktop/Top2/data/dataset_update_Lung/0617-826124+2Ac+MOS_41668.npz,1.034,1.053
0617-826124,imrt,FALSE,1,2,train,train,C:/Users/admin/Desktop/Top2/data/dataset_update_Lung/0617-826124+imrt+MOS_41668.npz,1.028,1.043
0617-837914,2Ac,TRUE,1,2,train,train,C:/Users/admin/Desktop/Top2/data/dataset_update_Lung/0617-837914+2Ac+MOS_14699.npz,1.031,1.048
0617-837914,imrt,FALSE,1,2,train,train,C:/Users/admin/Desktop/Top2/data/dataset_update_Lung/0617-837914+imrt+MOS_14699.npz,1.03,1.057
0617-839996,2Ac,TRUE,1,2,train,train,C:/Users/admin/Desktop/Top2/data/dataset_update_Lung/0617-839996+2Ac+MOS_18963.npz,1.036,1.059
0617-839996,imrt,FALSE,1,2,train,train,C:/Users/admin/Desktop/Top2/data/dataset_update_Lung/0617-839996+imrt+MOS_18963.npz,1.03,1.046
0617-861429,2Ac,TRUE,1,2,train,train,C:/Users/admin/Desktop/Top2/data/dataset_update_Lung/0617-861429+2Ac+MOS_49350.npz,1.032,1.05
0617-861429,imrt,FALSE,1,2,train,train,C:/Users/admin/Desktop/Top2/data/dataset_update_Lung/0617-861429+imrt+MOS_49350.npz,1.031,1.05
0617-864282,2Ac,TRUE,1,2,train,train,C:/Users/admin/Desktop/Top2/data/dataset_update_Lung/0617-864282+2Ac+MOS_7268.npz,1.04,1.073
0617-876923,2Ac,TRUE,1,2,train,train,C:/Users/admin/Desktop/Top2/data/dataset_update_Lung/0617-876923+2Ac+MOS_21312.npz,1.033,1.059
0617-876923,imrt,FALSE,1,2,train,train,C:/Users/admin/Desktop/Top2/data/dataset_update_Lung/0617-876923+imrt+MOS_21312.npz,1.035,1.064
0617-893415,2Ac,TRUE,1,2,train,train,C:/Users/admin/Desktop/Top2/data/dataset_update_Lung/0617-893415+2Ac+MOS_59870.npz,1.031,1.072
0617-893415,imrt,FALSE,1,2,train,train,C:/Users/admin/Desktop/Top2/data/dataset_update_Lung/0617-893415+imrt+MOS_59870.npz,1.033,1.051
LUNG1-001,2Ac,TRUE,2,2,train,train,C:/Users/admin/Desktop/Top2/data/dataset_update_Lung/LUNG1-001+2Ac+MOS_1216.npz,1.036,1.059
LUNG1-001,imrt,FALSE,2,2,train,train,C:/Users/admin/Desktop/Top2/data/dataset_update_Lung/LUNG1-001+imrt+MOS_1216.npz,1.033,1.064
LUNG1-003,2Ac,TRUE,2,2,train,train,C:/Users/admin/Desktop/Top2/data/dataset_update_Lung/LUNG1-003+2Ac+MOS_43327.npz,1.026,1.044
LUNG1-003,imrt,FALSE,2,2,train,train,C:/Users/admin/Desktop/Top2/data/dataset_update_Lung/LUNG1-003+imrt+MOS_43327.npz,1.025,1.049
LUNG1-004,2Ac,TRUE,2,2,train,train,C:/Users/admin/Desktop/Top2/data/dataset_update_Lung/LUNG1-004+2Ac+MOS_1827.npz,1.028,1.047
LUNG1-004,imrt,FALSE,2,2,train,train,C:/Users/admin/Desktop/Top2/data/dataset_update_Lung/LUNG1-004+imrt+MOS_1827.npz,1.031,1.05
LUNG1-005,2Ac,TRUE,2,2,train,train,C:/Users/admin/Desktop/Top2/data/dataset_update_Lung/LUNG1-005+2Ac+MOS_6530.npz,1.036,1.066
LUNG1-005,imrt,FALSE,2,2,train,train,C:/Users/admin/Desktop/Top2/data/dataset_update_Lung/LUNG1-005+imrt+MOS_6530.npz,1.037,1.063
LUNG1-006,2Ac,TRUE,2,2,train,train,C:/Users/admin/Desktop/Top2/data/dataset_update_Lung/LUNG1-006+2Ac+MOS_22529.npz,1.054,1.083
LUNG1-006,imrt,FALSE,2,2,train,train,C:/Users/admin/Desktop/Top2/data/dataset_update_Lung/LUNG1-006+imrt+MOS_22529.npz,1.046,1.082
LUNG1-007,2Ac,TRUE,2,2,train,train,C:/Users/admin/Desktop/Top2/data/dataset_update_Lung/LUNG1-007+2Ac+MOS_120.npz,1.031,1.041
LUNG1-008,2Ac,TRUE,2,2,train,train,C:/Users/admin/Desktop/Top2/data/dataset_update_Lung/LUNG1-008+2Ac+MOS_9620.npz,1.023,1.036
LUNG1-008,imrt,FALSE,2,2,train,train,C:/Users/admin/Desktop/Top2/data/dataset_update_Lung/LUNG1-008+imrt+MOS_9620.npz,1.024,1.04
LUNG1-009,2Ac,TRUE,2,2,train,train,C:/Users/admin/Desktop/Top2/data/dataset_update_Lung/LUNG1-009+2Ac+MOS_20469.npz,1.033,1.07
LUNG1-009,imrt,FALSE,2,2,train,train,C:/Users/admin/Desktop/Top2/data/dataset_update_Lung/LUNG1-009+imrt+MOS_20469.npz,1.03,1.06
LUNG1-010,2Ac,TRUE,2,2,train,train,C:/Users/admin/Desktop/Top2/data/dataset_update_Lung/LUNG1-010+2Ac+MOS_19338.npz,1.029,1.058
LUNG1-010,imrt,FALSE,2,2,train,train,C:/Users/admin/Desktop/Top2/data/dataset_update_Lung/LUNG1-010+imrt+MOS_19338.npz,1.026,1.052
LUNG1-011,2Ac,TRUE,2,2,train,train,C:/Users/admin/Desktop/Top2/data/dataset_update_Lung/LUNG1-011+2Ac+MOS_15700.npz,1.03,1.054
LUNG1-013,2Ac,TRUE,2,2,train,train,C:/Users/admin/Desktop/Top2/data/dataset_update_Lung/LUNG1-013+2Ac+MOS_13188.npz,1.03,1.047
LUNG1-013,imrt,FALSE,2,2,train,train,C:/Users/admin/Desktop/Top2/data/dataset_update_Lung/LUNG1-013+imrt+MOS_13188.npz,1.029,1.043
LUNG1-014,2Ac,TRUE,2,2,train,train,C:/Users/admin/Desktop/Top2/data/dataset_update_Lung/LUNG1-014+2Ac+MOS_10799.npz,1.033,1.049
LUNG1-014,imrt,FALSE,2,2,train,train,C:/Users/admin/Desktop/Top2/data/dataset_update_Lung/LUNG1-014+imrt+MOS_10799.npz,1.029,1.044
LUNG1-015,2Ac,TRUE,2,2,train,train,C:/Users/admin/Desktop/Top2/data/dataset_update_Lung/LUNG1-015+2Ac+MOS_24699.npz,1.077,1.101
LUNG1-016,2Ac,TRUE,2,2,train,train,C:/Users/admin/Desktop/Top2/data/dataset_update_Lung/LUNG1-016+2Ac+MOS_17535.npz,1.028,1.053
LUNG1-017,2Ac,TRUE,2,2,train,train,C:/Users/admin/Desktop/Top2/data/dataset_update_Lung/LUNG1-017+2Ac+MOS_1114.npz,1.033,1.074
LUNG1-017,imrt,FALSE,2,2,train,train,C:/Users/admin/Desktop/Top2/data/dataset_update_Lung/LUNG1-017+imrt+MOS_1114.npz,1.034,1.069
LUNG1-018,2Ac,TRUE,2,2,train,train,C:/Users/admin/Desktop/Top2/data/dataset_update_Lung/LUNG1-018+2Ac+MOS_13692.npz,1.028,1.053
LUNG1-019,2Ac,TRUE,2,2,train,train,C:/Users/admin/Desktop/Top2/data/dataset_update_Lung/LUNG1-019+2Ac+MOS_37272.npz,1.032,1.063
LUNG1-019,imrt,FALSE,2,2,train,train,C:/Users/admin/Desktop/Top2/data/dataset_update_Lung/LUNG1-019+imrt+MOS_37272.npz,1.034,1.066
LUNG1-020,2Ac,TRUE,2,2,train,train,C:/Users/admin/Desktop/Top2/data/dataset_update_Lung/LUNG1-020+2Ac+MOS_52273.npz,1.034,1.055
LUNG1-020,imrt,FALSE,2,2,train,train,C:/Users/admin/Desktop/Top2/data/dataset_update_Lung/LUNG1-020+imrt+MOS_52273.npz,1.033,1.057
LUNG1-021,2Ac,TRUE,2,2,train,train,C:/Users/admin/Desktop/Top2/data/dataset_update_Lung/LUNG1-021+2Ac+MOS_7551.npz,1.029,1.057
LUNG1-021,imrt,FALSE,2,2,train,train,C:/Users/admin/Desktop/Top2/data/dataset_update_Lung/LUNG1-021+imrt+MOS_7551.npz,1.026,1.046
LUNG1-024,2Ac,TRUE,2,2,train,train,C:/Users/admin/Desktop/Top2/data/dataset_update_Lung/LUNG1-024+2Ac+MOS_37990.npz,1.026,1.038
LUNG1-024,imrt,FALSE,2,2,train,train,C:/Users/admin/Desktop/Top2/data/dataset_update_Lung/LUNG1-024+imrt+MOS_37990.npz,1.025,1.035
LUNG1-025,2Ac,TRUE,2,2,train,train,C:/Users/admin/Desktop/Top2/data/dataset_update_Lung/LUNG1-025+2Ac+MOS_51338.npz,1.028,1.041
LUNG1-025,imrt,FALSE,2,2,train,train,C:/Users/admin/Desktop/Top2/data/dataset_update_Lung/LUNG1-025+imrt+MOS_51338.npz,1.026,1.042
LUNG1-026,2Ac,TRUE,2,2,train,train,C:/Users/admin/Desktop/Top2/data/dataset_update_Lung/LUNG1-026+2Ac+MOS_10216.npz,1.037,1.076
LUNG1-027,2Ac,TRUE,2,2,train,train,C:/Users/admin/Desktop/Top2/data/dataset_update_Lung/LUNG1-027+2Ac+MOS_18565.npz,1.045,1.058
LUNG1-028,2Ac,TRUE,2,2,train,train,C:/Users/admin/Desktop/Top2/data/dataset_update_Lung/LUNG1-028+2Ac+MOS_2158.npz,1.025,1.037
LUNG1-029,2Ac,TRUE,2,2,train,train,C:/Users/admin/Desktop/Top2/data/dataset_update_Lung/LUNG1-029+2Ac+MOS_0532.npz,1.025,1.04
LUNG1-029,imrt,FALSE,2,2,train,train,C:/Users/admin/Desktop/Top2/data/dataset_update_Lung/LUNG1-029+imrt+MOS_0532.npz,1.027,1.042
LUNG1-030,2Ac,TRUE,2,2,train,train,C:/Users/admin/Desktop/Top2/data/dataset_update_Lung/LUNG1-030+2Ac+MOS_9320.npz,1.034,1.06
LUNG1-030,imrt,FALSE,2,2,train,train,C:/Users/admin/Desktop/Top2/data/dataset_update_Lung/LUNG1-030+imrt+MOS_9320.npz,1.039,1.075
LUNG1-031,2Ac,TRUE,2,2,train,train,C:/Users/admin/Desktop/Top2/data/dataset_update_Lung/LUNG1-031+2Ac+MOS_2394.npz,1.031,1.058
LUNG1-031,imrt,FALSE,2,2,train,train,C:/Users/admin/Desktop/Top2/data/dataset_update_Lung/LUNG1-031+imrt+MOS_2394.npz,1.031,1.071
LUNG1-033,2Ac,TRUE,2,2,train,train,C:/Users/admin/Desktop/Top2/data/dataset_update_Lung/LUNG1-033+2Ac+MOS_46286.npz,1.039,1.071
LUNG1-033,imrt,FALSE,2,2,train,train,C:/Users/admin/Desktop/Top2/data/dataset_update_Lung/LUNG1-033+imrt+MOS_46286.npz,1.036,1.094
LUNG1-034,2Ac,TRUE,2,2,train,train,C:/Users/admin/Desktop/Top2/data/dataset_update_Lung/LUNG1-034+2Ac+MOS_50413.npz,1.025,1.053
LUNG1-034,imrt,FALSE,2,2,train,train,C:/Users/admin/Desktop/Top2/data/dataset_update_Lung/LUNG1-034+imrt+MOS_50413.npz,1.026,1.043
LUNG1-035,2Ac,TRUE,2,2,train,train,C:/Users/admin/Desktop/Top2/data/dataset_update_Lung/LUNG1-035+2Ac+MOS_59741.npz,1.027,1.047
LUNG1-035,imrt,FALSE,2,2,train,train,C:/Users/admin/Desktop/Top2/data/dataset_update_Lung/LUNG1-035+imrt+MOS_59741.npz,1.026,1.047
LUNG1-036,2Ac,TRUE,2,2,train,train,C:/Users/admin/Desktop/Top2/data/dataset_update_Lung/LUNG1-036+2Ac+MOS_43565.npz,1.032,1.048
LUNG1-036,imrt,FALSE,2,2,train,train,C:/Users/admin/Desktop/Top2/data/dataset_update_Lung/LUNG1-036+imrt+MOS_43565.npz,1.027,1.047
LUNG1-037,2Ac,TRUE,2,2,train,train,C:/Users/admin/Desktop/Top2/data/dataset_update_Lung/LUNG1-037+2Ac+MOS_53635.npz,1.029,1.047
LUNG1-037,imrt,FALSE,2,2,train,train,C:/Users/admin/Desktop/Top2/data/dataset_update_Lung/LUNG1-037+imrt+MOS_53635.npz,1.028,1.046
LUNG1-038,2Ac,TRUE,2,2,train,train,C:/Users/admin/Desktop/Top2/data/dataset_update_Lung/LUNG1-038+2Ac+MOS_5569.npz,1.029,1.051
LUNG1-038,imrt,FALSE,2,2,train,train,C:/Users/admin/Desktop/Top2/data/dataset_update_Lung/LUNG1-038+imrt+MOS_5569.npz,1.027,1.045
LUNG1-039,2Ac,TRUE,2,2,train,train,C:/Users/admin/Desktop/Top2/data/dataset_update_Lung/LUNG1-039+2Ac+MOS_57954.npz,1.069,1.083
LUNG1-039,imrt,FALSE,2,2,train,train,C:/Users/admin/Desktop/Top2/data/dataset_update_Lung/LUNG1-039+imrt+MOS_57954.npz,1.06,1.079
LUNG1-040,2Ac,TRUE,2,2,train,train,C:/Users/admin/Desktop/Top2/data/dataset_update_Lung/LUNG1-040+2Ac+MOS_6285.npz,1.033,1.057
LUNG1-040,imrt,FALSE,2,2,train,train,C:/Users/admin/Desktop/Top2/data/dataset_update_Lung/LUNG1-040+imrt+MOS_6285.npz,1.025,1.045
LUNG1-041,2Ac,TRUE,2,2,train,train,C:/Users/admin/Desktop/Top2/data/dataset_update_Lung/LUNG1-041+2Ac+MOS_15102.npz,1.027,1.046
LUNG1-041,imrt,FALSE,2,2,train,train,C:/Users/admin/Desktop/Top2/data/dataset_update_Lung/LUNG1-041+imrt+MOS_15102.npz,1.024,1.045
LUNG1-043,2Ac,TRUE,2,2,train,train,C:/Users/admin/Desktop/Top2/data/dataset_update_Lung/LUNG1-043+2Ac+MOS_40355.npz,1.032,1.056
LUNG1-043,imrt,FALSE,2,2,train,train,C:/Users/admin/Desktop/Top2/data/dataset_update_Lung/LUNG1-043+imrt+MOS_40355.npz,1.03,1.052
LUNG1-044,2Ac,TRUE,2,2,train,train,C:/Users/admin/Desktop/Top2/data/dataset_update_Lung/LUNG1-044+2Ac+MOS_50348.npz,1.035,1.059
LUNG1-044,imrt,FALSE,2,2,train,train,C:/Users/admin/Desktop/Top2/data/dataset_update_Lung/LUNG1-044+imrt+MOS_50348.npz,1.034,1.068
LUNG1-046,2Ac,TRUE,2,2,train,train,C:/Users/admin/Desktop/Top2/data/dataset_update_Lung/LUNG1-046+2Ac+MOS_6451.npz,1.028,1.043
LUNG1-046,imrt,FALSE,2,2,train,train,C:/Users/admin/Desktop/Top2/data/dataset_update_Lung/LUNG1-046+imrt+MOS_6451.npz,1.026,1.05
LUNG1-047,2Ac,TRUE,2,2,train,train,C:/Users/admin/Desktop/Top2/data/dataset_update_Lung/LUNG1-047+2Ac+MOS_21483.npz,1.027,1.055
LUNG1-047,imrt,FALSE,2,2,train,train,C:/Users/admin/Desktop/Top2/data/dataset_update_Lung/LUNG1-047+imrt+MOS_21483.npz,1.029,1.048
LUNG1-048,2Ac,TRUE,2,2,train,train,C:/Users/admin/Desktop/Top2/data/dataset_update_Lung/LUNG1-048+2Ac+MOS_3605.npz,1.029,1.053
LUNG1-048,imrt,FALSE,2,2,train,train,C:/Users/admin/Desktop/Top2/data/dataset_update_Lung/LUNG1-048+imrt+MOS_3605.npz,1.026,1.047
LUNG1-049,2Ac,TRUE,2,2,train,train,C:/Users/admin/Desktop/Top2/data/dataset_update_Lung/LUNG1-049+2Ac+MOS_34417.npz,1.049,1.072
LUNG1-049,imrt,FALSE,2,2,train,train,C:/Users/admin/Desktop/Top2/data/dataset_update_Lung/LUNG1-049+imrt+MOS_34417.npz,1.043,1.061
LUNG1-050,2Ac,TRUE,2,2,train,train,C:/Users/admin/Desktop/Top2/data/dataset_update_Lung/LUNG1-050+2Ac+MOS_37204.npz,1.026,1.041
LUNG1-050,imrt,FALSE,2,2,train,train,C:/Users/admin/Desktop/Top2/data/dataset_update_Lung/LUNG1-050+imrt+MOS_37204.npz,1.024,1.04
LUNG1-051,2Ac,TRUE,2,2,train,train,C:/Users/admin/Desktop/Top2/data/dataset_update_Lung/LUNG1-051+2Ac+MOS_2010.npz,1.05,1.067
LUNG1-053,2Ac,TRUE,2,2,train,train,C:/Users/admin/Desktop/Top2/data/dataset_update_Lung/LUNG1-053+2Ac+MOS_8384.npz,1.027,1.048
LUNG1-053,imrt,FALSE,2,2,train,train,C:/Users/admin/Desktop/Top2/data/dataset_update_Lung/LUNG1-053+imrt+MOS_8384.npz,1.026,1.047
LUNG1-054,2Ac,TRUE,2,2,train,train,C:/Users/admin/Desktop/Top2/data/dataset_update_Lung/LUNG1-054+2Ac+MOS_27811.npz,1.04,1.068
LUNG1-054,imrt,FALSE,2,2,train,train,C:/Users/admin/Desktop/Top2/data/dataset_update_Lung/LUNG1-054+imrt+MOS_27811.npz,1.035,1.054
LUNG1-055,2Ac,TRUE,2,2,train,train,C:/Users/admin/Desktop/Top2/data/dataset_update_Lung/LUNG1-055+2Ac+MOS_7743.npz,1.026,1.047
LUNG1-055,imrt,FALSE,2,2,train,train,C:/Users/admin/Desktop/Top2/data/dataset_update_Lung/LUNG1-055+imrt+MOS_7743.npz,1.022,1.047
LUNG1-056,2Ac,TRUE,2,2,train,train,C:/Users/admin/Desktop/Top2/data/dataset_update_Lung/LUNG1-056+2Ac+MOS_5494.npz,1.035,1.089
LUNG1-056,imrt,FALSE,2,2,train,train,C:/Users/admin/Desktop/Top2/data/dataset_update_Lung/LUNG1-056+imrt+MOS_5494.npz,1.036,1.086
LUNG1-057,2Ac,TRUE,2,2,train,train,C:/Users/admin/Desktop/Top2/data/dataset_update_Lung/LUNG1-057+2Ac+MOS_1361.npz,1.028,1.054
LUNG1-057,imrt,FALSE,2,2,train,train,C:/Users/admin/Desktop/Top2/data/dataset_update_Lung/LUNG1-057+imrt+MOS_1361.npz,1.024,1.057
LUNG1-058,2Ac,TRUE,2,2,train,train,C:/Users/admin/Desktop/Top2/data/dataset_update_Lung/LUNG1-058+2Ac+MOS_35125.npz,1.038,1.061
LUNG1-058,imrt,FALSE,2,2,train,train,C:/Users/admin/Desktop/Top2/data/dataset_update_Lung/LUNG1-058+imrt+MOS_35125.npz,1.036,1.055
LUNG1-059,2Ac,TRUE,2,2,train,train,C:/Users/admin/Desktop/Top2/data/dataset_update_Lung/LUNG1-059+2Ac+MOS_51976.npz,1.041,1.087
LUNG1-059,imrt,FALSE,2,2,train,train,C:/Users/admin/Desktop/Top2/data/dataset_update_Lung/LUNG1-059+imrt+MOS_51976.npz,1.039,1.069
LUNG1-060,2Ac,TRUE,2,2,train,train,C:/Users/admin/Desktop/Top2/data/dataset_update_Lung/LUNG1-060+2Ac+MOS_43777.npz,1.031,1.053
LUNG1-060,imrt,FALSE,2,2,train,train,C:/Users/admin/Desktop/Top2/data/dataset_update_Lung/LUNG1-060+imrt+MOS_43777.npz,1.028,1.045
LUNG1-061,2Ac,TRUE,2,2,train,train,C:/Users/admin/Desktop/Top2/data/dataset_update_Lung/LUNG1-061+2Ac+MOS_58599.npz,1.029,1.046
LUNG1-061,imrt,FALSE,2,2,train,train,C:/Users/admin/Desktop/Top2/data/dataset_update_Lung/LUNG1-061+imrt+MOS_58599.npz,1.03,1.049
LUNG1-063,2Ac,TRUE,2,2,train,train,C:/Users/admin/Desktop/Top2/data/dataset_update_Lung/LUNG1-063+2Ac+MOS_1545.npz,1.027,1.063
LUNG1-063,imrt,FALSE,2,2,train,train,C:/Users/admin/Desktop/Top2/data/dataset_update_Lung/LUNG1-063+imrt+MOS_1545.npz,1.027,1.048
LUNG1-064,2Ac,TRUE,2,2,train,train,C:/Users/admin/Desktop/Top2/data/dataset_update_Lung/LUNG1-064+2Ac+MOS_26186.npz,1.034,1.048
LUNG1-064,imrt,FALSE,2,2,train,train,C:/Users/admin/Desktop/Top2/data/dataset_update_Lung/LUNG1-064+imrt+MOS_26186.npz,1.035,1.047
LUNG1-065,2Ac,TRUE,2,2,train,train,C:/Users/admin/Desktop/Top2/data/dataset_update_Lung/LUNG1-065+2Ac+MOS_1896.npz,1.032,1.071
LUNG1-065,imrt,FALSE,2,2,train,train,C:/Users/admin/Desktop/Top2/data/dataset_update_Lung/LUNG1-065+imrt+MOS_1896.npz,1.034,1.067
LUNG1-066,2Ac,TRUE,2,2,train,train,C:/Users/admin/Desktop/Top2/data/dataset_update_Lung/LUNG1-066+2Ac+MOS_20993.npz,1.028,1.045
LUNG1-066,imrt,FALSE,2,2,train,train,C:/Users/admin/Desktop/Top2/data/dataset_update_Lung/LUNG1-066+imrt+MOS_20993.npz,1.025,1.046
LUNG1-068,2Ac,TRUE,2,2,train,train,C:/Users/admin/Desktop/Top2/data/dataset_update_Lung/LUNG1-068+2Ac+MOS_34769.npz,1.029,1.056
LUNG1-069,2Ac,TRUE,2,2,train,train,C:/Users/admin/Desktop/Top2/data/dataset_update_Lung/LUNG1-069+2Ac+MOS_3939.npz,1.044,1.079
LUNG1-069,imrt,FALSE,2,2,train,train,C:/Users/admin/Desktop/Top2/data/dataset_update_Lung/LUNG1-069+imrt+MOS_3939.npz,1.041,1.075
LUNG1-070,2Ac,TRUE,2,2,train,train,C:/Users/admin/Desktop/Top2/data/dataset_update_Lung/LUNG1-070+2Ac+MOS_54314.npz,1.033,1.055
LUNG1-070,imrt,FALSE,2,2,train,train,C:/Users/admin/Desktop/Top2/data/dataset_update_Lung/LUNG1-070+imrt+MOS_54314.npz,1.031,1.062
LUNG1-071,2Ac,TRUE,2,2,train,train,C:/Users/admin/Desktop/Top2/data/dataset_update_Lung/LUNG1-071+2Ac+MOS_41889.npz,1.031,1.047
LUNG1-071,imrt,FALSE,2,2,train,train,C:/Users/admin/Desktop/Top2/data/dataset_update_Lung/LUNG1-071+imrt+MOS_41889.npz,1.027,1.041
LUNG1-073,2Ac,TRUE,2,2,train,train,C:/Users/admin/Desktop/Top2/data/dataset_update_Lung/LUNG1-073+2Ac+MOS_31913.npz,1.027,1.047
LUNG1-073,imrt,FALSE,2,2,train,train,C:/Users/admin/Desktop/Top2/data/dataset_update_Lung/LUNG1-073+imrt+MOS_31913.npz,1.027,1.051
LUNG1-074,2Ac,TRUE,2,2,train,train,C:/Users/admin/Desktop/Top2/data/dataset_update_Lung/LUNG1-074+2Ac+MOS_5356.npz,1.029,1.049
LUNG1-074,imrt,FALSE,2,2,train,train,C:/Users/admin/Desktop/Top2/data/dataset_update_Lung/LUNG1-074+imrt+MOS_5356.npz,1.03,1.053
LUNG1-075,2Ac,TRUE,2,2,train,train,C:/Users/admin/Desktop/Top2/data/dataset_update_Lung/LUNG1-075+2Ac+MOS_0675.npz,1.043,1.067
LUNG1-075,imrt,FALSE,2,2,train,train,C:/Users/admin/Desktop/Top2/data/dataset_update_Lung/LUNG1-075+imrt+MOS_0675.npz,1.034,1.066
LUNG1-076,2Ac,TRUE,2,2,train,train,C:/Users/admin/Desktop/Top2/data/dataset_update_Lung/LUNG1-076+2Ac+MOS_3341.npz,1.028,1.047
LUNG1-076,imrt,FALSE,2,2,train,train,C:/Users/admin/Desktop/Top2/data/dataset_update_Lung/LUNG1-076+imrt+MOS_3341.npz,1.028,1.056
LUNG1-077,2Ac,TRUE,2,2,train,train,C:/Users/admin/Desktop/Top2/data/dataset_update_Lung/LUNG1-077+2Ac+MOS_18490.npz,1.029,1.051
LUNG1-077,imrt,FALSE,2,2,train,train,C:/Users/admin/Desktop/Top2/data/dataset_update_Lung/LUNG1-077+imrt+MOS_18490.npz,1.029,1.051
LUNG1-078,2Ac,TRUE,2,2,train,train,C:/Users/admin/Desktop/Top2/data/dataset_update_Lung/LUNG1-078+2Ac+MOS_5803.npz,1.042,1.055
LUNG1-079,2Ac,TRUE,2,2,train,train,C:/Users/admin/Desktop/Top2/data/dataset_update_Lung/LUNG1-079+2Ac+MOS_52609.npz,1.027,1.065
LUNG1-079,imrt,FALSE,2,2,train,train,C:/Users/admin/Desktop/Top2/data/dataset_update_Lung/LUNG1-079+imrt+MOS_52609.npz,1.027,1.055
LUNG1-080,2Ac,TRUE,2,2,train,train,C:/Users/admin/Desktop/Top2/data/dataset_update_Lung/LUNG1-080+2Ac+MOS_1589.npz,1.079,1.09
LUNG1-080,imrt,FALSE,2,2,train,train,C:/Users/admin/Desktop/Top2/data/dataset_update_Lung/LUNG1-080+imrt+MOS_1589.npz,1.056,1.075
LUNG1-081,2Ac,TRUE,2,2,train,train,C:/Users/admin/Desktop/Top2/data/dataset_update_Lung/LUNG1-081+2Ac+MOS_14239.npz,1.026,1.034
LUNG1-081,imrt,FALSE,2,2,train,train,C:/Users/admin/Desktop/Top2/data/dataset_update_Lung/LUNG1-081+imrt+MOS_14239.npz,1.024,1.034
LUNG1-084,2Ac,TRUE,2,2,train,train,C:/Users/admin/Desktop/Top2/data/dataset_update_Lung/LUNG1-084+2Ac+MOS_20819.npz,1.056,1.074
LUNG1-084,imrt,FALSE,2,2,train,train,C:/Users/admin/Desktop/Top2/data/dataset_update_Lung/LUNG1-084+imrt+MOS_20819.npz,1.07,1.092
LUNG1-085,2Ac,TRUE,2,2,train,train,C:/Users/admin/Desktop/Top2/data/dataset_update_Lung/LUNG1-085+2Ac+MOS_33358.npz,1.045,1.077
LUNG1-086,2Ac,TRUE,2,2,train,train,C:/Users/admin/Desktop/Top2/data/dataset_update_Lung/LUNG1-086+2Ac+MOS_35324.npz,1.027,1.034
LUNG1-086,imrt,FALSE,2,2,train,train,C:/Users/admin/Desktop/Top2/data/dataset_update_Lung/LUNG1-086+imrt+MOS_35324.npz,1.028,1.033
LUNG1-087,2Ac,TRUE,2,2,train,train,C:/Users/admin/Desktop/Top2/data/dataset_update_Lung/LUNG1-087+2Ac+MOS_5329.npz,1.054,1.062
LUNG1-087,imrt,FALSE,2,2,train,train,C:/Users/admin/Desktop/Top2/data/dataset_update_Lung/LUNG1-087+imrt+MOS_5329.npz,1.05,1.061
LUNG1-088,2Ac,TRUE,2,2,train,train,C:/Users/admin/Desktop/Top2/data/dataset_update_Lung/LUNG1-088+2Ac+MOS_3864.npz,1.029,1.056
LUNG1-088,imrt,FALSE,2,2,train,train,C:/Users/admin/Desktop/Top2/data/dataset_update_Lung/LUNG1-088+imrt+MOS_3864.npz,1.026,1.046
LUNG1-089,2Ac,TRUE,2,2,train,train,C:/Users/admin/Desktop/Top2/data/dataset_update_Lung/LUNG1-089+2Ac+MOS_4124.npz,1.032,1.042
LUNG1-089,imrt,FALSE,2,2,train,train,C:/Users/admin/Desktop/Top2/data/dataset_update_Lung/LUNG1-089+imrt+MOS_4124.npz,1.038,1.049
LUNG1-093,2Ac,TRUE,2,2,train,train,C:/Users/admin/Desktop/Top2/data/dataset_update_Lung/LUNG1-093+2Ac+MOS_15330.npz,1.029,1.047
LUNG1-093,imrt,FALSE,2,2,train,train,C:/Users/admin/Desktop/Top2/data/dataset_update_Lung/LUNG1-093+imrt+MOS_15330.npz,1.033,1.056
LUNG1-094,2Ac,TRUE,2,2,train,train,C:/Users/admin/Desktop/Top2/data/dataset_update_Lung/LUNG1-094+2Ac+MOS_17625.npz,1.027,1.056
LUNG1-096,2Ac,TRUE,2,2,train,train,C:/Users/admin/Desktop/Top2/data/dataset_update_Lung/LUNG1-096+2Ac+MOS_28562.npz,1.031,1.056
LUNG1-096,imrt,FALSE,2,2,train,train,C:/Users/admin/Desktop/Top2/data/dataset_update_Lung/LUNG1-096+imrt+MOS_28562.npz,1.028,1.054
LUNG1-097,2Ac,TRUE,2,2,train,train,C:/Users/admin/Desktop/Top2/data/dataset_update_Lung/LUNG1-097+2Ac+MOS_29500.npz,1.033,1.065
LUNG1-097,imrt,FALSE,2,2,train,train,C:/Users/admin/Desktop/Top2/data/dataset_update_Lung/LUNG1-097+imrt+MOS_29500.npz,1.037,1.082
LUNG1-098,2Ac,TRUE,2,2,train,train,C:/Users/admin/Desktop/Top2/data/dataset_update_Lung/LUNG1-098+2Ac+MOS_4259.npz,1.048,1.059
LUNG1-098,imrt,FALSE,2,2,train,train,C:/Users/admin/Desktop/Top2/data/dataset_update_Lung/LUNG1-098+imrt+MOS_4259.npz,1.04,1.049
LUNG1-099,2Ac,TRUE,2,2,train,train,C:/Users/admin/Desktop/Top2/data/dataset_update_Lung/LUNG1-099+2Ac+MOS_56.npz,1.035,1.062
LUNG1-099,imrt,FALSE,2,2,train,train,C:/Users/admin/Desktop/Top2/data/dataset_update_Lung/LUNG1-099+imrt+MOS_56.npz,1.034,1.059
LUNG1-100,2Ac,TRUE,2,2,train,train,C:/Users/admin/Desktop/Top2/data/dataset_update_Lung/LUNG1-100+2Ac+MOS_1521.npz,1.054,1.071
LUNG1-100,imrt,FALSE,2,2,train,train,C:/Users/admin/Desktop/Top2/data/dataset_update_Lung/LUNG1-100+imrt+MOS_1521.npz,1.041,1.059
LUNG1-101,2Ac,TRUE,2,2,train,train,C:/Users/admin/Desktop/Top2/data/dataset_update_Lung/LUNG1-101+2Ac+MOS_12792.npz,1.036,1.06
LUNG1-101,imrt,FALSE,2,2,train,train,C:/Users/admin/Desktop/Top2/data/dataset_update_Lung/LUNG1-101+imrt+MOS_12792.npz,1.033,1.062
LUNG1-103,2Ac,TRUE,2,2,train,train,C:/Users/admin/Desktop/Top2/data/dataset_update_Lung/LUNG1-103+2Ac+MOS_50434.npz,1.047,1.071
LUNG1-103,imrt,FALSE,2,2,train,train,C:/Users/admin/Desktop/Top2/data/dataset_update_Lung/LUNG1-103+imrt+MOS_50434.npz,1.044,1.059
LUNG1-104,2Ac,TRUE,2,2,train,train,C:/Users/admin/Desktop/Top2/data/dataset_update_Lung/LUNG1-104+2Ac+MOS_8989.npz,1.03,1.043
LUNG1-104,imrt,FALSE,2,2,train,train,C:/Users/admin/Desktop/Top2/data/dataset_update_Lung/LUNG1-104+imrt+MOS_8989.npz,1.03,1.054
LUNG1-105,2Ac,TRUE,2,2,train,train,C:/Users/admin/Desktop/Top2/data/dataset_update_Lung/LUNG1-105+2Ac+MOS_21500.npz,1.028,1.048
LUNG1-105,imrt,FALSE,2,2,train,train,C:/Users/admin/Desktop/Top2/data/dataset_update_Lung/LUNG1-105+imrt+MOS_21500.npz,1.026,1.05
LUNG1-106,2Ac,TRUE,2,2,train,train,C:/Users/admin/Desktop/Top2/data/dataset_update_Lung/LUNG1-106+2Ac+MOS_2549.npz,1.024,1.036
LUNG1-107,2Ac,TRUE,2,2,train,train,C:/Users/admin/Desktop/Top2/data/dataset_update_Lung/LUNG1-107+2Ac+MOS_38947.npz,1.023,1.04
LUNG1-107,imrt,FALSE,2,2,train,train,C:/Users/admin/Desktop/Top2/data/dataset_update_Lung/LUNG1-107+imrt+MOS_38947.npz,1.024,1.043
LUNG1-108,2Ac,TRUE,2,2,train,train,C:/Users/admin/Desktop/Top2/data/dataset_update_Lung/LUNG1-108+2Ac+MOS_33713.npz,1.038,1.057
LUNG1-109,2Ac,TRUE,2,2,train,train,C:/Users/admin/Desktop/Top2/data/dataset_update_Lung/LUNG1-109+2Ac+MOS_38530.npz,1.036,1.067
LUNG1-109,imrt,FALSE,2,2,train,train,C:/Users/admin/Desktop/Top2/data/dataset_update_Lung/LUNG1-109+imrt+MOS_38530.npz,1.032,1.058
LUNG1-111,2Ac,TRUE,2,2,train,train,C:/Users/admin/Desktop/Top2/data/dataset_update_Lung/LUNG1-111+2Ac+MOS_2612.npz,1.034,1.043
LUNG1-113,2Ac,TRUE,2,2,train,train,C:/Users/admin/Desktop/Top2/data/dataset_update_Lung/LUNG1-113+2Ac+MOS_29107.npz,1.031,1.045
LUNG1-114,2Ac,TRUE,2,2,train,train,C:/Users/admin/Desktop/Top2/data/dataset_update_Lung/LUNG1-114+2Ac+MOS_5348.npz,1.033,1.043
LUNG1-114,imrt,FALSE,2,2,train,train,C:/Users/admin/Desktop/Top2/data/dataset_update_Lung/LUNG1-114+imrt+MOS_5348.npz,1.033,1.044
LUNG1-115,2Ac,TRUE,2,2,train,train,C:/Users/admin/Desktop/Top2/data/dataset_update_Lung/LUNG1-115+2Ac+MOS_6650.npz,1.03,1.055
LUNG1-115,imrt,FALSE,2,2,train,train,C:/Users/admin/Desktop/Top2/data/dataset_update_Lung/LUNG1-115+imrt+MOS_6650.npz,1.031,1.051
LUNG1-117,2Ac,TRUE,2,2,train,train,C:/Users/admin/Desktop/Top2/data/dataset_update_Lung/LUNG1-117+2Ac+MOS_57475.npz,1.034,1.064
LUNG1-117,imrt,FALSE,2,2,train,train,C:/Users/admin/Desktop/Top2/data/dataset_update_Lung/LUNG1-117+imrt+MOS_57475.npz,1.03,1.054
LUNG1-118,2Ac,TRUE,2,2,train,train,C:/Users/admin/Desktop/Top2/data/dataset_update_Lung/LUNG1-118+2Ac+MOS_34787.npz,1.05,1.062
LUNG1-118,imrt,FALSE,2,2,train,train,C:/Users/admin/Desktop/Top2/data/dataset_update_Lung/LUNG1-118+imrt+MOS_34787.npz,1.045,1.052
LUNG1-119,2Ac,TRUE,2,2,train,train,C:/Users/admin/Desktop/Top2/data/dataset_update_Lung/LUNG1-119+2Ac+MOS_39240.npz,1.026,1.037
LUNG1-119,imrt,FALSE,2,2,train,train,C:/Users/admin/Desktop/Top2/data/dataset_update_Lung/LUNG1-119+imrt+MOS_39240.npz,1.029,1.043
LUNG1-120,2Ac,TRUE,2,2,train,train,C:/Users/admin/Desktop/Top2/data/dataset_update_Lung/LUNG1-120+2Ac+MOS_52115.npz,1.031,1.055
LUNG1-120,imrt,FALSE,2,2,train,train,C:/Users/admin/Desktop/Top2/data/dataset_update_Lung/LUNG1-120+imrt+MOS_52115.npz,1.031,1.058
LUNG1-121,2Ac,TRUE,2,2,train,train,C:/Users/admin/Desktop/Top2/data/dataset_update_Lung/LUNG1-121+2Ac+MOS_25546.npz,1.027,1.047
LUNG1-121,imrt,FALSE,2,2,train,train,C:/Users/admin/Desktop/Top2/data/dataset_update_Lung/LUNG1-121+imrt+MOS_25546.npz,1.025,1.053
LUNG1-123,2Ac,TRUE,2,2,train,train,C:/Users/admin/Desktop/Top2/data/dataset_update_Lung/LUNG1-123+2Ac+MOS_159.npz,1.036,1.065
LUNG1-123,imrt,FALSE,2,2,train,train,C:/Users/admin/Desktop/Top2/data/dataset_update_Lung/LUNG1-123+imrt+MOS_159.npz,1.034,1.072
LUNG1-124,2Ac,TRUE,2,2,train,train,C:/Users/admin/Desktop/Top2/data/dataset_update_Lung/LUNG1-124+2Ac+MOS_27169.npz,1.043,1.076
LUNG1-124,imrt,FALSE,2,2,train,train,C:/Users/admin/Desktop/Top2/data/dataset_update_Lung/LUNG1-124+imrt+MOS_27169.npz,1.033,1.051
LUNG1-125,2Ac,TRUE,2,2,train,train,C:/Users/admin/Desktop/Top2/data/dataset_update_Lung/LUNG1-125+2Ac+MOS_36910.npz,1.03,1.05
LUNG1-125,imrt,FALSE,2,2,train,train,C:/Users/admin/Desktop/Top2/data/dataset_update_Lung/LUNG1-125+imrt+MOS_36910.npz,1.028,1.053
LUNG1-126,2Ac,TRUE,2,2,train,train,C:/Users/admin/Desktop/Top2/data/dataset_update_Lung/LUNG1-126+2Ac+MOS_10504.npz,1.03,1.048
LUNG1-126,imrt,FALSE,2,2,train,train,C:/Users/admin/Desktop/Top2/data/dataset_update_Lung/LUNG1-126+imrt+MOS_10504.npz,1.032,1.047
LUNG1-127,2Ac,TRUE,2,2,train,train,C:/Users/admin/Desktop/Top2/data/dataset_update_Lung/LUNG1-127+2Ac+MOS_23749.npz,1.028,1.039
LUNG1-127,imrt,FALSE,2,2,train,train,C:/Users/admin/Desktop/Top2/data/dataset_update_Lung/LUNG1-127+imrt+MOS_23749.npz,1.028,1.04
LUNG1-128,2Ac,TRUE,2,2,train,train,C:/Users/admin/Desktop/Top2/data/dataset_update_Lung/LUNG1-128+2Ac+MOS_21358.npz,1.029,1.042
LUNG1-128,imrt,FALSE,2,2,train,train,C:/Users/admin/Desktop/Top2/data/dataset_update_Lung/LUNG1-128+imrt+MOS_21358.npz,1.032,1.049
LUNG1-129,2Ac,TRUE,2,2,train,train,C:/Users/admin/Desktop/Top2/data/dataset_update_Lung/LUNG1-129+2Ac+MOS_3251.npz,1.031,1.051
LUNG1-129,imrt,FALSE,2,2,train,train,C:/Users/admin/Desktop/Top2/data/dataset_update_Lung/LUNG1-129+imrt+MOS_3251.npz,1.03,1.049
LUNG1-131,2Ac,TRUE,2,2,train,train,C:/Users/admin/Desktop/Top2/data/dataset_update_Lung/LUNG1-131+2Ac+MOS_57240.npz,1.029,1.041
LUNG1-131,imrt,FALSE,2,2,train,train,C:/Users/admin/Desktop/Top2/data/dataset_update_Lung/LUNG1-131+imrt+MOS_57240.npz,1.031,1.048
LUNG1-133,2Ac,TRUE,2,2,train,train,C:/Users/admin/Desktop/Top2/data/dataset_update_Lung/LUNG1-133+2Ac+MOS_15550.npz,1.055,1.068
LUNG1-133,imrt,FALSE,2,2,train,train,C:/Users/admin/Desktop/Top2/data/dataset_update_Lung/LUNG1-133+imrt+MOS_15550.npz,1.044,1.062
LUNG1-134,2Ac,TRUE,2,2,train,train,C:/Users/admin/Desktop/Top2/data/dataset_update_Lung/LUNG1-134+2Ac+MOS_24270.npz,1.06,1.073
LUNG1-135,2Ac,TRUE,2,2,train,train,C:/Users/admin/Desktop/Top2/data/dataset_update_Lung/LUNG1-135+2Ac+MOS_27151.npz,1.023,1.035
LUNG1-135,imrt,FALSE,2,2,train,train,C:/Users/admin/Desktop/Top2/data/dataset_update_Lung/LUNG1-135+imrt+MOS_27151.npz,1.025,1.038
LUNG1-136,2Ac,TRUE,2,2,train,train,C:/Users/admin/Desktop/Top2/data/dataset_update_Lung/LUNG1-136+2Ac+MOS_38728.npz,1.044,1.061
LUNG1-136,imrt,FALSE,2,2,train,train,C:/Users/admin/Desktop/Top2/data/dataset_update_Lung/LUNG1-136+imrt+MOS_38728.npz,1.041,1.066
LUNG1-137,2Ac,TRUE,2,2,train,train,C:/Users/admin/Desktop/Top2/data/dataset_update_Lung/LUNG1-137+2Ac+MOS_16267.npz,1.035,1.041
LUNG1-137,imrt,FALSE,2,2,train,train,C:/Users/admin/Desktop/Top2/data/dataset_update_Lung/LUNG1-137+imrt+MOS_16267.npz,1.033,1.047
LUNG1-138,2Ac,TRUE,2,2,train,train,C:/Users/admin/Desktop/Top2/data/dataset_update_Lung/LUNG1-138+2Ac+MOS_0930.npz,1.034,1.046
LUNG1-138,imrt,FALSE,2,2,train,train,C:/Users/admin/Desktop/Top2/data/dataset_update_Lung/LUNG1-138+imrt+MOS_0930.npz,1.034,1.043
LUNG1-140,2Ac,TRUE,2,2,train,train,C:/Users/admin/Desktop/Top2/data/dataset_update_Lung/LUNG1-140+2Ac+MOS_2625.npz,1.037,1.07
LUNG1-140,imrt,FALSE,2,2,train,train,C:/Users/admin/Desktop/Top2/data/dataset_update_Lung/LUNG1-140+imrt+MOS_2625.npz,1.033,1.057
LUNG1-141,2Ac,TRUE,2,2,train,train,C:/Users/admin/Desktop/Top2/data/dataset_update_Lung/LUNG1-141+2Ac+MOS_0198.npz,1.03,1.054
LUNG1-141,imrt,FALSE,2,2,train,train,C:/Users/admin/Desktop/Top2/data/dataset_update_Lung/LUNG1-141+imrt+MOS_0198.npz,1.025,1.048
LUNG1-143,2Ac,TRUE,2,2,train,train,C:/Users/admin/Desktop/Top2/data/dataset_update_Lung/LUNG1-143+2Ac+MOS_57536.npz,1.027,1.051
LUNG1-143,imrt,FALSE,2,2,train,train,C:/Users/admin/Desktop/Top2/data/dataset_update_Lung/LUNG1-143+imrt+MOS_57536.npz,1.026,1.052
LUNG1-145,2Ac,TRUE,2,2,train,train,C:/Users/admin/Desktop/Top2/data/dataset_update_Lung/LUNG1-145+2Ac+MOS_423.npz,1.033,1.05
LUNG1-145,imrt,FALSE,2,2,train,train,C:/Users/admin/Desktop/Top2/data/dataset_update_Lung/LUNG1-145+imrt+MOS_423.npz,1.03,1.057
LUNG1-146,2Ac,TRUE,2,2,train,train,C:/Users/admin/Desktop/Top2/data/dataset_update_Lung/LUNG1-146+2Ac+MOS_47626.npz,1.025,1.039
LUNG1-146,imrt,FALSE,2,2,train,train,C:/Users/admin/Desktop/Top2/data/dataset_update_Lung/LUNG1-146+imrt+MOS_47626.npz,1.027,1.049
LUNG1-147,2Ac,TRUE,2,2,train,train,C:/Users/admin/Desktop/Top2/data/dataset_update_Lung/LUNG1-147+2Ac+MOS_54671.npz,1.037,1.066
LUNG1-147,imrt,FALSE,2,2,train,train,C:/Users/admin/Desktop/Top2/data/dataset_update_Lung/LUNG1-147+imrt+MOS_54671.npz,1.036,1.059
LUNG1-148,2Ac,TRUE,2,2,train,train,C:/Users/admin/Desktop/Top2/data/dataset_update_Lung/LUNG1-148+2Ac+MOS_8423.npz,1.035,1.066
LUNG1-148,imrt,FALSE,2,2,train,train,C:/Users/admin/Desktop/Top2/data/dataset_update_Lung/LUNG1-148+imrt+MOS_8423.npz,1.035,1.069
LUNG1-149,2Ac,TRUE,2,2,train,train,C:/Users/admin/Desktop/Top2/data/dataset_update_Lung/LUNG1-149+2Ac+MOS_29179.npz,1.031,1.065
LUNG1-149,imrt,FALSE,2,2,train,train,C:/Users/admin/Desktop/Top2/data/dataset_update_Lung/LUNG1-149+imrt+MOS_29179.npz,1.029,1.057
LUNG1-150,2Ac,TRUE,2,2,train,train,C:/Users/admin/Desktop/Top2/data/dataset_update_Lung/LUNG1-150+2Ac+MOS_5854.npz,1.029,1.052
LUNG1-150,imrt,FALSE,2,2,train,train,C:/Users/admin/Desktop/Top2/data/dataset_update_Lung/LUNG1-150+imrt+MOS_5854.npz,1.028,1.044
LUNG1-151,2Ac,TRUE,2,2,train,train,C:/Users/admin/Desktop/Top2/data/dataset_update_Lung/LUNG1-151+2Ac+MOS_33336.npz,1.069,1.092
LUNG1-151,imrt,FALSE,2,2,train,train,C:/Users/admin/Desktop/Top2/data/dataset_update_Lung/LUNG1-151+imrt+MOS_33336.npz,1.063,1.089
LUNG1-153,2Ac,TRUE,2,2,train,train,C:/Users/admin/Desktop/Top2/data/dataset_update_Lung/LUNG1-153+2Ac+MOS_23136.npz,1.026,1.036
LUNG1-153,imrt,FALSE,2,2,train,train,C:/Users/admin/Desktop/Top2/data/dataset_update_Lung/LUNG1-153+imrt+MOS_23136.npz,1.03,1.037
LUNG1-154,2Ac,TRUE,2,2,train,train,C:/Users/admin/Desktop/Top2/data/dataset_update_Lung/LUNG1-154+2Ac+MOS_38691.npz,1.031,1.045
LUNG1-154,imrt,FALSE,2,2,train,train,C:/Users/admin/Desktop/Top2/data/dataset_update_Lung/LUNG1-154+imrt+MOS_38691.npz,1.031,1.051
LUNG1-155,2Ac,TRUE,2,2,train,train,C:/Users/admin/Desktop/Top2/data/dataset_update_Lung/LUNG1-155+2Ac+MOS_13601.npz,1.03,1.069
LUNG1-155,imrt,FALSE,2,2,train,train,C:/Users/admin/Desktop/Top2/data/dataset_update_Lung/LUNG1-155+imrt+MOS_13601.npz,1.031,1.072
LUNG1-156,2Ac,TRUE,2,2,train,train,C:/Users/admin/Desktop/Top2/data/dataset_update_Lung/LUNG1-156+2Ac+MOS_18273.npz,1.023,1.033
LUNG1-157,2Ac,TRUE,2,2,train,train,C:/Users/admin/Desktop/Top2/data/dataset_update_Lung/LUNG1-157+2Ac+MOS_25800.npz,1.035,1.077
LUNG1-157,imrt,FALSE,2,2,train,train,C:/Users/admin/Desktop/Top2/data/dataset_update_Lung/LUNG1-157+imrt+MOS_25800.npz,1.032,1.052
LUNG1-158,2Ac,TRUE,2,2,train,train,C:/Users/admin/Desktop/Top2/data/dataset_update_Lung/LUNG1-158+2Ac+MOS_34318.npz,1.029,1.045
LUNG1-158,imrt,FALSE,2,2,train,train,C:/Users/admin/Desktop/Top2/data/dataset_update_Lung/LUNG1-158+imrt+MOS_34318.npz,1.023,1.039
LUNG1-159,2Ac,TRUE,2,2,train,train,C:/Users/admin/Desktop/Top2/data/dataset_update_Lung/LUNG1-159+2Ac+MOS_50124.npz,1.029,1.052
LUNG1-161,2Ac,TRUE,2,2,train,train,C:/Users/admin/Desktop/Top2/data/dataset_update_Lung/LUNG1-161+2Ac+MOS_2491.npz,1.036,1.044
LUNG1-164,2Ac,TRUE,2,2,train,train,C:/Users/admin/Desktop/Top2/data/dataset_update_Lung/LUNG1-164+2Ac+MOS_0308.npz,1.026,1.04
LUNG1-166,2Ac,TRUE,2,2,train,train,C:/Users/admin/Desktop/Top2/data/dataset_update_Lung/LUNG1-166+2Ac+MOS_47600.npz,1.028,1.046
LUNG1-166,imrt,FALSE,2,2,train,train,C:/Users/admin/Desktop/Top2/data/dataset_update_Lung/LUNG1-166+imrt+MOS_47600.npz,1.025,1.041
LUNG1-167,2Ac,TRUE,2,2,train,train,C:/Users/admin/Desktop/Top2/data/dataset_update_Lung/LUNG1-167+2Ac+MOS_3846.npz,1.034,1.056
LUNG1-167,imrt,FALSE,2,2,train,train,C:/Users/admin/Desktop/Top2/data/dataset_update_Lung/LUNG1-167+imrt+MOS_3846.npz,1.037,1.063
LUNG1-168,2Ac,TRUE,2,2,train,train,C:/Users/admin/Desktop/Top2/data/dataset_update_Lung/LUNG1-168+2Ac+MOS_27914.npz,1.042,1.066
LUNG1-168,imrt,FALSE,2,2,train,train,C:/Users/admin/Desktop/Top2/data/dataset_update_Lung/LUNG1-168+imrt+MOS_27914.npz,1.039,1.066
LUNG1-169,2Ac,TRUE,2,2,train,train,C:/Users/admin/Desktop/Top2/data/dataset_update_Lung/LUNG1-169+2Ac+MOS_388.npz,1.038,1.051
LUNG1-169,imrt,FALSE,2,2,train,train,C:/Users/admin/Desktop/Top2/data/dataset_update_Lung/LUNG1-169+imrt+MOS_388.npz,1.037,1.055
LUNG1-170,2Ac,TRUE,2,2,train,train,C:/Users/admin/Desktop/Top2/data/dataset_update_Lung/LUNG1-170+2Ac+MOS_55731.npz,1.03,1.049
LUNG1-170,imrt,FALSE,2,2,train,train,C:/Users/admin/Desktop/Top2/data/dataset_update_Lung/LUNG1-170+imrt+MOS_55731.npz,1.025,1.046
LUNG1-171,2Ac,TRUE,2,2,train,train,C:/Users/admin/Desktop/Top2/data/dataset_update_Lung/LUNG1-171+2Ac+MOS_10163.npz,1.039,1.049
LUNG1-173,2Ac,TRUE,2,2,train,train,C:/Users/admin/Desktop/Top2/data/dataset_update_Lung/LUNG1-173+2Ac+MOS_38392.npz,1.033,1.058
LUNG1-173,imrt,FALSE,2,2,train,train,C:/Users/admin/Desktop/Top2/data/dataset_update_Lung/LUNG1-173+imrt+MOS_38392.npz,1.027,1.056
LUNG1-174,2Ac,TRUE,2,2,train,train,C:/Users/admin/Desktop/Top2/data/dataset_update_Lung/LUNG1-174+2Ac+MOS_49579.npz,1.045,1.061
LUNG1-174,imrt,FALSE,2,2,train,train,C:/Users/admin/Desktop/Top2/data/dataset_update_Lung/LUNG1-174+imrt+MOS_49579.npz,1.05,1.06
LUNG1-175,2Ac,TRUE,2,2,train,train,C:/Users/admin/Desktop/Top2/data/dataset_update_Lung/LUNG1-175+2Ac+MOS_3979.npz,1.028,1.052
LUNG1-175,imrt,FALSE,2,2,train,train,C:/Users/admin/Desktop/Top2/data/dataset_update_Lung/LUNG1-175+imrt+MOS_3979.npz,1.027,1.05
LUNG1-176,2Ac,TRUE,2,2,train,train,C:/Users/admin/Desktop/Top2/data/dataset_update_Lung/LUNG1-176+2Ac+MOS_11738.npz,1.028,1.036
LUNG1-176,imrt,FALSE,2,2,train,train,C:/Users/admin/Desktop/Top2/data/dataset_update_Lung/LUNG1-176+imrt+MOS_11738.npz,1.03,1.042
LUNG1-177,2Ac,TRUE,2,2,train,train,C:/Users/admin/Desktop/Top2/data/dataset_update_Lung/LUNG1-177+2Ac+MOS_16161.npz,1.03,1.043
LUNG1-177,imrt,FALSE,2,2,train,train,C:/Users/admin/Desktop/Top2/data/dataset_update_Lung/LUNG1-177+imrt+MOS_16161.npz,1.027,1.044
LUNG1-178,2Ac,TRUE,2,2,train,train,C:/Users/admin/Desktop/Top2/data/dataset_update_Lung/LUNG1-178+2Ac+MOS_56858.npz,1.024,1.037
LUNG1-178,imrt,FALSE,2,2,train,train,C:/Users/admin/Desktop/Top2/data/dataset_update_Lung/LUNG1-178+imrt+MOS_56858.npz,1.027,1.04
LUNG1-179,imrt,FALSE,2,2,train,train,C:/Users/admin/Desktop/Top2/data/dataset_update_Lung/LUNG1-179+imrt+MOS_49436.npz,1.032,1.076
LUNG1-180,2Ac,TRUE,2,2,train,train,C:/Users/admin/Desktop/Top2/data/dataset_update_Lung/LUNG1-180+2Ac+MOS_36541.npz,1.025,1.04
LUNG1-180,imrt,FALSE,2,2,train,train,C:/Users/admin/Desktop/Top2/data/dataset_update_Lung/LUNG1-180+imrt+MOS_36541.npz,1.023,1.042
LUNG1-181,2Ac,TRUE,2,2,train,train,C:/Users/admin/Desktop/Top2/data/dataset_update_Lung/LUNG1-181+2Ac+MOS_36230.npz,1.035,1.068
LUNG1-181,imrt,FALSE,2,2,train,train,C:/Users/admin/Desktop/Top2/data/dataset_update_Lung/LUNG1-181+imrt+MOS_36230.npz,1.03,1.063
LUNG1-183,2Ac,TRUE,2,2,train,train,C:/Users/admin/Desktop/Top2/data/dataset_update_Lung/LUNG1-183+2Ac+MOS_41468.npz,1.024,1.037
LUNG1-184,2Ac,TRUE,2,2,train,train,C:/Users/admin/Desktop/Top2/data/dataset_update_Lung/LUNG1-184+2Ac+MOS_29267.npz,1.033,1.061
LUNG1-185,2Ac,TRUE,2,2,train,train,C:/Users/admin/Desktop/Top2/data/dataset_update_Lung/LUNG1-185+2Ac+MOS_16842.npz,1.024,1.037
LUNG1-186,2Ac,TRUE,2,2,train,train,C:/Users/admin/Desktop/Top2/data/dataset_update_Lung/LUNG1-186+2Ac+MOS_7146.npz,1.033,1.057
LUNG1-188,2Ac,TRUE,2,2,train,train,C:/Users/admin/Desktop/Top2/data/dataset_update_Lung/LUNG1-188+2Ac+MOS_27345.npz,1.022,1.03
LUNG1-188,imrt,FALSE,2,2,train,train,C:/Users/admin/Desktop/Top2/data/dataset_update_Lung/LUNG1-188+imrt+MOS_27345.npz,1.022,1.029
LUNG1-189,2Ac,TRUE,2,2,train,train,C:/Users/admin/Desktop/Top2/data/dataset_update_Lung/LUNG1-189+2Ac+MOS_36145.npz,1.033,1.062
LUNG1-189,imrt,FALSE,2,2,train,train,C:/Users/admin/Desktop/Top2/data/dataset_update_Lung/LUNG1-189+imrt+MOS_36145.npz,1.028,1.043
LUNG1-190,2Ac,TRUE,2,2,train,train,C:/Users/admin/Desktop/Top2/data/dataset_update_Lung/LUNG1-190+2Ac+MOS_54182.npz,1.033,1.069
LUNG1-190,imrt,FALSE,2,2,train,train,C:/Users/admin/Desktop/Top2/data/dataset_update_Lung/LUNG1-190+imrt+MOS_54182.npz,1.033,1.058
LUNG1-191,2Ac,TRUE,2,2,train,train,C:/Users/admin/Desktop/Top2/data/dataset_update_Lung/LUNG1-191+2Ac+MOS_34891.npz,1.029,1.052
LUNG1-191,imrt,FALSE,2,2,train,train,C:/Users/admin/Desktop/Top2/data/dataset_update_Lung/LUNG1-191+imrt+MOS_34891.npz,1.027,1.045
LUNG1-193,2Ac,TRUE,2,2,train,train,C:/Users/admin/Desktop/Top2/data/dataset_update_Lung/LUNG1-193+2Ac+MOS_38167.npz,1.033,1.066
LUNG1-193,imrt,FALSE,2,2,train,train,C:/Users/admin/Desktop/Top2/data/dataset_update_Lung/LUNG1-193+imrt+MOS_38167.npz,1.033,1.065
LUNG1-194,2Ac,TRUE,2,2,train,train,C:/Users/admin/Desktop/Top2/data/dataset_update_Lung/LUNG1-194+2Ac+MOS_24249.npz,1.037,1.054
LUNG1-194,imrt,FALSE,2,2,train,train,C:/Users/admin/Desktop/Top2/data/dataset_update_Lung/LUNG1-194+imrt+MOS_24249.npz,1.035,1.053
LUNG1-195,2Ac,TRUE,2,2,train,train,C:/Users/admin/Desktop/Top2/data/dataset_update_Lung/LUNG1-195+2Ac+MOS_27282.npz,1.037,1.05
LUNG1-196,2Ac,TRUE,2,2,train,train,C:/Users/admin/Desktop/Top2/data/dataset_update_Lung/LUNG1-196+2Ac+MOS_37765.npz,1.034,1.061
LUNG1-196,imrt,FALSE,2,2,train,train,C:/Users/admin/Desktop/Top2/data/dataset_update_Lung/LUNG1-196+imrt+MOS_37765.npz,1.029,1.056
LUNG1-197,2Ac,TRUE,2,2,train,train,C:/Users/admin/Desktop/Top2/data/dataset_update_Lung/LUNG1-197+2Ac+MOS_33453.npz,1.028,1.05
LUNG1-197,imrt,FALSE,2,2,train,train,C:/Users/admin/Desktop/Top2/data/dataset_update_Lung/LUNG1-197+imrt+MOS_33453.npz,1.027,1.042
LUNG1-198,2Ac,TRUE,2,2,train,train,C:/Users/admin/Desktop/Top2/data/dataset_update_Lung/LUNG1-198+2Ac+MOS_2151.npz,1.025,1.04
LUNG1-199,2Ac,TRUE,2,2,train,train,C:/Users/admin/Desktop/Top2/data/dataset_update_Lung/LUNG1-199+2Ac+MOS_36354.npz,1.031,1.049
LUNG1-199,imrt,FALSE,2,2,train,train,C:/Users/admin/Desktop/Top2/data/dataset_update_Lung/LUNG1-199+imrt+MOS_36354.npz,1.028,1.05
LUNG1-200,2Ac,TRUE,2,2,train,train,C:/Users/admin/Desktop/Top2/data/dataset_update_Lung/LUNG1-200+2Ac+MOS_29630.npz,1.027,1.051
LUNG1-200,imrt,FALSE,2,2,train,train,C:/Users/admin/Desktop/Top2/data/dataset_update_Lung/LUNG1-200+imrt+MOS_29630.npz,1.025,1.039
LUNG1-201,2Ac,TRUE,2,2,train,train,C:/Users/admin/Desktop/Top2/data/dataset_update_Lung/LUNG1-201+2Ac+MOS_2657.npz,1.034,1.065
LUNG1-201,imrt,FALSE,2,2,train,train,C:/Users/admin/Desktop/Top2/data/dataset_update_Lung/LUNG1-201+imrt+MOS_2657.npz,1.034,1.054
LUNG1-203,2Ac,TRUE,2,2,train,train,C:/Users/admin/Desktop/Top2/data/dataset_update_Lung/LUNG1-203+2Ac+MOS_50895.npz,1.026,1.037
LUNG1-203,imrt,FALSE,2,2,train,train,C:/Users/admin/Desktop/Top2/data/dataset_update_Lung/LUNG1-203+imrt+MOS_50895.npz,1.024,1.039
LUNG1-204,2Ac,TRUE,2,2,train,train,C:/Users/admin/Desktop/Top2/data/dataset_update_Lung/LUNG1-204+2Ac+MOS_48856.npz,1.033,1.051
LUNG1-204,imrt,FALSE,2,2,train,train,C:/Users/admin/Desktop/Top2/data/dataset_update_Lung/LUNG1-204+imrt+MOS_48856.npz,1.033,1.048
LUNG1-205,2Ac,TRUE,2,2,train,train,C:/Users/admin/Desktop/Top2/data/dataset_update_Lung/LUNG1-205+2Ac+MOS_49355.npz,1.034,1.057
LUNG1-205,imrt,FALSE,2,2,train,train,C:/Users/admin/Desktop/Top2/data/dataset_update_Lung/LUNG1-205+imrt+MOS_49355.npz,1.031,1.05
LUNG1-206,2Ac,TRUE,2,2,train,train,C:/Users/admin/Desktop/Top2/data/dataset_update_Lung/LUNG1-206+2Ac+MOS_26521.npz,1.025,1.038
LUNG1-206,imrt,FALSE,2,2,train,train,C:/Users/admin/Desktop/Top2/data/dataset_update_Lung/LUNG1-206+imrt+MOS_26521.npz,1.024,1.039
LUNG1-207,2Ac,TRUE,2,2,train,train,C:/Users/admin/Desktop/Top2/data/dataset_update_Lung/LUNG1-207+2Ac+MOS_6563.npz,1.067,1.093
LUNG1-207,imrt,FALSE,2,2,train,train,C:/Users/admin/Desktop/Top2/data/dataset_update_Lung/LUNG1-207+imrt+MOS_6563.npz,1.053,1.084
LUNG1-208,2Ac,TRUE,2,2,train,train,C:/Users/admin/Desktop/Top2/data/dataset_update_Lung/LUNG1-208+2Ac+MOS_19655.npz,1.034,1.054
LUNG1-208,imrt,FALSE,2,2,train,train,C:/Users/admin/Desktop/Top2/data/dataset_update_Lung/LUNG1-208+imrt+MOS_19655.npz,1.032,1.051
LUNG1-210,2Ac,TRUE,2,2,train,train,C:/Users/admin/Desktop/Top2/data/dataset_update_Lung/LUNG1-210+2Ac+MOS_26563.npz,1.032,1.057
LUNG1-210,imrt,FALSE,2,2,train,train,C:/Users/admin/Desktop/Top2/data/dataset_update_Lung/LUNG1-210+imrt+MOS_26563.npz,1.032,1.066
LUNG1-211,2Ac,TRUE,2,2,train,train,C:/Users/admin/Desktop/Top2/data/dataset_update_Lung/LUNG1-211+2Ac+MOS_32275.npz,1.029,1.043
LUNG1-211,imrt,FALSE,2,2,train,train,C:/Users/admin/Desktop/Top2/data/dataset_update_Lung/LUNG1-211+imrt+MOS_32275.npz,1.024,1.042
LUNG1-213,2Ac,TRUE,2,2,train,train,C:/Users/admin/Desktop/Top2/data/dataset_update_Lung/LUNG1-213+2Ac+MOS_36706.npz,1.041,1.057
LUNG1-213,imrt,FALSE,2,2,train,train,C:/Users/admin/Desktop/Top2/data/dataset_update_Lung/LUNG1-213+imrt+MOS_36706.npz,1.037,1.055
LUNG1-214,2Ac,TRUE,2,2,train,train,C:/Users/admin/Desktop/Top2/data/dataset_update_Lung/LUNG1-214+2Ac+MOS_43237.npz,1.037,1.058
LUNG1-214,imrt,FALSE,2,2,train,train,C:/Users/admin/Desktop/Top2/data/dataset_update_Lung/LUNG1-214+imrt+MOS_43237.npz,1.035,1.057
LUNG1-215,2Ac,TRUE,2,2,train,train,C:/Users/admin/Desktop/Top2/data/dataset_update_Lung/LUNG1-215+2Ac+MOS_3330.npz,1.021,1.033
LUNG1-216,2Ac,TRUE,2,2,train,train,C:/Users/admin/Desktop/Top2/data/dataset_update_Lung/LUNG1-216+2Ac+MOS_1685.npz,1.032,1.047
LUNG1-217,2Ac,TRUE,2,2,train,train,C:/Users/admin/Desktop/Top2/data/dataset_update_Lung/LUNG1-217+2Ac+MOS_20297.npz,1.033,1.06
LUNG1-217,imrt,FALSE,2,2,train,train,C:/Users/admin/Desktop/Top2/data/dataset_update_Lung/LUNG1-217+imrt+MOS_20297.npz,1.032,1.061
LUNG1-218,2Ac,TRUE,2,2,train,train,C:/Users/admin/Desktop/Top2/data/dataset_update_Lung/LUNG1-218+2Ac+MOS_22994.npz,1.035,1.054
LUNG1-218,imrt,FALSE,2,2,train,train,C:/Users/admin/Desktop/Top2/data/dataset_update_Lung/LUNG1-218+imrt+MOS_22994.npz,1.032,1.055
LUNG1-219,2Ac,TRUE,2,2,train,train,C:/Users/admin/Desktop/Top2/data/dataset_update_Lung/LUNG1-219+2Ac+MOS_14774.npz,1.025,1.045
LUNG1-219,imrt,FALSE,2,2,train,train,C:/Users/admin/Desktop/Top2/data/dataset_update_Lung/LUNG1-219+imrt+MOS_14774.npz,1.027,1.045
LUNG1-220,2Ac,TRUE,2,2,train,train,C:/Users/admin/Desktop/Top2/data/dataset_update_Lung/LUNG1-220+2Ac+MOS_17311.npz,1.026,1.044
LUNG1-220,imrt,FALSE,2,2,train,train,C:/Users/admin/Desktop/Top2/data/dataset_update_Lung/LUNG1-220+imrt+MOS_17311.npz,1.026,1.041
LUNG1-221,2Ac,TRUE,2,2,train,train,C:/Users/admin/Desktop/Top2/data/dataset_update_Lung/LUNG1-221+2Ac+MOS_25642.npz,1.038,1.067
LUNG1-221,imrt,FALSE,2,2,train,train,C:/Users/admin/Desktop/Top2/data/dataset_update_Lung/LUNG1-221+imrt+MOS_25642.npz,1.037,1.068
LUNG1-223,2Ac,TRUE,2,2,train,train,C:/Users/admin/Desktop/Top2/data/dataset_update_Lung/LUNG1-223+2Ac+MOS_1463.npz,1.032,1.05
LUNG1-223,imrt,FALSE,2,2,train,train,C:/Users/admin/Desktop/Top2/data/dataset_update_Lung/LUNG1-223+imrt+MOS_1463.npz,1.029,1.045
LUNG1-224,2Ac,TRUE,2,2,train,train,C:/Users/admin/Desktop/Top2/data/dataset_update_Lung/LUNG1-224+2Ac+MOS_12508.npz,1.032,1.061
LUNG1-225,2Ac,TRUE,2,2,train,train,C:/Users/admin/Desktop/Top2/data/dataset_update_Lung/LUNG1-225+2Ac+MOS_54913.npz,1.033,1.06
LUNG1-225,imrt,FALSE,2,2,train,train,C:/Users/admin/Desktop/Top2/data/dataset_update_Lung/LUNG1-225+imrt+MOS_54913.npz,1.031,1.069
LUNG1-226,2Ac,TRUE,2,2,train,train,C:/Users/admin/Desktop/Top2/data/dataset_update_Lung/LUNG1-226+2Ac+MOS_54712.npz,1.024,1.04
LUNG1-226,imrt,FALSE,2,2,train,train,C:/Users/admin/Desktop/Top2/data/dataset_update_Lung/LUNG1-226+imrt+MOS_54712.npz,1.024,1.039
LUNG1-227,2Ac,TRUE,2,2,train,train,C:/Users/admin/Desktop/Top2/data/dataset_update_Lung/LUNG1-227+2Ac+MOS_22919.npz,1.029,1.051
LUNG1-227,imrt,FALSE,2,2,train,train,C:/Users/admin/Desktop/Top2/data/dataset_update_Lung/LUNG1-227+imrt+MOS_22919.npz,1.026,1.046
LUNG1-228,2Ac,TRUE,2,2,train,train,C:/Users/admin/Desktop/Top2/data/dataset_update_Lung/LUNG1-228+2Ac+MOS_21289.npz,1.03,1.048
LUNG1-229,2Ac,TRUE,2,2,train,train,C:/Users/admin/Desktop/Top2/data/dataset_update_Lung/LUNG1-229+2Ac+MOS_28184.npz,1.03,1.055
LUNG1-229,imrt,FALSE,2,2,train,train,C:/Users/admin/Desktop/Top2/data/dataset_update_Lung/LUNG1-229+imrt+MOS_28184.npz,1.029,1.064
LUNG1-230,2Ac,TRUE,2,2,train,train,C:/Users/admin/Desktop/Top2/data/dataset_update_Lung/LUNG1-230+2Ac+MOS_27705.npz,1.034,1.053
LUNG1-230,imrt,FALSE,2,2,train,train,C:/Users/admin/Desktop/Top2/data/dataset_update_Lung/LUNG1-230+imrt+MOS_27705.npz,1.028,1.044
LUNG1-233,2Ac,TRUE,2,2,train,train,C:/Users/admin/Desktop/Top2/data/dataset_update_Lung/LUNG1-233+2Ac+MOS_34890.npz,1.029,1.052
LUNG1-233,imrt,FALSE,2,2,train,train,C:/Users/admin/Desktop/Top2/data/dataset_update_Lung/LUNG1-233+imrt+MOS_34890.npz,1.03,1.056
LUNG1-234,2Ac,TRUE,2,2,train,train,C:/Users/admin/Desktop/Top2/data/dataset_update_Lung/LUNG1-234+2Ac+MOS_29384.npz,1.033,1.051
LUNG1-235,2Ac,TRUE,2,2,train,train,C:/Users/admin/Desktop/Top2/data/dataset_update_Lung/LUNG1-235+2Ac+MOS_7173.npz,1.029,1.051
LUNG1-236,2Ac,TRUE,2,2,train,train,C:/Users/admin/Desktop/Top2/data/dataset_update_Lung/LUNG1-236+2Ac+MOS_12507.npz,1.024,1.037
LUNG1-236,imrt,FALSE,2,2,train,train,C:/Users/admin/Desktop/Top2/data/dataset_update_Lung/LUNG1-236+imrt+MOS_12507.npz,1.023,1.037
LUNG1-237,2Ac,TRUE,2,2,train,train,C:/Users/admin/Desktop/Top2/data/dataset_update_Lung/LUNG1-237+2Ac+MOS_53722.npz,1.031,1.05
LUNG1-237,imrt,FALSE,2,2,train,train,C:/Users/admin/Desktop/Top2/data/dataset_update_Lung/LUNG1-237+imrt+MOS_53722.npz,1.027,1.043
LUNG1-238,2Ac,TRUE,2,2,train,train,C:/Users/admin/Desktop/Top2/data/dataset_update_Lung/LUNG1-238+2Ac+MOS_56758.npz,1.027,1.045
LUNG1-239,2Ac,TRUE,2,2,train,train,C:/Users/admin/Desktop/Top2/data/dataset_update_Lung/LUNG1-239+2Ac+MOS_42128.npz,1.031,1.073
LUNG1-239,imrt,FALSE,2,2,train,train,C:/Users/admin/Desktop/Top2/data/dataset_update_Lung/LUNG1-239+imrt+MOS_42128.npz,1.028,1.048
LUNG1-240,2Ac,TRUE,2,2,train,train,C:/Users/admin/Desktop/Top2/data/dataset_update_Lung/LUNG1-240+2Ac+MOS_30313.npz,1.024,1.041
LUNG1-241,2Ac,TRUE,2,2,train,train,C:/Users/admin/Desktop/Top2/data/dataset_update_Lung/LUNG1-241+2Ac+MOS_11419.npz,1.034,1.061
LUNG1-241,imrt,FALSE,2,2,train,train,C:/Users/admin/Desktop/Top2/data/dataset_update_Lung/LUNG1-241+imrt+MOS_11419.npz,1.031,1.063
LUNG1-243,2Ac,TRUE,2,2,train,train,C:/Users/admin/Desktop/Top2/data/dataset_update_Lung/LUNG1-243+2Ac+MOS_5937.npz,1.028,1.045
LUNG1-243,imrt,FALSE,2,2,train,train,C:/Users/admin/Desktop/Top2/data/dataset_update_Lung/LUNG1-243+imrt+MOS_5937.npz,1.026,1.043
LUNG1-244,2Ac,TRUE,2,2,train,train,C:/Users/admin/Desktop/Top2/data/dataset_update_Lung/LUNG1-244+2Ac+MOS_3833.npz,1.026,1.042
LUNG1-244,imrt,FALSE,2,2,train,train,C:/Users/admin/Desktop/Top2/data/dataset_update_Lung/LUNG1-244+imrt+MOS_3833.npz,1.025,1.045
LUNG1-245,2Ac,TRUE,2,2,train,train,C:/Users/admin/Desktop/Top2/data/dataset_update_Lung/LUNG1-245+2Ac+MOS_21298.npz,1.031,1.054
LUNG1-245,imrt,FALSE,2,2,train,train,C:/Users/admin/Desktop/Top2/data/dataset_update_Lung/LUNG1-245+imrt+MOS_21298.npz,1.027,1.045
LUNG1-246,2Ac,TRUE,2,2,train,train,C:/Users/admin/Desktop/Top2/data/dataset_update_Lung/LUNG1-246+2Ac+MOS_34975.npz,1.022,1.04
LUNG1-246,imrt,FALSE,2,2,train,train,C:/Users/admin/Desktop/Top2/data/dataset_update_Lung/LUNG1-246+imrt+MOS_34975.npz,1.023,1.04
LUNG1-247,2Ac,TRUE,2,2,train,train,C:/Users/admin/Desktop/Top2/data/dataset_update_Lung/LUNG1-247+2Ac+MOS_13761.npz,1.036,1.052
LUNG1-247,imrt,FALSE,2,2,train,train,C:/Users/admin/Desktop/Top2/data/dataset_update_Lung/LUNG1-247+imrt+MOS_13761.npz,1.035,1.049
LUNG1-248,2Ac,TRUE,2,2,train,train,C:/Users/admin/Desktop/Top2/data/dataset_update_Lung/LUNG1-248+2Ac+MOS_59305.npz,1.033,1.054
LUNG1-248,imrt,FALSE,2,2,train,train,C:/Users/admin/Desktop/Top2/data/dataset_update_Lung/LUNG1-248+imrt+MOS_59305.npz,1.03,1.049
LUNG1-249,2Ac,TRUE,2,2,train,train,C:/Users/admin/Desktop/Top2/data/dataset_update_Lung/LUNG1-249+2Ac+MOS_5563.npz,1.025,1.037
LUNG1-249,imrt,FALSE,2,2,train,train,C:/Users/admin/Desktop/Top2/data/dataset_update_Lung/LUNG1-249+imrt+MOS_5563.npz,1.026,1.039
LUNG1-250,2Ac,TRUE,2,2,train,train,C:/Users/admin/Desktop/Top2/data/dataset_update_Lung/LUNG1-250+2Ac+MOS_45923.npz,1.024,1.035
LUNG1-250,imrt,FALSE,2,2,train,train,C:/Users/admin/Desktop/Top2/data/dataset_update_Lung/LUNG1-250+imrt+MOS_45923.npz,1.022,1.03
LUNG1-251,2Ac,TRUE,2,2,train,train,C:/Users/admin/Desktop/Top2/data/dataset_update_Lung/LUNG1-251+2Ac+MOS_29200.npz,1.025,1.035
LUNG1-251,imrt,FALSE,2,2,train,train,C:/Users/admin/Desktop/Top2/data/dataset_update_Lung/LUNG1-251+imrt+MOS_29200.npz,1.024,1.039
LUNG1-253,2Ac,TRUE,2,2,train,train,C:/Users/admin/Desktop/Top2/data/dataset_update_Lung/LUNG1-253+2Ac+MOS_36788.npz,1.044,1.062
LUNG1-253,imrt,FALSE,2,2,train,train,C:/Users/admin/Desktop/Top2/data/dataset_update_Lung/LUNG1-253+imrt+MOS_36788.npz,1.037,1.063
LUNG1-255,2Ac,TRUE,2,2,train,train,C:/Users/admin/Desktop/Top2/data/dataset_update_Lung/LUNG1-255+2Ac+MOS_3119.npz,1.06,1.082
LUNG1-255,imrt,FALSE,2,2,train,train,C:/Users/admin/Desktop/Top2/data/dataset_update_Lung/LUNG1-255+imrt+MOS_3119.npz,1.04,1.053
LUNG1-256,2Ac,TRUE,2,2,train,train,C:/Users/admin/Desktop/Top2/data/dataset_update_Lung/LUNG1-256+2Ac+MOS_54185.npz,1.075,1.104
LUNG1-257,2Ac,TRUE,2,2,train,train,C:/Users/admin/Desktop/Top2/data/dataset_update_Lung/LUNG1-257+2Ac+MOS_40923.npz,1.033,1.059
LUNG1-258,2Ac,TRUE,2,2,train,train,C:/Users/admin/Desktop/Top2/data/dataset_update_Lung/LUNG1-258+2Ac+MOS_26865.npz,1.036,1.056
LUNG1-258,imrt,FALSE,2,2,train,train,C:/Users/admin/Desktop/Top2/data/dataset_update_Lung/LUNG1-258+imrt+MOS_26865.npz,1.032,1.052
LUNG1-259,2Ac,TRUE,2,2,train,train,C:/Users/admin/Desktop/Top2/data/dataset_update_Lung/LUNG1-259+2Ac+MOS_11180.npz,1.026,1.044
LUNG1-259,imrt,FALSE,2,2,train,train,C:/Users/admin/Desktop/Top2/data/dataset_update_Lung/LUNG1-259+imrt+MOS_11180.npz,1.025,1.045
LUNG1-260,2Ac,TRUE,2,2,train,train,C:/Users/admin/Desktop/Top2/data/dataset_update_Lung/LUNG1-260+2Ac+MOS_56624.npz,1.038,1.049
LUNG1-260,imrt,FALSE,2,2,train,train,C:/Users/admin/Desktop/Top2/data/dataset_update_Lung/LUNG1-260+imrt+MOS_56624.npz,1.042,1.055
LUNG1-261,2Ac,TRUE,2,2,train,train,C:/Users/admin/Desktop/Top2/data/dataset_update_Lung/LUNG1-261+2Ac+MOS_58195.npz,1.025,1.042
LUNG1-261,imrt,FALSE,2,2,train,train,C:/Users/admin/Desktop/Top2/data/dataset_update_Lung/LUNG1-261+imrt+MOS_58195.npz,1.025,1.042
LUNG1-263,2Ac,TRUE,2,2,train,train,C:/Users/admin/Desktop/Top2/data/dataset_update_Lung/LUNG1-263+2Ac+MOS_55251.npz,1.033,1.065
LUNG1-263,imrt,FALSE,2,2,train,train,C:/Users/admin/Desktop/Top2/data/dataset_update_Lung/LUNG1-263+imrt+MOS_55251.npz,1.032,1.076
LUNG1-264,2Ac,TRUE,2,2,train,train,C:/Users/admin/Desktop/Top2/data/dataset_update_Lung/LUNG1-264+2Ac+MOS_38905.npz,1.024,1.045
LUNG1-264,imrt,FALSE,2,2,train,train,C:/Users/admin/Desktop/Top2/data/dataset_update_Lung/LUNG1-264+imrt+MOS_38905.npz,1.026,1.041
LUNG1-265,2Ac,TRUE,2,2,train,train,C:/Users/admin/Desktop/Top2/data/dataset_update_Lung/LUNG1-265+2Ac+MOS_26622.npz,1.027,1.045
LUNG1-265,imrt,FALSE,2,2,train,train,C:/Users/admin/Desktop/Top2/data/dataset_update_Lung/LUNG1-265+imrt+MOS_26622.npz,1.025,1.044
LUNG1-266,2Ac,TRUE,2,2,train,train,C:/Users/admin/Desktop/Top2/data/dataset_update_Lung/LUNG1-266+2Ac+MOS_30526.npz,1.084,1.102
LUNG1-266,imrt,FALSE,2,2,train,train,C:/Users/admin/Desktop/Top2/data/dataset_update_Lung/LUNG1-266+imrt+MOS_30526.npz,1.072,1.096
LUNG1-267,2Ac,TRUE,2,2,train,train,C:/Users/admin/Desktop/Top2/data/dataset_update_Lung/LUNG1-267+2Ac+MOS_17238.npz,1.027,1.051
LUNG1-267,imrt,FALSE,2,2,train,train,C:/Users/admin/Desktop/Top2/data/dataset_update_Lung/LUNG1-267+imrt+MOS_17238.npz,1.024,1.043
LUNG1-268,2Ac,TRUE,2,2,train,train,C:/Users/admin/Desktop/Top2/data/dataset_update_Lung/LUNG1-268+2Ac+MOS_5619.npz,1.028,1.046
LUNG1-268,imrt,FALSE,2,2,train,train,C:/Users/admin/Desktop/Top2/data/dataset_update_Lung/LUNG1-268+imrt+MOS_5619.npz,1.026,1.044
LUNG1-269,2Ac,TRUE,2,2,train,train,C:/Users/admin/Desktop/Top2/data/dataset_update_Lung/LUNG1-269+2Ac+MOS_50725.npz,1.026,1.04
LUNG1-269,imrt,FALSE,2,2,train,train,C:/Users/admin/Desktop/Top2/data/dataset_update_Lung/LUNG1-269+imrt+MOS_50725.npz,1.026,1.038
LUNG1-270,2Ac,TRUE,2,2,train,train,C:/Users/admin/Desktop/Top2/data/dataset_update_Lung/LUNG1-270+2Ac+MOS_3640.npz,1.025,1.033
LUNG1-270,imrt,FALSE,2,2,train,train,C:/Users/admin/Desktop/Top2/data/dataset_update_Lung/LUNG1-270+imrt+MOS_3640.npz,1.022,1.037
LUNG1-271,2Ac,TRUE,2,2,train,train,C:/Users/admin/Desktop/Top2/data/dataset_update_Lung/LUNG1-271+2Ac+MOS_45874.npz,1.023,1.038
LUNG1-271,imrt,FALSE,2,2,train,train,C:/Users/admin/Desktop/Top2/data/dataset_update_Lung/LUNG1-271+imrt+MOS_45874.npz,1.023,1.043
LUNG1-274,2Ac,TRUE,2,2,train,train,C:/Users/admin/Desktop/Top2/data/dataset_update_Lung/LUNG1-274+2Ac+MOS_10276.npz,1.028,1.044
LUNG1-274,imrt,FALSE,2,2,train,train,C:/Users/admin/Desktop/Top2/data/dataset_update_Lung/LUNG1-274+imrt+MOS_10276.npz,1.027,1.042
LUNG1-275,2Ac,TRUE,2,2,train,train,C:/Users/admin/Desktop/Top2/data/dataset_update_Lung/LUNG1-275+2Ac+MOS_143.npz,1.03,1.048
LUNG1-276,2Ac,TRUE,2,2,train,train,C:/Users/admin/Desktop/Top2/data/dataset_update_Lung/LUNG1-276+2Ac+MOS_19489.npz,1.033,1.055
LUNG1-276,imrt,FALSE,2,2,train,train,C:/Users/admin/Desktop/Top2/data/dataset_update_Lung/LUNG1-276+imrt+MOS_19489.npz,1.031,1.06
LUNG1-278,2Ac,TRUE,2,2,train,train,C:/Users/admin/Desktop/Top2/data/dataset_update_Lung/LUNG1-278+2Ac+MOS_44226.npz,1.038,1.058
LUNG1-279,2Ac,TRUE,2,2,train,train,C:/Users/admin/Desktop/Top2/data/dataset_update_Lung/LUNG1-279+2Ac+MOS_34846.npz,1.034,1.05
LUNG1-279,imrt,FALSE,2,2,train,train,C:/Users/admin/Desktop/Top2/data/dataset_update_Lung/LUNG1-279+imrt+MOS_34846.npz,1.031,1.049
LUNG1-280,2Ac,TRUE,2,2,train,train,C:/Users/admin/Desktop/Top2/data/dataset_update_Lung/LUNG1-280+2Ac+MOS_17888.npz,1.028,1.053
LUNG1-280,imrt,FALSE,2,2,train,train,C:/Users/admin/Desktop/Top2/data/dataset_update_Lung/LUNG1-280+imrt+MOS_17888.npz,1.025,1.048
LUNG1-281,2Ac,TRUE,2,2,train,train,C:/Users/admin/Desktop/Top2/data/dataset_update_Lung/LUNG1-281+2Ac+MOS_30979.npz,1.03,1.05
LUNG1-283,2Ac,TRUE,2,2,train,train,C:/Users/admin/Desktop/Top2/data/dataset_update_Lung/LUNG1-283+2Ac+MOS_49469.npz,1.029,1.059
LUNG1-283,imrt,FALSE,2,2,train,train,C:/Users/admin/Desktop/Top2/data/dataset_update_Lung/LUNG1-283+imrt+MOS_49469.npz,1.025,1.045
LUNG1-284,2Ac,TRUE,2,2,train,train,C:/Users/admin/Desktop/Top2/data/dataset_update_Lung/LUNG1-284+2Ac+MOS_2448.npz,1.028,1.045
LUNG1-284,imrt,FALSE,2,2,train,train,C:/Users/admin/Desktop/Top2/data/dataset_update_Lung/LUNG1-284+imrt+MOS_2448.npz,1.026,1.044
LUNG1-285,2Ac,TRUE,2,2,train,train,C:/Users/admin/Desktop/Top2/data/dataset_update_Lung/LUNG1-285+2Ac+MOS_6260.npz,1.029,1.05
LUNG1-285,imrt,FALSE,2,2,train,train,C:/Users/admin/Desktop/Top2/data/dataset_update_Lung/LUNG1-285+imrt+MOS_6260.npz,1.026,1.047
LUNG1-286,2Ac,TRUE,2,2,train,train,C:/Users/admin/Desktop/Top2/data/dataset_update_Lung/LUNG1-286+2Ac+MOS_49974.npz,1.026,1.043
LUNG1-287,2Ac,TRUE,2,2,train,train,C:/Users/admin/Desktop/Top2/data/dataset_update_Lung/LUNG1-287+2Ac+MOS_52826.npz,1.029,1.043
LUNG1-287,imrt,FALSE,2,2,train,train,C:/Users/admin/Desktop/Top2/data/dataset_update_Lung/LUNG1-287+imrt+MOS_52826.npz,1.037,1.053
LUNG1-288,2Ac,TRUE,2,2,train,train,C:/Users/admin/Desktop/Top2/data/dataset_update_Lung/LUNG1-288+2Ac+MOS_37236.npz,1.025,1.033
LUNG1-288,imrt,FALSE,2,2,train,train,C:/Users/admin/Desktop/Top2/data/dataset_update_Lung/LUNG1-288+imrt+MOS_37236.npz,1.027,1.038
LUNG1-289,2Ac,TRUE,2,2,train,train,C:/Users/admin/Desktop/Top2/data/dataset_update_Lung/LUNG1-289+2Ac+MOS_24498.npz,1.031,1.054
LUNG1-289,imrt,FALSE,2,2,train,train,C:/Users/admin/Desktop/Top2/data/dataset_update_Lung/LUNG1-289+imrt+MOS_24498.npz,1.029,1.052
LUNG1-290,2Ac,TRUE,2,2,train,train,C:/Users/admin/Desktop/Top2/data/dataset_update_Lung/LUNG1-290+2Ac+MOS_13828.npz,1.029,1.053
LUNG1-290,imrt,FALSE,2,2,train,train,C:/Users/admin/Desktop/Top2/data/dataset_update_Lung/LUNG1-290+imrt+MOS_13828.npz,1.029,1.057
LUNG1-291,2Ac,TRUE,2,2,train,train,C:/Users/admin/Desktop/Top2/data/dataset_update_Lung/LUNG1-291+2Ac+MOS_1675.npz,1.029,1.053
LUNG1-291,imrt,FALSE,2,2,train,train,C:/Users/admin/Desktop/Top2/data/dataset_update_Lung/LUNG1-291+imrt+MOS_1675.npz,1.025,1.047
LUNG1-293,2Ac,TRUE,2,2,train,train,C:/Users/admin/Desktop/Top2/data/dataset_update_Lung/LUNG1-293+2Ac+MOS_41332.npz,1.034,1.057
LUNG1-293,imrt,FALSE,2,2,train,train,C:/Users/admin/Desktop/Top2/data/dataset_update_Lung/LUNG1-293+imrt+MOS_41332.npz,1.036,1.052
LUNG1-294,2Ac,TRUE,2,2,train,train,C:/Users/admin/Desktop/Top2/data/dataset_update_Lung/LUNG1-294+2Ac+MOS_4926.npz,1.03,1.051
LUNG1-294,imrt,FALSE,2,2,train,train,C:/Users/admin/Desktop/Top2/data/dataset_update_Lung/LUNG1-294+imrt+MOS_4926.npz,1.029,1.046
LUNG1-295,2Ac,TRUE,2,2,train,train,C:/Users/admin/Desktop/Top2/data/dataset_update_Lung/LUNG1-295+2Ac+MOS_32310.npz,1.025,1.053
LUNG1-296,2Ac,TRUE,2,2,train,train,C:/Users/admin/Desktop/Top2/data/dataset_update_Lung/LUNG1-296+2Ac+MOS_16146.npz,1.03,1.049
LUNG1-296,imrt,FALSE,2,2,train,train,C:/Users/admin/Desktop/Top2/data/dataset_update_Lung/LUNG1-296+imrt+MOS_16146.npz,1.026,1.046
LUNG1-297,2Ac,TRUE,2,2,train,train,C:/Users/admin/Desktop/Top2/data/dataset_update_Lung/LUNG1-297+2Ac+MOS_30766.npz,1.036,1.054
LUNG1-298,2Ac,TRUE,2,2,train,train,C:/Users/admin/Desktop/Top2/data/dataset_update_Lung/LUNG1-298+2Ac+MOS_48258.npz,1.066,1.087
LUNG1-298,imrt,FALSE,2,2,train,train,C:/Users/admin/Desktop/Top2/data/dataset_update_Lung/LUNG1-298+imrt+MOS_48258.npz,1.055,1.085
LUNG1-300,2Ac,TRUE,2,2,train,train,C:/Users/admin/Desktop/Top2/data/dataset_update_Lung/LUNG1-300+2Ac+MOS_50566.npz,1.031,1.057
LUNG1-301,2Ac,TRUE,2,2,train,train,C:/Users/admin/Desktop/Top2/data/dataset_update_Lung/LUNG1-301+2Ac+MOS_7806.npz,1.027,1.051
LUNG1-301,imrt,FALSE,2,2,train,train,C:/Users/admin/Desktop/Top2/data/dataset_update_Lung/LUNG1-301+imrt+MOS_7806.npz,1.03,1.061
LUNG1-303,2Ac,TRUE,2,2,train,train,C:/Users/admin/Desktop/Top2/data/dataset_update_Lung/LUNG1-303+2Ac+MOS_31910.npz,1.033,1.066
LUNG1-303,imrt,FALSE,2,2,train,train,C:/Users/admin/Desktop/Top2/data/dataset_update_Lung/LUNG1-303+imrt+MOS_31910.npz,1.031,1.052
LUNG1-304,2Ac,TRUE,2,2,train,train,C:/Users/admin/Desktop/Top2/data/dataset_update_Lung/LUNG1-304+2Ac+MOS_37648.npz,1.032,1.052
LUNG1-304,imrt,FALSE,2,2,train,train,C:/Users/admin/Desktop/Top2/data/dataset_update_Lung/LUNG1-304+imrt+MOS_37648.npz,1.029,1.051
LUNG1-305,2Ac,TRUE,2,2,train,train,C:/Users/admin/Desktop/Top2/data/dataset_update_Lung/LUNG1-305+2Ac+MOS_15432.npz,1.037,1.046
LUNG1-305,imrt,FALSE,2,2,train,train,C:/Users/admin/Desktop/Top2/data/dataset_update_Lung/LUNG1-305+imrt+MOS_15432.npz,1.033,1.043
LUNG1-306,2Ac,TRUE,2,2,train,train,C:/Users/admin/Desktop/Top2/data/dataset_update_Lung/LUNG1-306+2Ac+MOS_55889.npz,1.054,1.068
LUNG1-306,imrt,FALSE,2,2,train,train,C:/Users/admin/Desktop/Top2/data/dataset_update_Lung/LUNG1-306+imrt+MOS_55889.npz,1.048,1.063
LUNG1-307,2Ac,TRUE,2,2,train,train,C:/Users/admin/Desktop/Top2/data/dataset_update_Lung/LUNG1-307+2Ac+MOS_28692.npz,1.027,1.04
LUNG1-307,imrt,FALSE,2,2,train,train,C:/Users/admin/Desktop/Top2/data/dataset_update_Lung/LUNG1-307+imrt+MOS_28692.npz,1.031,1.042
LUNG1-308,2Ac,TRUE,2,2,train,train,C:/Users/admin/Desktop/Top2/data/dataset_update_Lung/LUNG1-308+2Ac+MOS_3641.npz,1.036,1.067
LUNG1-308,imrt,FALSE,2,2,train,train,C:/Users/admin/Desktop/Top2/data/dataset_update_Lung/LUNG1-308+imrt+MOS_3641.npz,1.035,1.068
LUNG1-309,2Ac,TRUE,2,2,train,train,C:/Users/admin/Desktop/Top2/data/dataset_update_Lung/LUNG1-309+2Ac+MOS_15836.npz,1.027,1.041
LUNG1-309,imrt,FALSE,2,2,train,train,C:/Users/admin/Desktop/Top2/data/dataset_update_Lung/LUNG1-309+imrt+MOS_15836.npz,1.026,1.045
LUNG1-310,2Ac,TRUE,2,2,train,train,C:/Users/admin/Desktop/Top2/data/dataset_update_Lung/LUNG1-310+2Ac+MOS_11303.npz,1.032,1.057
LUNG1-310,imrt,FALSE,2,2,train,train,C:/Users/admin/Desktop/Top2/data/dataset_update_Lung/LUNG1-310+imrt+MOS_11303.npz,1.032,1.053
LUNG1-311,2Ac,TRUE,2,2,train,train,C:/Users/admin/Desktop/Top2/data/dataset_update_Lung/LUNG1-311+2Ac+MOS_42614.npz,1.03,1.044
LUNG1-311,imrt,FALSE,2,2,train,train,C:/Users/admin/Desktop/Top2/data/dataset_update_Lung/LUNG1-311+imrt+MOS_42614.npz,1.029,1.039
LUNG1-313,2Ac,TRUE,2,2,train,train,C:/Users/admin/Desktop/Top2/data/dataset_update_Lung/LUNG1-313+2Ac+MOS_1372.npz,1.042,1.063
LUNG1-314,2Ac,TRUE,2,2,train,train,C:/Users/admin/Desktop/Top2/data/dataset_update_Lung/LUNG1-314+2Ac+MOS_13716.npz,1.028,1.05
LUNG1-314,imrt,FALSE,2,2,train,train,C:/Users/admin/Desktop/Top2/data/dataset_update_Lung/LUNG1-314+imrt+MOS_13716.npz,1.032,1.048
LUNG1-315,2Ac,TRUE,2,2,train,train,C:/Users/admin/Desktop/Top2/data/dataset_update_Lung/LUNG1-315+2Ac+MOS_55332.npz,1.084,1.105
LUNG1-316,2Ac,TRUE,2,2,train,train,C:/Users/admin/Desktop/Top2/data/dataset_update_Lung/LUNG1-316+2Ac+MOS_4021.npz,1.031,1.048
LUNG1-316,imrt,FALSE,2,2,train,train,C:/Users/admin/Desktop/Top2/data/dataset_update_Lung/LUNG1-316+imrt+MOS_4021.npz,1.027,1.046
LUNG1-317,2Ac,TRUE,2,2,train,train,C:/Users/admin/Desktop/Top2/data/dataset_update_Lung/LUNG1-317+2Ac+MOS_53352.npz,1.029,1.041
LUNG1-317,imrt,FALSE,2,2,train,train,C:/Users/admin/Desktop/Top2/data/dataset_update_Lung/LUNG1-317+imrt+MOS_53352.npz,1.025,1.044
LUNG1-318,2Ac,TRUE,2,2,train,train,C:/Users/admin/Desktop/Top2/data/dataset_update_Lung/LUNG1-318+2Ac+MOS_36836.npz,1.035,1.056
LUNG1-319,2Ac,TRUE,2,2,train,train,C:/Users/admin/Desktop/Top2/data/dataset_update_Lung/LUNG1-319+2Ac+MOS_2556.npz,1.033,1.057
LUNG1-319,imrt,FALSE,2,2,train,train,C:/Users/admin/Desktop/Top2/data/dataset_update_Lung/LUNG1-319+imrt+MOS_2556.npz,1.035,1.078
LUNG1-320,2Ac,TRUE,2,2,train,train,C:/Users/admin/Desktop/Top2/data/dataset_update_Lung/LUNG1-320+2Ac+MOS_20492.npz,1.037,1.065
LUNG1-324,2Ac,TRUE,2,2,train,train,C:/Users/admin/Desktop/Top2/data/dataset_update_Lung/LUNG1-324+2Ac+MOS_18222.npz,1.027,1.043
LUNG1-324,imrt,FALSE,2,2,train,train,C:/Users/admin/Desktop/Top2/data/dataset_update_Lung/LUNG1-324+imrt+MOS_18222.npz,1.024,1.04
LUNG1-325,2Ac,TRUE,2,2,train,train,C:/Users/admin/Desktop/Top2/data/dataset_update_Lung/LUNG1-325+2Ac+MOS_0571.npz,1.038,1.052
LUNG1-325,imrt,FALSE,2,2,train,train,C:/Users/admin/Desktop/Top2/data/dataset_update_Lung/LUNG1-325+imrt+MOS_0571.npz,1.039,1.053
LUNG1-326,2Ac,TRUE,2,2,train,train,C:/Users/admin/Desktop/Top2/data/dataset_update_Lung/LUNG1-326+2Ac+MOS_12260.npz,1.046,1.063
LUNG1-327,2Ac,TRUE,2,2,train,train,C:/Users/admin/Desktop/Top2/data/dataset_update_Lung/LUNG1-327+2Ac+MOS_58611.npz,1.037,1.066
LUNG1-327,imrt,FALSE,2,2,train,train,C:/Users/admin/Desktop/Top2/data/dataset_update_Lung/LUNG1-327+imrt+MOS_58611.npz,1.033,1.056
LUNG1-328,2Ac,TRUE,2,2,train,train,C:/Users/admin/Desktop/Top2/data/dataset_update_Lung/LUNG1-328+2Ac+MOS_51219.npz,1.054,1.064
LUNG1-328,imrt,FALSE,2,2,train,train,C:/Users/admin/Desktop/Top2/data/dataset_update_Lung/LUNG1-328+imrt+MOS_51219.npz,1.041,1.063
LUNG1-329,2Ac,TRUE,2,2,train,train,C:/Users/admin/Desktop/Top2/data/dataset_update_Lung/LUNG1-329+2Ac+MOS_36101.npz,1.039,1.051
LUNG1-330,2Ac,TRUE,2,2,train,train,C:/Users/admin/Desktop/Top2/data/dataset_update_Lung/LUNG1-330+2Ac+MOS_18108.npz,1.025,1.041
LUNG1-330,imrt,FALSE,2,2,train,train,C:/Users/admin/Desktop/Top2/data/dataset_update_Lung/LUNG1-330+imrt+MOS_18108.npz,1.024,1.055
LUNG1-331,2Ac,TRUE,2,2,train,train,C:/Users/admin/Desktop/Top2/data/dataset_update_Lung/LUNG1-331+2Ac+MOS_10458.npz,1.03,1.049
LUNG1-331,imrt,FALSE,2,2,train,train,C:/Users/admin/Desktop/Top2/data/dataset_update_Lung/LUNG1-331+imrt+MOS_10458.npz,1.028,1.051
LUNG1-333,2Ac,TRUE,2,2,train,train,C:/Users/admin/Desktop/Top2/data/dataset_update_Lung/LUNG1-333+2Ac+MOS_51820.npz,1.022,1.032
LUNG1-334,2Ac,TRUE,2,2,train,train,C:/Users/admin/Desktop/Top2/data/dataset_update_Lung/LUNG1-334+2Ac+MOS_0168.npz,1.024,1.034
LUNG1-334,imrt,FALSE,2,2,train,train,C:/Users/admin/Desktop/Top2/data/dataset_update_Lung/LUNG1-334+imrt+MOS_0168.npz,1.023,1.037
LUNG1-335,2Ac,TRUE,2,2,train,train,C:/Users/admin/Desktop/Top2/data/dataset_update_Lung/LUNG1-335+2Ac+MOS_42173.npz,1.026,1.042
LUNG1-335,imrt,FALSE,2,2,train,train,C:/Users/admin/Desktop/Top2/data/dataset_update_Lung/LUNG1-335+imrt+MOS_42173.npz,1.025,1.037
LUNG1-336,2Ac,TRUE,2,2,train,train,C:/Users/admin/Desktop/Top2/data/dataset_update_Lung/LUNG1-336+2Ac+MOS_26202.npz,1.027,1.052
LUNG1-336,imrt,FALSE,2,2,train,train,C:/Users/admin/Desktop/Top2/data/dataset_update_Lung/LUNG1-336+imrt+MOS_26202.npz,1.03,1.046
LUNG1-337,2Ac,TRUE,2,2,train,train,C:/Users/admin/Desktop/Top2/data/dataset_update_Lung/LUNG1-337+2Ac+MOS_9814.npz,1.03,1.053
LUNG1-337,imrt,FALSE,2,2,train,train,C:/Users/admin/Desktop/Top2/data/dataset_update_Lung/LUNG1-337+imrt+MOS_9814.npz,1.027,1.047
LUNG1-338,2Ac,TRUE,2,2,train,train,C:/Users/admin/Desktop/Top2/data/dataset_update_Lung/LUNG1-338+2Ac+MOS_53937.npz,1.03,1.048
LUNG1-338,imrt,FALSE,2,2,train,train,C:/Users/admin/Desktop/Top2/data/dataset_update_Lung/LUNG1-338+imrt+MOS_53937.npz,1.032,1.058
LUNG1-339,2Ac,TRUE,2,2,train,train,C:/Users/admin/Desktop/Top2/data/dataset_update_Lung/LUNG1-339+2Ac+MOS_4545.npz,1.025,1.045
LUNG1-339,imrt,FALSE,2,2,train,train,C:/Users/admin/Desktop/Top2/data/dataset_update_Lung/LUNG1-339+imrt+MOS_4545.npz,1.025,1.04
LUNG1-340,2Ac,TRUE,2,2,train,train,C:/Users/admin/Desktop/Top2/data/dataset_update_Lung/LUNG1-340+2Ac+MOS_51723.npz,1.031,1.049
LUNG1-340,imrt,FALSE,2,2,train,train,C:/Users/admin/Desktop/Top2/data/dataset_update_Lung/LUNG1-340+imrt+MOS_51723.npz,1.025,1.046
LUNG1-341,2Ac,TRUE,2,2,train,train,C:/Users/admin/Desktop/Top2/data/dataset_update_Lung/LUNG1-341+2Ac+MOS_34475.npz,1.03,1.051
LUNG1-341,imrt,FALSE,2,2,train,train,C:/Users/admin/Desktop/Top2/data/dataset_update_Lung/LUNG1-341+imrt+MOS_34475.npz,1.028,1.046
LUNG1-343,2Ac,TRUE,2,2,train,train,C:/Users/admin/Desktop/Top2/data/dataset_update_Lung/LUNG1-343+2Ac+MOS_20522.npz,1.025,1.041
LUNG1-343,imrt,FALSE,2,2,train,train,C:/Users/admin/Desktop/Top2/data/dataset_update_Lung/LUNG1-343+imrt+MOS_20522.npz,1.023,1.04
LUNG1-344,2Ac,TRUE,2,2,train,train,C:/Users/admin/Desktop/Top2/data/dataset_update_Lung/LUNG1-344+2Ac+MOS_5872.npz,1.032,1.053
LUNG1-344,imrt,FALSE,2,2,train,train,C:/Users/admin/Desktop/Top2/data/dataset_update_Lung/LUNG1-344+imrt+MOS_5872.npz,1.029,1.05
LUNG1-346,2Ac,TRUE,2,2,train,train,C:/Users/admin/Desktop/Top2/data/dataset_update_Lung/LUNG1-346+2Ac+MOS_50542.npz,1.031,1.044
LUNG1-346,imrt,FALSE,2,2,train,train,C:/Users/admin/Desktop/Top2/data/dataset_update_Lung/LUNG1-346+imrt+MOS_50542.npz,1.03,1.054
LUNG1-347,2Ac,TRUE,2,2,train,train,C:/Users/admin/Desktop/Top2/data/dataset_update_Lung/LUNG1-347+2Ac+MOS_48753.npz,1.037,1.045
LUNG1-347,imrt,FALSE,2,2,train,train,C:/Users/admin/Desktop/Top2/data/dataset_update_Lung/LUNG1-347+imrt+MOS_48753.npz,1.038,1.048
LUNG1-348,2Ac,TRUE,2,2,train,train,C:/Users/admin/Desktop/Top2/data/dataset_update_Lung/LUNG1-348+2Ac+MOS_37665.npz,1.036,1.089
LUNG1-348,imrt,FALSE,2,2,train,train,C:/Users/admin/Desktop/Top2/data/dataset_update_Lung/LUNG1-348+imrt+MOS_37665.npz,1.032,1.086
LUNG1-349,2Ac,TRUE,2,2,train,train,C:/Users/admin/Desktop/Top2/data/dataset_update_Lung/LUNG1-349+2Ac+MOS_2790.npz,1.04,1.068
LUNG1-349,imrt,FALSE,2,2,train,train,C:/Users/admin/Desktop/Top2/data/dataset_update_Lung/LUNG1-349+imrt+MOS_2790.npz,1.034,1.072
LUNG1-350,2Ac,TRUE,2,2,train,train,C:/Users/admin/Desktop/Top2/data/dataset_update_Lung/LUNG1-350+2Ac+MOS_32921.npz,1.027,1.04
LUNG1-350,imrt,FALSE,2,2,train,train,C:/Users/admin/Desktop/Top2/data/dataset_update_Lung/LUNG1-350+imrt+MOS_32921.npz,1.024,1.048
LUNG1-351,2Ac,TRUE,2,2,train,train,C:/Users/admin/Desktop/Top2/data/dataset_update_Lung/LUNG1-351+2Ac+MOS_23606.npz,1.026,1.041
LUNG1-351,imrt,FALSE,2,2,train,train,C:/Users/admin/Desktop/Top2/data/dataset_update_Lung/LUNG1-351+imrt+MOS_23606.npz,1.025,1.04
LUNG1-353,2Ac,TRUE,2,2,train,train,C:/Users/admin/Desktop/Top2/data/dataset_update_Lung/LUNG1-353+2Ac+MOS_4591.npz,1.039,1.069
LUNG1-353,imrt,FALSE,2,2,train,train,C:/Users/admin/Desktop/Top2/data/dataset_update_Lung/LUNG1-353+imrt+MOS_4591.npz,1.032,1.061
LUNG1-354,2Ac,TRUE,2,2,train,train,C:/Users/admin/Desktop/Top2/data/dataset_update_Lung/LUNG1-354+2Ac+MOS_50693.npz,1.03,1.048
LUNG1-354,imrt,FALSE,2,2,train,train,C:/Users/admin/Desktop/Top2/data/dataset_update_Lung/LUNG1-354+imrt+MOS_50693.npz,1.029,1.054
LUNG1-355,2Ac,TRUE,2,2,train,train,C:/Users/admin/Desktop/Top2/data/dataset_update_Lung/LUNG1-355+2Ac+MOS_0458.npz,1.031,1.044
LUNG1-355,imrt,FALSE,2,2,train,train,C:/Users/admin/Desktop/Top2/data/dataset_update_Lung/LUNG1-355+imrt+MOS_0458.npz,1.027,1.056
LUNG1-356,2Ac,TRUE,2,2,train,train,C:/Users/admin/Desktop/Top2/data/dataset_update_Lung/LUNG1-356+2Ac+MOS_49294.npz,1.083,1.097
LUNG1-357,2Ac,TRUE,2,2,train,train,C:/Users/admin/Desktop/Top2/data/dataset_update_Lung/LUNG1-357+2Ac+MOS_39285.npz,1.031,1.053
LUNG1-357,imrt,FALSE,2,2,train,train,C:/Users/admin/Desktop/Top2/data/dataset_update_Lung/LUNG1-357+imrt+MOS_39285.npz,1.028,1.044
LUNG1-358,2Ac,TRUE,2,2,train,train,C:/Users/admin/Desktop/Top2/data/dataset_update_Lung/LUNG1-358+2Ac+MOS_54788.npz,1.039,1.056
LUNG1-358,imrt,FALSE,2,2,train,train,C:/Users/admin/Desktop/Top2/data/dataset_update_Lung/LUNG1-358+imrt+MOS_54788.npz,1.037,1.05
LUNG1-359,2Ac,TRUE,2,2,train,train,C:/Users/admin/Desktop/Top2/data/dataset_update_Lung/LUNG1-359+2Ac+MOS_34437.npz,1.034,1.057
LUNG1-359,imrt,FALSE,2,2,train,train,C:/Users/admin/Desktop/Top2/data/dataset_update_Lung/LUNG1-359+imrt+MOS_34437.npz,1.034,1.047
LUNG1-360,2Ac,TRUE,2,2,train,train,C:/Users/admin/Desktop/Top2/data/dataset_update_Lung/LUNG1-360+2Ac+MOS_29296.npz,1.034,1.058
LUNG1-360,imrt,FALSE,2,2,train,train,C:/Users/admin/Desktop/Top2/data/dataset_update_Lung/LUNG1-360+imrt+MOS_29296.npz,1.029,1.044
LUNG1-361,2Ac,TRUE,2,2,train,train,C:/Users/admin/Desktop/Top2/data/dataset_update_Lung/LUNG1-361+2Ac+MOS_23452.npz,1.034,1.057
LUNG1-363,2Ac,TRUE,2,2,train,train,C:/Users/admin/Desktop/Top2/data/dataset_update_Lung/LUNG1-363+2Ac+MOS_16837.npz,1.03,1.049
LUNG1-363,imrt,FALSE,2,2,train,train,C:/Users/admin/Desktop/Top2/data/dataset_update_Lung/LUNG1-363+imrt+MOS_16837.npz,1.025,1.048
LUNG1-364,2Ac,TRUE,2,2,train,train,C:/Users/admin/Desktop/Top2/data/dataset_update_Lung/LUNG1-364+2Ac+MOS_5496.npz,1.027,1.046
LUNG1-364,imrt,FALSE,2,2,train,train,C:/Users/admin/Desktop/Top2/data/dataset_update_Lung/LUNG1-364+imrt+MOS_5496.npz,1.023,1.045
LUNG1-365,2Ac,TRUE,2,2,train,train,C:/Users/admin/Desktop/Top2/data/dataset_update_Lung/LUNG1-365+2Ac+MOS_51681.npz,1.034,1.078
LUNG1-365,imrt,FALSE,2,2,train,train,C:/Users/admin/Desktop/Top2/data/dataset_update_Lung/LUNG1-365+imrt+MOS_51681.npz,1.032,1.06
LUNG1-366,2Ac,TRUE,2,2,train,train,C:/Users/admin/Desktop/Top2/data/dataset_update_Lung/LUNG1-366+2Ac+MOS_37923.npz,1.031,1.043
LUNG1-366,imrt,FALSE,2,2,train,train,C:/Users/admin/Desktop/Top2/data/dataset_update_Lung/LUNG1-366+imrt+MOS_37923.npz,1.033,1.047
LUNG1-368,2Ac,TRUE,2,2,train,train,C:/Users/admin/Desktop/Top2/data/dataset_update_Lung/LUNG1-368+2Ac+MOS_3061.npz,1.033,1.055
LUNG1-368,imrt,FALSE,2,2,train,train,C:/Users/admin/Desktop/Top2/data/dataset_update_Lung/LUNG1-368+imrt+MOS_3061.npz,1.029,1.053
LUNG1-369,2Ac,TRUE,2,2,train,train,C:/Users/admin/Desktop/Top2/data/dataset_update_Lung/LUNG1-369+2Ac+MOS_125.npz,1.027,1.043
LUNG1-369,imrt,FALSE,2,2,train,train,C:/Users/admin/Desktop/Top2/data/dataset_update_Lung/LUNG1-369+imrt+MOS_125.npz,1.028,1.047
LUNG1-370,2Ac,TRUE,2,2,train,train,C:/Users/admin/Desktop/Top2/data/dataset_update_Lung/LUNG1-370+2Ac+MOS_4628.npz,1.026,1.043
LUNG1-370,imrt,FALSE,2,2,train,train,C:/Users/admin/Desktop/Top2/data/dataset_update_Lung/LUNG1-370+imrt+MOS_4628.npz,1.023,1.043
LUNG1-371,2Ac,TRUE,2,2,train,train,C:/Users/admin/Desktop/Top2/data/dataset_update_Lung/LUNG1-371+2Ac+MOS_3335.npz,1.027,1.043
LUNG1-371,imrt,FALSE,2,2,train,train,C:/Users/admin/Desktop/Top2/data/dataset_update_Lung/LUNG1-371+imrt+MOS_3335.npz,1.026,1.038
LUNG1-372,2Ac,TRUE,2,2,train,train,C:/Users/admin/Desktop/Top2/data/dataset_update_Lung/LUNG1-372+2Ac+MOS_54689.npz,1.079,1.098
LUNG1-372,imrt,FALSE,2,2,train,train,C:/Users/admin/Desktop/Top2/data/dataset_update_Lung/LUNG1-372+imrt+MOS_54689.npz,1.083,1.107
LUNG1-373,2Ac,TRUE,2,2,train,train,C:/Users/admin/Desktop/Top2/data/dataset_update_Lung/LUNG1-373+2Ac+MOS_58655.npz,1.028,1.046
LUNG1-373,imrt,FALSE,2,2,train,train,C:/Users/admin/Desktop/Top2/data/dataset_update_Lung/LUNG1-373+imrt+MOS_58655.npz,1.028,1.047
LUNG1-374,2Ac,TRUE,2,2,train,train,C:/Users/admin/Desktop/Top2/data/dataset_update_Lung/LUNG1-374+2Ac+MOS_5578.npz,1.034,1.066
LUNG1-375,2Ac,TRUE,2,2,train,train,C:/Users/admin/Desktop/Top2/data/dataset_update_Lung/LUNG1-375+2Ac+MOS_49374.npz,1.031,1.063
LUNG1-375,imrt,FALSE,2,2,train,train,C:/Users/admin/Desktop/Top2/data/dataset_update_Lung/LUNG1-375+imrt+MOS_49374.npz,1.027,1.047
LUNG1-376,2Ac,TRUE,2,2,train,train,C:/Users/admin/Desktop/Top2/data/dataset_update_Lung/LUNG1-376+2Ac+MOS_41142.npz,1.026,1.041
LUNG1-376,imrt,FALSE,2,2,train,train,C:/Users/admin/Desktop/Top2/data/dataset_update_Lung/LUNG1-376+imrt+MOS_41142.npz,1.024,1.041
LUNG1-377,2Ac,TRUE,2,2,train,train,C:/Users/admin/Desktop/Top2/data/dataset_update_Lung/LUNG1-377+2Ac+MOS_47108.npz,1.035,1.082
LUNG1-377,imrt,FALSE,2,2,train,train,C:/Users/admin/Desktop/Top2/data/dataset_update_Lung/LUNG1-377+imrt+MOS_47108.npz,1.029,1.056
LUNG1-378,2Ac,TRUE,2,2,train,train,C:/Users/admin/Desktop/Top2/data/dataset_update_Lung/LUNG1-378+2Ac+MOS_33636.npz,1.047,1.069
LUNG1-378,imrt,FALSE,2,2,train,train,C:/Users/admin/Desktop/Top2/data/dataset_update_Lung/LUNG1-378+imrt+MOS_33636.npz,1.041,1.077
LUNG1-379,2Ac,TRUE,2,2,train,train,C:/Users/admin/Desktop/Top2/data/dataset_update_Lung/LUNG1-379+2Ac+MOS_16455.npz,1.027,1.039
LUNG1-379,imrt,FALSE,2,2,train,train,C:/Users/admin/Desktop/Top2/data/dataset_update_Lung/LUNG1-379+imrt+MOS_16455.npz,1.029,1.042
LUNG1-380,2Ac,TRUE,2,2,train,train,C:/Users/admin/Desktop/Top2/data/dataset_update_Lung/LUNG1-380+2Ac+MOS_5169.npz,1.033,1.048
LUNG1-380,imrt,FALSE,2,2,train,train,C:/Users/admin/Desktop/Top2/data/dataset_update_Lung/LUNG1-380+imrt+MOS_5169.npz,1.03,1.046
LUNG1-381,2Ac,TRUE,2,2,train,train,C:/Users/admin/Desktop/Top2/data/dataset_update_Lung/LUNG1-381+2Ac+MOS_51699.npz,1.028,1.054
LUNG1-381,imrt,FALSE,2,2,train,train,C:/Users/admin/Desktop/Top2/data/dataset_update_Lung/LUNG1-381+imrt+MOS_51699.npz,1.03,1.054
LUNG1-382,2Ac,TRUE,2,2,train,train,C:/Users/admin/Desktop/Top2/data/dataset_update_Lung/LUNG1-382+2Ac+MOS_40234.npz,1.036,1.06
LUNG1-382,imrt,FALSE,2,2,train,train,C:/Users/admin/Desktop/Top2/data/dataset_update_Lung/LUNG1-382+imrt+MOS_40234.npz,1.032,1.054
LUNG1-383,2Ac,TRUE,2,2,train,train,C:/Users/admin/Desktop/Top2/data/dataset_update_Lung/LUNG1-383+2Ac+MOS_3553.npz,1.042,1.051
LUNG1-383,imrt,FALSE,2,2,train,train,C:/Users/admin/Desktop/Top2/data/dataset_update_Lung/LUNG1-383+imrt+MOS_3553.npz,1.039,1.057
LUNG1-384,2Ac,TRUE,2,2,train,train,C:/Users/admin/Desktop/Top2/data/dataset_update_Lung/LUNG1-384+2Ac+MOS_23280.npz,1.027,1.047
LUNG1-384,imrt,FALSE,2,2,train,train,C:/Users/admin/Desktop/Top2/data/dataset_update_Lung/LUNG1-384+imrt+MOS_23280.npz,1.027,1.043
LUNG1-385,2Ac,TRUE,2,2,train,train,C:/Users/admin/Desktop/Top2/data/dataset_update_Lung/LUNG1-385+2Ac+MOS_39935.npz,1.021,1.03
LUNG1-385,imrt,FALSE,2,2,train,train,C:/Users/admin/Desktop/Top2/data/dataset_update_Lung/LUNG1-385+imrt+MOS_39935.npz,1.022,1.036
LUNG1-386,2Ac,TRUE,2,2,train,train,C:/Users/admin/Desktop/Top2/data/dataset_update_Lung/LUNG1-386+2Ac+MOS_30487.npz,1.027,1.054
LUNG1-386,imrt,FALSE,2,2,train,train,C:/Users/admin/Desktop/Top2/data/dataset_update_Lung/LUNG1-386+imrt+MOS_30487.npz,1.024,1.044
LUNG1-388,2Ac,TRUE,2,2,train,train,C:/Users/admin/Desktop/Top2/data/dataset_update_Lung/LUNG1-388+2Ac+MOS_32688.npz,1.022,1.034
LUNG1-388,imrt,FALSE,2,2,train,train,C:/Users/admin/Desktop/Top2/data/dataset_update_Lung/LUNG1-388+imrt+MOS_32688.npz,1.023,1.035
LUNG1-389,2Ac,TRUE,2,2,train,train,C:/Users/admin/Desktop/Top2/data/dataset_update_Lung/LUNG1-389+2Ac+MOS_32580.npz,1.025,1.038
LUNG1-389,imrt,FALSE,2,2,train,train,C:/Users/admin/Desktop/Top2/data/dataset_update_Lung/LUNG1-389+imrt+MOS_32580.npz,1.022,1.038
LUNG1-390,2Ac,TRUE,2,2,train,train,C:/Users/admin/Desktop/Top2/data/dataset_update_Lung/LUNG1-390+2Ac+MOS_20311.npz,1.04,1.056
LUNG1-390,imrt,FALSE,2,2,train,train,C:/Users/admin/Desktop/Top2/data/dataset_update_Lung/LUNG1-390+imrt+MOS_20311.npz,1.04,1.055
LUNG1-391,2Ac,TRUE,2,2,train,train,C:/Users/admin/Desktop/Top2/data/dataset_update_Lung/LUNG1-391+2Ac+MOS_55727.npz,1.034,1.045
LUNG1-391,imrt,FALSE,2,2,train,train,C:/Users/admin/Desktop/Top2/data/dataset_update_Lung/LUNG1-391+imrt+MOS_55727.npz,1.036,1.047
LUNG1-392,2Ac,TRUE,2,2,train,train,C:/Users/admin/Desktop/Top2/data/dataset_update_Lung/LUNG1-392+2Ac+MOS_43274.npz,1.026,1.048
LUNG1-393,2Ac,TRUE,2,2,train,train,C:/Users/admin/Desktop/Top2/data/dataset_update_Lung/LUNG1-393+2Ac+MOS_41933.npz,1.029,1.051
LUNG1-393,imrt,FALSE,2,2,train,train,C:/Users/admin/Desktop/Top2/data/dataset_update_Lung/LUNG1-393+imrt+MOS_41933.npz,1.026,1.045
LUNG1-394,2Ac,TRUE,2,2,train,train,C:/Users/admin/Desktop/Top2/data/dataset_update_Lung/LUNG1-394+2Ac+MOS_4979.npz,1.027,1.047
LUNG1-394,imrt,FALSE,2,2,train,train,C:/Users/admin/Desktop/Top2/data/dataset_update_Lung/LUNG1-394+imrt+MOS_4979.npz,1.025,1.044
LUNG1-395,2Ac,TRUE,2,2,train,train,C:/Users/admin/Desktop/Top2/data/dataset_update_Lung/LUNG1-395+2Ac+MOS_36866.npz,1.023,1.038
LUNG1-396,2Ac,TRUE,2,2,train,train,C:/Users/admin/Desktop/Top2/data/dataset_update_Lung/LUNG1-396+2Ac+MOS_35376.npz,1.034,1.066
LUNG1-396,imrt,FALSE,2,2,train,train,C:/Users/admin/Desktop/Top2/data/dataset_update_Lung/LUNG1-396+imrt+MOS_35376.npz,1.03,1.054
LUNG1-397,2Ac,TRUE,2,2,train,train,C:/Users/admin/Desktop/Top2/data/dataset_update_Lung/LUNG1-397+2Ac+MOS_2928.npz,1.028,1.05
LUNG1-397,imrt,FALSE,2,2,train,train,C:/Users/admin/Desktop/Top2/data/dataset_update_Lung/LUNG1-397+imrt+MOS_2928.npz,1.027,1.047
LUNG1-398,2Ac,TRUE,2,2,train,train,C:/Users/admin/Desktop/Top2/data/dataset_update_Lung/LUNG1-398+2Ac+MOS_15941.npz,1.028,1.051
LUNG1-398,imrt,FALSE,2,2,train,train,C:/Users/admin/Desktop/Top2/data/dataset_update_Lung/LUNG1-398+imrt+MOS_15941.npz,1.026,1.047
LUNG1-399,2Ac,TRUE,2,2,train,train,C:/Users/admin/Desktop/Top2/data/dataset_update_Lung/LUNG1-399+2Ac+MOS_1889.npz,1.034,1.045
LUNG1-399,imrt,FALSE,2,2,train,train,C:/Users/admin/Desktop/Top2/data/dataset_update_Lung/LUNG1-399+imrt+MOS_1889.npz,1.036,1.049
LUNG1-400,2Ac,TRUE,2,2,train,train,C:/Users/admin/Desktop/Top2/data/dataset_update_Lung/LUNG1-400+2Ac+MOS_56291.npz,1.031,1.051
LUNG1-400,imrt,FALSE,2,2,train,train,C:/Users/admin/Desktop/Top2/data/dataset_update_Lung/LUNG1-400+imrt+MOS_56291.npz,1.027,1.061
LUNG1-401,2Ac,TRUE,2,2,train,train,C:/Users/admin/Desktop/Top2/data/dataset_update_Lung/LUNG1-401+2Ac+MOS_28837.npz,1.036,1.063
LUNG1-401,imrt,FALSE,2,2,train,train,C:/Users/admin/Desktop/Top2/data/dataset_update_Lung/LUNG1-401+imrt+MOS_28837.npz,1.031,1.052
LUNG1-402,2Ac,TRUE,2,2,train,train,C:/Users/admin/Desktop/Top2/data/dataset_update_Lung/LUNG1-402+2Ac+MOS_34556.npz,1.035,1.054
LUNG1-402,imrt,FALSE,2,2,train,train,C:/Users/admin/Desktop/Top2/data/dataset_update_Lung/LUNG1-402+imrt+MOS_34556.npz,1.036,1.062
LUNG1-403,2Ac,TRUE,2,2,train,train,C:/Users/admin/Desktop/Top2/data/dataset_update_Lung/LUNG1-403+2Ac+MOS_16494.npz,1.028,1.046
LUNG1-403,imrt,FALSE,2,2,train,train,C:/Users/admin/Desktop/Top2/data/dataset_update_Lung/LUNG1-403+imrt+MOS_16494.npz,1.024,1.043
LUNG1-405,2Ac,TRUE,2,2,train,train,C:/Users/admin/Desktop/Top2/data/dataset_update_Lung/LUNG1-405+2Ac+MOS_40314.npz,1.036,1.067
LUNG1-405,imrt,FALSE,2,2,train,train,C:/Users/admin/Desktop/Top2/data/dataset_update_Lung/LUNG1-405+imrt+MOS_40314.npz,1.035,1.058
LUNG1-406,2Ac,TRUE,2,2,train,train,C:/Users/admin/Desktop/Top2/data/dataset_update_Lung/LUNG1-406+2Ac+MOS_50214.npz,1.03,1.058
LUNG1-406,imrt,FALSE,2,2,train,train,C:/Users/admin/Desktop/Top2/data/dataset_update_Lung/LUNG1-406+imrt+MOS_50214.npz,1.028,1.048
LUNG1-407,2Ac,TRUE,2,2,train,train,C:/Users/admin/Desktop/Top2/data/dataset_update_Lung/LUNG1-407+2Ac+MOS_27649.npz,1.031,1.055
LUNG1-409,2Ac,TRUE,2,2,train,train,C:/Users/admin/Desktop/Top2/data/dataset_update_Lung/LUNG1-409+2Ac+MOS_17934.npz,1.028,1.05
LUNG1-409,imrt,FALSE,2,2,train,train,C:/Users/admin/Desktop/Top2/data/dataset_update_Lung/LUNG1-409+imrt+MOS_17934.npz,1.027,1.046
LUNG1-410,2Ac,TRUE,2,2,train,train,C:/Users/admin/Desktop/Top2/data/dataset_update_Lung/LUNG1-410+2Ac+MOS_6477.npz,1.027,1.044
LUNG1-410,imrt,FALSE,2,2,train,train,C:/Users/admin/Desktop/Top2/data/dataset_update_Lung/LUNG1-410+imrt+MOS_6477.npz,1.026,1.046
LUNG1-411,2Ac,TRUE,2,2,train,train,C:/Users/admin/Desktop/Top2/data/dataset_update_Lung/LUNG1-411+2Ac+MOS_45636.npz,1.026,1.047
LUNG1-411,imrt,FALSE,2,2,train,train,C:/Users/admin/Desktop/Top2/data/dataset_update_Lung/LUNG1-411+imrt+MOS_45636.npz,1.026,1.049
LUNG1-412,2Ac,TRUE,2,2,train,train,C:/Users/admin/Desktop/Top2/data/dataset_update_Lung/LUNG1-412+2Ac+MOS_30797.npz,1.065,1.094
LUNG1-412,imrt,FALSE,2,2,train,train,C:/Users/admin/Desktop/Top2/data/dataset_update_Lung/LUNG1-412+imrt+MOS_30797.npz,1.055,1.078
LUNG1-413,2Ac,TRUE,2,2,train,train,C:/Users/admin/Desktop/Top2/data/dataset_update_Lung/LUNG1-413+2Ac+MOS_39908.npz,1.027,1.044
LUNG1-414,2Ac,TRUE,2,2,train,train,C:/Users/admin/Desktop/Top2/data/dataset_update_Lung/LUNG1-414+2Ac+MOS_18621.npz,1.027,1.037
LUNG1-414,imrt,FALSE,2,2,train,train,C:/Users/admin/Desktop/Top2/data/dataset_update_Lung/LUNG1-414+imrt+MOS_18621.npz,1.028,1.041
LUNG1-415,2Ac,TRUE,2,2,train,train,C:/Users/admin/Desktop/Top2/data/dataset_update_Lung/LUNG1-415+2Ac+MOS_46904.npz,1.024,1.037
LUNG1-416,2Ac,TRUE,2,2,train,train,C:/Users/admin/Desktop/Top2/data/dataset_update_Lung/LUNG1-416+2Ac+MOS_3125.npz,1.035,1.097
LUNG1-417,2Ac,TRUE,2,2,train,train,C:/Users/admin/Desktop/Top2/data/dataset_update_Lung/LUNG1-417+2Ac+MOS_13674.npz,1.035,1.069
LUNG1-417,imrt,FALSE,2,2,train,train,C:/Users/admin/Desktop/Top2/data/dataset_update_Lung/LUNG1-417+imrt+MOS_13674.npz,1.028,1.059
LUNG1-418,2Ac,TRUE,2,2,train,train,C:/Users/admin/Desktop/Top2/data/dataset_update_Lung/LUNG1-418+2Ac+MOS_57603.npz,1.043,1.072
LUNG1-419,2Ac,TRUE,2,2,train,train,C:/Users/admin/Desktop/Top2/data/dataset_update_Lung/LUNG1-419+2Ac+MOS_44241.npz,1.033,1.07
LUNG1-420,2Ac,TRUE,2,2,train,train,C:/Users/admin/Desktop/Top2/data/dataset_update_Lung/LUNG1-420+2Ac+MOS_2425.npz,1.027,1.039
LUNG1-420,imrt,FALSE,2,2,train,train,C:/Users/admin/Desktop/Top2/data/dataset_update_Lung/LUNG1-420+imrt+MOS_2425.npz,1.024,1.038
LUNG1-421,2Ac,TRUE,2,2,train,train,C:/Users/admin/Desktop/Top2/data/dataset_update_Lung/LUNG1-421+2Ac+MOS_5367.npz,1.032,1.046
LUNG1-421,imrt,FALSE,2,2,train,train,C:/Users/admin/Desktop/Top2/data/dataset_update_Lung/LUNG1-421+imrt+MOS_5367.npz,1.031,1.05
LUNG1-422,2Ac,TRUE,2,2,train,train,C:/Users/admin/Desktop/Top2/data/dataset_update_Lung/LUNG1-422+2Ac+MOS_16620.npz,1.025,1.044
LUNG1-422,imrt,FALSE,2,2,train,train,C:/Users/admin/Desktop/Top2/data/dataset_update_Lung/LUNG1-422+imrt+MOS_16620.npz,1.023,1.047
0617-410508,2Ac,TRUE,1,2,train,valid,C:/Users/admin/Desktop/Top2/data/dataset_update_Lung/0617-410508+2Ac+MOS_31984.npz,1.039,1.071
0617-410508,imrt,FALSE,1,2,train,valid,C:/Users/admin/Desktop/Top2/data/dataset_update_Lung/0617-410508+imrt+MOS_31984.npz,1.035,1.061
0617-457446,2Ac,TRUE,1,2,train,valid,C:/Users/admin/Desktop/Top2/data/dataset_update_Lung/0617-457446+2Ac+MOS_2891.npz,1.029,1.052
0617-457446,imrt,FALSE,1,2,train,valid,C:/Users/admin/Desktop/Top2/data/dataset_update_Lung/0617-457446+imrt+MOS_2891.npz,1.034,1.053
0617-503047,2Ac,TRUE,1,2,train,valid,C:/Users/admin/Desktop/Top2/data/dataset_update_Lung/0617-503047+2Ac+MOS_15203.npz,1.031,1.049
0617-503047,imrt,FALSE,1,2,train,valid,C:/Users/admin/Desktop/Top2/data/dataset_update_Lung/0617-503047+imrt+MOS_15203.npz,1.037,1.059
0617-535759,2Ac,TRUE,1,2,train,valid,C:/Users/admin/Desktop/Top2/data/dataset_update_Lung/0617-535759+2Ac+MOS_9668.npz,1.04,1.071
0617-535759,imrt,FALSE,1,2,train,valid,C:/Users/admin/Desktop/Top2/data/dataset_update_Lung/0617-535759+imrt+MOS_9668.npz,1.035,1.067
0617-549126,2Ac,TRUE,1,2,train,valid,C:/Users/admin/Desktop/Top2/data/dataset_update_Lung/0617-549126+2Ac+MOS_2240.npz,1.04,1.077
0617-549126,imrt,FALSE,1,2,train,valid,C:/Users/admin/Desktop/Top2/data/dataset_update_Lung/0617-549126+imrt+MOS_2240.npz,1.035,1.073
0617-564260,2Ac,TRUE,1,2,train,valid,C:/Users/admin/Desktop/Top2/data/dataset_update_Lung/0617-564260+2Ac+MOS_54987.npz,1.036,1.058
0617-564260,imrt,FALSE,1,2,train,valid,C:/Users/admin/Desktop/Top2/data/dataset_update_Lung/0617-564260+imrt+MOS_54987.npz,1.039,1.067
0617-579417,2Ac,TRUE,1,2,train,valid,C:/Users/admin/Desktop/Top2/data/dataset_update_Lung/0617-579417+2Ac+MOS_23173.npz,1.034,1.061
0617-579417,imrt,FALSE,1,2,train,valid,C:/Users/admin/Desktop/Top2/data/dataset_update_Lung/0617-579417+imrt+MOS_23173.npz,1.031,1.051
0617-592801,2Ac,TRUE,1,2,train,valid,C:/Users/admin/Desktop/Top2/data/dataset_update_Lung/0617-592801+2Ac+MOS_46452.npz,1.035,1.065
0617-592801,imrt,FALSE,1,2,train,valid,C:/Users/admin/Desktop/Top2/data/dataset_update_Lung/0617-592801+imrt+MOS_46452.npz,1.037,1.065
0617-609173,2Ac,TRUE,1,2,train,valid,C:/Users/admin/Desktop/Top2/data/dataset_update_Lung/0617-609173+2Ac+MOS_45595.npz,1.031,1.054
0617-609173,imrt,FALSE,1,2,train,valid,C:/Users/admin/Desktop/Top2/data/dataset_update_Lung/0617-609173+imrt+MOS_45595.npz,1.032,1.059
0617-625765,2Ac,TRUE,1,2,train,valid,C:/Users/admin/Desktop/Top2/data/dataset_update_Lung/0617-625765+2Ac+MOS_34457.npz,1.036,1.076
0617-625765,imrt,FALSE,1,2,train,valid,C:/Users/admin/Desktop/Top2/data/dataset_update_Lung/0617-625765+imrt+MOS_34457.npz,1.035,1.072
0617-639115,2Ac,TRUE,1,2,train,valid,C:/Users/admin/Desktop/Top2/data/dataset_update_Lung/0617-639115+2Ac+MOS_47725.npz,1.043,1.088
0617-639115,imrt,FALSE,1,2,train,valid,C:/Users/admin/Desktop/Top2/data/dataset_update_Lung/0617-639115+imrt+MOS_47725.npz,1.036,1.095
0617-657643,2Ac,TRUE,1,2,train,valid,C:/Users/admin/Desktop/Top2/data/dataset_update_Lung/0617-657643+2Ac+MOS_45458.npz,1.031,1.055
0617-657643,imrt,FALSE,1,2,train,valid,C:/Users/admin/Desktop/Top2/data/dataset_update_Lung/0617-657643+imrt+MOS_45458.npz,1.028,1.058
0617-670038,2Ac,TRUE,1,2,train,valid,C:/Users/admin/Desktop/Top2/data/dataset_update_Lung/0617-670038+2Ac+MOS_5830.npz,1.03,1.054
0617-670038,imrt,FALSE,1,2,train,valid,C:/Users/admin/Desktop/Top2/data/dataset_update_Lung/0617-670038+imrt+MOS_5830.npz,1.027,1.047
0617-684904,2Ac,TRUE,1,2,train,valid,C:/Users/admin/Desktop/Top2/data/dataset_update_Lung/0617-684904+2Ac+MOS_12509.npz,1.035,1.066
0617-684904,imrt,FALSE,1,2,train,valid,C:/Users/admin/Desktop/Top2/data/dataset_update_Lung/0617-684904+imrt+MOS_12509.npz,1.036,1.065
0617-699669,2Ac,TRUE,1,2,train,valid,C:/Users/admin/Desktop/Top2/data/dataset_update_Lung/0617-699669+2Ac+MOS_37207.npz,1.037,1.061
0617-699669,imrt,FALSE,1,2,train,valid,C:/Users/admin/Desktop/Top2/data/dataset_update_Lung/0617-699669+imrt+MOS_37207.npz,1.039,1.051
0617-714670,2Ac,TRUE,1,2,train,valid,C:/Users/admin/Desktop/Top2/data/dataset_update_Lung/0617-714670+2Ac+MOS_3665.npz,1.031,1.087
0617-714670,imrt,FALSE,1,2,train,valid,C:/Users/admin/Desktop/Top2/data/dataset_update_Lung/0617-714670+imrt+MOS_3665.npz,1.033,1.083
0617-735135,2Ac,TRUE,1,2,train,valid,C:/Users/admin/Desktop/Top2/data/dataset_update_Lung/0617-735135+2Ac+MOS_2487.npz,1.034,1.066
0617-735135,imrt,FALSE,1,2,train,valid,C:/Users/admin/Desktop/Top2/data/dataset_update_Lung/0617-735135+imrt+MOS_2487.npz,1.032,1.065
0617-757588,2Ac,TRUE,1,2,train,valid,C:/Users/admin/Desktop/Top2/data/dataset_update_Lung/0617-757588+2Ac+MOS_26807.npz,1.034,1.062
0617-757588,imrt,FALSE,1,2,train,valid,C:/Users/admin/Desktop/Top2/data/dataset_update_Lung/0617-757588+imrt+MOS_26807.npz,1.033,1.076
0617-789732,2Ac,TRUE,1,2,train,valid,C:/Users/admin/Desktop/Top2/data/dataset_update_Lung/0617-789732+2Ac+MOS_35638.npz,1.033,1.062
0617-789732,imrt,FALSE,1,2,train,valid,C:/Users/admin/Desktop/Top2/data/dataset_update_Lung/0617-789732+imrt+MOS_35638.npz,1.033,1.059
0617-845255,2Ac,TRUE,1,2,train,valid,C:/Users/admin/Desktop/Top2/data/dataset_update_Lung/0617-845255+2Ac+MOS_13976.npz,1.045,1.069
0617-845255,imrt,FALSE,1,2,train,valid,C:/Users/admin/Desktop/Top2/data/dataset_update_Lung/0617-845255+imrt+MOS_13976.npz,1.034,1.073
LUNG1-023,2Ac,TRUE,2,2,train,valid,C:/Users/admin/Desktop/Top2/data/dataset_update_Lung/LUNG1-023+2Ac+MOS_34215.npz,1.031,1.051
LUNG1-023,imrt,FALSE,2,2,train,valid,C:/Users/admin/Desktop/Top2/data/dataset_update_Lung/LUNG1-023+imrt+MOS_34215.npz,1.03,1.061
LUNG1-045,2Ac,TRUE,2,2,train,valid,C:/Users/admin/Desktop/Top2/data/dataset_update_Lung/LUNG1-045+2Ac+MOS_59343.npz,1.027,1.041
LUNG1-045,imrt,FALSE,2,2,train,valid,C:/Users/admin/Desktop/Top2/data/dataset_update_Lung/LUNG1-045+imrt+MOS_59343.npz,1.024,1.048
LUNG1-067,2Ac,TRUE,2,2,train,valid,C:/Users/admin/Desktop/Top2/data/dataset_update_Lung/LUNG1-067+2Ac+MOS_19431.npz,1.027,1.049
LUNG1-091,2Ac,TRUE,2,2,train,valid,C:/Users/admin/Desktop/Top2/data/dataset_update_Lung/LUNG1-091+2Ac+MOS_12706.npz,1.028,1.058
LUNG1-091,imrt,FALSE,2,2,train,valid,C:/Users/admin/Desktop/Top2/data/dataset_update_Lung/LUNG1-091+imrt+MOS_12706.npz,1.038,1.066
LUNG1-116,2Ac,TRUE,2,2,train,valid,C:/Users/admin/Desktop/Top2/data/dataset_update_Lung/LUNG1-116+2Ac+MOS_55882.npz,1.036,1.063
LUNG1-116,imrt,FALSE,2,2,train,valid,C:/Users/admin/Desktop/Top2/data/dataset_update_Lung/LUNG1-116+imrt+MOS_55882.npz,1.031,1.059
LUNG1-139,2Ac,TRUE,2,2,train,valid,C:/Users/admin/Desktop/Top2/data/dataset_update_Lung/LUNG1-139+2Ac+MOS_10617.npz,1.025,1.041
LUNG1-139,imrt,FALSE,2,2,train,valid,C:/Users/admin/Desktop/Top2/data/dataset_update_Lung/LUNG1-139+imrt+MOS_10617.npz,1.024,1.041
LUNG1-165,2Ac,TRUE,2,2,train,valid,C:/Users/admin/Desktop/Top2/data/dataset_update_Lung/LUNG1-165+2Ac+MOS_3496.npz,1.027,1.043
LUNG1-165,imrt,FALSE,2,2,train,valid,C:/Users/admin/Desktop/Top2/data/dataset_update_Lung/LUNG1-165+imrt+MOS_3496.npz,1.027,1.049
LUNG1-187,2Ac,TRUE,2,2,train,valid,C:/Users/admin/Desktop/Top2/data/dataset_update_Lung/LUNG1-187+2Ac+MOS_12841.npz,1.024,1.046
LUNG1-187,imrt,FALSE,2,2,train,valid,C:/Users/admin/Desktop/Top2/data/dataset_update_Lung/LUNG1-187+imrt+MOS_12841.npz,1.025,1.045
LUNG1-209,2Ac,TRUE,2,2,train,valid,C:/Users/admin/Desktop/Top2/data/dataset_update_Lung/LUNG1-209+2Ac+MOS_52852.npz,1.025,1.048
LUNG1-209,imrt,FALSE,2,2,train,valid,C:/Users/admin/Desktop/Top2/data/dataset_update_Lung/LUNG1-209+imrt+MOS_52852.npz,1.024,1.051
LUNG1-231,2Ac,TRUE,2,2,train,valid,C:/Users/admin/Desktop/Top2/data/dataset_update_Lung/LUNG1-231+2Ac+MOS_4596.npz,1.031,1.041
LUNG1-254,2Ac,TRUE,2,2,train,valid,C:/Users/admin/Desktop/Top2/data/dataset_update_Lung/LUNG1-254+2Ac+MOS_14730.npz,1.027,1.042
LUNG1-254,imrt,FALSE,2,2,train,valid,C:/Users/admin/Desktop/Top2/data/dataset_update_Lung/LUNG1-254+imrt+MOS_14730.npz,1.029,1.048
LUNG1-277,2Ac,TRUE,2,2,train,valid,C:/Users/admin/Desktop/Top2/data/dataset_update_Lung/LUNG1-277+2Ac+MOS_8181.npz,1.025,1.038
LUNG1-299,2Ac,TRUE,2,2,train,valid,C:/Users/admin/Desktop/Top2/data/dataset_update_Lung/LUNG1-299+2Ac+MOS_56753.npz,1.026,1.042
LUNG1-299,imrt,FALSE,2,2,train,valid,C:/Users/admin/Desktop/Top2/data/dataset_update_Lung/LUNG1-299+imrt+MOS_56753.npz,1.029,1.041
LUNG1-323,2Ac,TRUE,2,2,train,valid,C:/Users/admin/Desktop/Top2/data/dataset_update_Lung/LUNG1-323+2Ac+MOS_35450.npz,1.028,1.049
LUNG1-323,imrt,FALSE,2,2,train,valid,C:/Users/admin/Desktop/Top2/data/dataset_update_Lung/LUNG1-323+imrt+MOS_35450.npz,1.031,1.069
LUNG1-345,2Ac,TRUE,2,2,train,valid,C:/Users/admin/Desktop/Top2/data/dataset_update_Lung/LUNG1-345+2Ac+MOS_10938.npz,1.027,1.049
LUNG1-345,imrt,FALSE,2,2,train,valid,C:/Users/admin/Desktop/Top2/data/dataset_update_Lung/LUNG1-345+imrt+MOS_10938.npz,1.026,1.05
LUNG1-367,2Ac,TRUE,2,2,train,valid,C:/Users/admin/Desktop/Top2/data/dataset_update_Lung/LUNG1-367+2Ac+MOS_38327.npz,1.034,1.064
LUNG1-367,imrt,FALSE,2,2,train,valid,C:/Users/admin/Desktop/Top2/data/dataset_update_Lung/LUNG1-367+imrt+MOS_38327.npz,1.03,1.075
LUNG1-387,2Ac,TRUE,2,2,train,valid,C:/Users/admin/Desktop/Top2/data/dataset_update_Lung/LUNG1-387+2Ac+MOS_42629.npz,1.032,1.059
LUNG1-387,imrt,FALSE,2,2,train,valid,C:/Users/admin/Desktop/Top2/data/dataset_update_Lung/LUNG1-387+imrt+MOS_42629.npz,1.027,1.045
LUNG1-408,2Ac,TRUE,2,2,train,valid,C:/Users/admin/Desktop/Top2/data/dataset_update_Lung/LUNG1-408+2Ac+MOS_30983.npz,1.026,1.042
LUNG1-408,imrt,FALSE,2,2,train,valid,C:/Users/admin/Desktop/Top2/data/dataset_update_Lung/LUNG1-408+imrt+MOS_30983.npz,1.024,1.038
0617-492081,2Ac,TRUE,1,2,valid,test,C:/Users/admin/Desktop/Top2/data/dataset_update_Lung/0617-492081+2Ac+MOS_10706.npz,,
0617-492081,imrt,FALSE,1,2,valid,test,C:/Users/admin/Desktop/Top2/data/dataset_update_Lung/0617-492081+imrt+MOS_10706.npz,,
0617-520526,2Ac,TRUE,1,2,valid,test,C:/Users/admin/Desktop/Top2/data/dataset_update_Lung/0617-520526+2Ac+MOS_17136.npz,,
0617-520526,imrt,FALSE,1,2,valid,test,C:/Users/admin/Desktop/Top2/data/dataset_update_Lung/0617-520526+imrt+MOS_17136.npz,,
0617-532478,2Ac,TRUE,1,2,valid,test,C:/Users/admin/Desktop/Top2/data/dataset_update_Lung/0617-532478+2Ac+MOS_59561.npz,,
0617-532478,imrt,FALSE,1,2,valid,test,C:/Users/admin/Desktop/Top2/data/dataset_update_Lung/0617-532478+imrt+MOS_59561.npz,,
0617-547163,2Ac,TRUE,1,2,valid,test,C:/Users/admin/Desktop/Top2/data/dataset_update_Lung/0617-547163+2Ac+MOS_22334.npz,,
0617-547163,imrt,FALSE,1,2,valid,test,C:/Users/admin/Desktop/Top2/data/dataset_update_Lung/0617-547163+imrt+MOS_22334.npz,,
0617-553904,2Ac,TRUE,1,2,valid,test,C:/Users/admin/Desktop/Top2/data/dataset_update_Lung/0617-553904+2Ac+MOS_5369.npz,,
0617-553904,imrt,FALSE,1,2,valid,test,C:/Users/admin/Desktop/Top2/data/dataset_update_Lung/0617-553904+imrt+MOS_5369.npz,,
0617-559900,2Ac,TRUE,1,2,valid,test,C:/Users/admin/Desktop/Top2/data/dataset_update_Lung/0617-559900+2Ac+MOS_0161.npz,,
0617-559900,imrt,FALSE,1,2,valid,test,C:/Users/admin/Desktop/Top2/data/dataset_update_Lung/0617-559900+imrt+MOS_0161.npz,,
0617-565259,2Ac,TRUE,1,2,valid,test,C:/Users/admin/Desktop/Top2/data/dataset_update_Lung/0617-565259+2Ac+MOS_39255.npz,,
0617-565259,imrt,FALSE,1,2,valid,test,C:/Users/admin/Desktop/Top2/data/dataset_update_Lung/0617-565259+imrt+MOS_39255.npz,,
0617-578019,2Ac,TRUE,1,2,valid,test,C:/Users/admin/Desktop/Top2/data/dataset_update_Lung/0617-578019+2Ac+MOS_35747.npz,,
0617-578019,imrt,FALSE,1,2,valid,test,C:/Users/admin/Desktop/Top2/data/dataset_update_Lung/0617-578019+imrt+MOS_35747.npz,,
0617-581703,2Ac,TRUE,1,2,valid,test,C:/Users/admin/Desktop/Top2/data/dataset_update_Lung/0617-581703+2Ac+MOS_47439.npz,,
0617-581703,imrt,FALSE,1,2,valid,test,C:/Users/admin/Desktop/Top2/data/dataset_update_Lung/0617-581703+imrt+MOS_47439.npz,,
0617-595713,2Ac,TRUE,1,2,valid,test,C:/Users/admin/Desktop/Top2/data/dataset_update_Lung/0617-595713+2Ac+MOS_7448.npz,,
0617-595713,imrt,FALSE,1,2,valid,test,C:/Users/admin/Desktop/Top2/data/dataset_update_Lung/0617-595713+imrt+MOS_7448.npz,,
0617-602613,2Ac,TRUE,1,2,valid,test,C:/Users/admin/Desktop/Top2/data/dataset_update_Lung/0617-602613+2Ac+MOS_9635.npz,,
0617-602613,imrt,FALSE,1,2,valid,test,C:/Users/admin/Desktop/Top2/data/dataset_update_Lung/0617-602613+imrt+MOS_9635.npz,,
0617-608907,2Ac,TRUE,1,2,valid,test,C:/Users/admin/Desktop/Top2/data/dataset_update_Lung/0617-608907+2Ac+MOS_18260.npz,,
0617-608907,imrt,FALSE,1,2,valid,test,C:/Users/admin/Desktop/Top2/data/dataset_update_Lung/0617-608907+imrt+MOS_18260.npz,,
0617-615191,2Ac,TRUE,1,2,valid,test,C:/Users/admin/Desktop/Top2/data/dataset_update_Lung/0617-615191+2Ac+MOS_6192.npz,,
0617-615191,imrt,FALSE,1,2,valid,test,C:/Users/admin/Desktop/Top2/data/dataset_update_Lung/0617-615191+imrt+MOS_6192.npz,,
0617-631565,2Ac,TRUE,1,2,valid,test,C:/Users/admin/Desktop/Top2/data/dataset_update_Lung/0617-631565+2Ac+MOS_42770.npz,,
0617-631565,imrt,FALSE,1,2,valid,test,C:/Users/admin/Desktop/Top2/data/dataset_update_Lung/0617-631565+imrt+MOS_42770.npz,,
0617-637689,2Ac,TRUE,1,2,valid,test,C:/Users/admin/Desktop/Top2/data/dataset_update_Lung/0617-637689+2Ac+MOS_56112.npz,,
0617-637689,imrt,FALSE,1,2,valid,test,C:/Users/admin/Desktop/Top2/data/dataset_update_Lung/0617-637689+imrt+MOS_56112.npz,,
0617-641460,2Ac,TRUE,1,2,valid,test,C:/Users/admin/Desktop/Top2/data/dataset_update_Lung/0617-641460+2Ac+MOS_52379.npz,,
0617-641460,imrt,FALSE,1,2,valid,test,C:/Users/admin/Desktop/Top2/data/dataset_update_Lung/0617-641460+imrt+MOS_52379.npz,,
0617-658139,2Ac,TRUE,1,2,valid,test,C:/Users/admin/Desktop/Top2/data/dataset_update_Lung/0617-658139+2Ac+MOS_22820.npz,,
0617-658139,imrt,FALSE,1,2,valid,test,C:/Users/admin/Desktop/Top2/data/dataset_update_Lung/0617-658139+imrt+MOS_22820.npz,,
0617-664275,2Ac,TRUE,1,2,valid,test,C:/Users/admin/Desktop/Top2/data/dataset_update_Lung/0617-664275+2Ac+MOS_38584.npz,,
0617-664275,imrt,FALSE,1,2,valid,test,C:/Users/admin/Desktop/Top2/data/dataset_update_Lung/0617-664275+imrt+MOS_38584.npz,,
0617-669951,2Ac,TRUE,1,2,valid,test,C:/Users/admin/Desktop/Top2/data/dataset_update_Lung/0617-669951+2Ac+MOS_33737.npz,,
0617-669951,imrt,FALSE,1,2,valid,test,C:/Users/admin/Desktop/Top2/data/dataset_update_Lung/0617-669951+imrt+MOS_33737.npz,,
0617-674371,2Ac,TRUE,1,2,valid,test,C:/Users/admin/Desktop/Top2/data/dataset_update_Lung/0617-674371+2Ac+MOS_55156.npz,,
0617-674371,imrt,FALSE,1,2,valid,test,C:/Users/admin/Desktop/Top2/data/dataset_update_Lung/0617-674371+imrt+MOS_55156.npz,,
0617-682602,2Ac,TRUE,1,2,valid,test,C:/Users/admin/Desktop/Top2/data/dataset_update_Lung/0617-682602+2Ac+MOS_7674.npz,,
0617-687172,2Ac,TRUE,1,2,valid,test,C:/Users/admin/Desktop/Top2/data/dataset_update_Lung/0617-687172+2Ac+MOS_23189.npz,,
0617-687172,imrt,FALSE,1,2,valid,test,C:/Users/admin/Desktop/Top2/data/dataset_update_Lung/0617-687172+imrt+MOS_23189.npz,,
0617-692712,2Ac,TRUE,1,2,valid,test,C:/Users/admin/Desktop/Top2/data/dataset_update_Lung/0617-692712+2Ac+MOS_8701.npz,,
0617-692712,imrt,FALSE,1,2,valid,test,C:/Users/admin/Desktop/Top2/data/dataset_update_Lung/0617-692712+imrt+MOS_8701.npz,,
0617-698987,2Ac,TRUE,1,2,valid,test,C:/Users/admin/Desktop/Top2/data/dataset_update_Lung/0617-698987+2Ac+MOS_31363.npz,,
0617-698987,imrt,FALSE,1,2,valid,test,C:/Users/admin/Desktop/Top2/data/dataset_update_Lung/0617-698987+imrt+MOS_31363.npz,,
0617-706675,2Ac,TRUE,1,2,valid,test,C:/Users/admin/Desktop/Top2/data/dataset_update_Lung/0617-706675+2Ac+MOS_19568.npz,,
0617-706675,imrt,FALSE,1,2,valid,test,C:/Users/admin/Desktop/Top2/data/dataset_update_Lung/0617-706675+imrt+MOS_19568.npz,,
0617-729332,2Ac,TRUE,1,2,valid,test,C:/Users/admin/Desktop/Top2/data/dataset_update_Lung/0617-729332+2Ac+MOS_1615.npz,,
0617-736259,2Ac,TRUE,1,2,valid,test,C:/Users/admin/Desktop/Top2/data/dataset_update_Lung/0617-736259+2Ac+MOS_5566.npz,,
0617-736259,imrt,FALSE,1,2,valid,test,C:/Users/admin/Desktop/Top2/data/dataset_update_Lung/0617-736259+imrt+MOS_5566.npz,,
0617-748428,2Ac,TRUE,1,2,valid,test,C:/Users/admin/Desktop/Top2/data/dataset_update_Lung/0617-748428+2Ac+MOS_12975.npz,,
0617-748428,imrt,FALSE,1,2,valid,test,C:/Users/admin/Desktop/Top2/data/dataset_update_Lung/0617-748428+imrt+MOS_12975.npz,,
0617-753516,2Ac,TRUE,1,2,valid,test,C:/Users/admin/Desktop/Top2/data/dataset_update_Lung/0617-753516+2Ac+MOS_2377.npz,,
0617-753516,imrt,FALSE,1,2,valid,test,C:/Users/admin/Desktop/Top2/data/dataset_update_Lung/0617-753516+imrt+MOS_2377.npz,,
0617-763574,2Ac,TRUE,1,2,valid,test,C:/Users/admin/Desktop/Top2/data/dataset_update_Lung/0617-763574+2Ac+MOS_20761.npz,,
0617-763574,imrt,FALSE,1,2,valid,test,C:/Users/admin/Desktop/Top2/data/dataset_update_Lung/0617-763574+imrt+MOS_20761.npz,,
0617-781294,2Ac,TRUE,1,2,valid,test,C:/Users/admin/Desktop/Top2/data/dataset_update_Lung/0617-781294+2Ac+MOS_21552.npz,,
0617-781294,imrt,FALSE,1,2,valid,test,C:/Users/admin/Desktop/Top2/data/dataset_update_Lung/0617-781294+imrt+MOS_21552.npz,,
0617-795029,2Ac,TRUE,1,2,valid,test,C:/Users/admin/Desktop/Top2/data/dataset_update_Lung/0617-795029+2Ac+MOS_18224.npz,,
0617-795029,imrt,FALSE,1,2,valid,test,C:/Users/admin/Desktop/Top2/data/dataset_update_Lung/0617-795029+imrt+MOS_18224.npz,,
0617-812426,2Ac,TRUE,1,2,valid,test,C:/Users/admin/Desktop/Top2/data/dataset_update_Lung/0617-812426+2Ac+MOS_27141.npz,,
0617-835318,2Ac,TRUE,1,2,valid,test,C:/Users/admin/Desktop/Top2/data/dataset_update_Lung/0617-835318+2Ac+MOS_33930.npz,,
0617-835318,imrt,FALSE,1,2,valid,test,C:/Users/admin/Desktop/Top2/data/dataset_update_Lung/0617-835318+imrt+MOS_33930.npz,,
LUNG1-002,2Ac,TRUE,2,2,valid,test,C:/Users/admin/Desktop/Top2/data/dataset_update_Lung/LUNG1-002+2Ac+MOS_29499.npz,,
LUNG1-002,imrt,FALSE,2,2,valid,test,C:/Users/admin/Desktop/Top2/data/dataset_update_Lung/LUNG1-002+imrt+MOS_29499.npz,,
LUNG1-012,2Ac,TRUE,2,2,valid,test,C:/Users/admin/Desktop/Top2/data/dataset_update_Lung/LUNG1-012+2Ac+MOS_35271.npz,,
LUNG1-012,imrt,FALSE,2,2,valid,test,C:/Users/admin/Desktop/Top2/data/dataset_update_Lung/LUNG1-012+imrt+MOS_35271.npz,,
LUNG1-022,2Ac,TRUE,2,2,valid,test,C:/Users/admin/Desktop/Top2/data/dataset_update_Lung/LUNG1-022+2Ac+MOS_43459.npz,,
LUNG1-022,imrt,FALSE,2,2,valid,test,C:/Users/admin/Desktop/Top2/data/dataset_update_Lung/LUNG1-022+imrt+MOS_43459.npz,,
LUNG1-032,2Ac,TRUE,2,2,valid,test,C:/Users/admin/Desktop/Top2/data/dataset_update_Lung/LUNG1-032+2Ac+MOS_24902.npz,,
LUNG1-042,2Ac,TRUE,2,2,valid,test,C:/Users/admin/Desktop/Top2/data/dataset_update_Lung/LUNG1-042+2Ac+MOS_24368.npz,,
LUNG1-042,imrt,FALSE,2,2,valid,test,C:/Users/admin/Desktop/Top2/data/dataset_update_Lung/LUNG1-042+imrt+MOS_24368.npz,,
LUNG1-052,2Ac,TRUE,2,2,valid,test,C:/Users/admin/Desktop/Top2/data/dataset_update_Lung/LUNG1-052+2Ac+MOS_1105.npz,,
LUNG1-062,2Ac,TRUE,2,2,valid,test,C:/Users/admin/Desktop/Top2/data/dataset_update_Lung/LUNG1-062+2Ac+MOS_5701.npz,,
LUNG1-062,imrt,FALSE,2,2,valid,test,C:/Users/admin/Desktop/Top2/data/dataset_update_Lung/LUNG1-062+imrt+MOS_5701.npz,,
LUNG1-072,2Ac,TRUE,2,2,valid,test,C:/Users/admin/Desktop/Top2/data/dataset_update_Lung/LUNG1-072+2Ac+MOS_30241.npz,,
LUNG1-072,imrt,FALSE,2,2,valid,test,C:/Users/admin/Desktop/Top2/data/dataset_update_Lung/LUNG1-072+imrt+MOS_30241.npz,,
LUNG1-082,2Ac,TRUE,2,2,valid,test,C:/Users/admin/Desktop/Top2/data/dataset_update_Lung/LUNG1-082+2Ac+MOS_16244.npz,,
LUNG1-092,2Ac,TRUE,2,2,valid,test,C:/Users/admin/Desktop/Top2/data/dataset_update_Lung/LUNG1-092+2Ac+MOS_3656.npz,,
LUNG1-092,imrt,FALSE,2,2,valid,test,C:/Users/admin/Desktop/Top2/data/dataset_update_Lung/LUNG1-092+imrt+MOS_3656.npz,,
LUNG1-102,2Ac,TRUE,2,2,valid,test,C:/Users/admin/Desktop/Top2/data/dataset_update_Lung/LUNG1-102+2Ac+MOS_3766.npz,,
LUNG1-102,imrt,FALSE,2,2,valid,test,C:/Users/admin/Desktop/Top2/data/dataset_update_Lung/LUNG1-102+imrt+MOS_3766.npz,,
LUNG1-112,2Ac,TRUE,2,2,valid,test,C:/Users/admin/Desktop/Top2/data/dataset_update_Lung/LUNG1-112+2Ac+MOS_0577.npz,,
LUNG1-112,imrt,FALSE,2,2,valid,test,C:/Users/admin/Desktop/Top2/data/dataset_update_Lung/LUNG1-112+imrt+MOS_0577.npz,,
LUNG1-122,2Ac,TRUE,2,2,valid,test,C:/Users/admin/Desktop/Top2/data/dataset_update_Lung/LUNG1-122+2Ac+MOS_1216.npz,,
LUNG1-122,imrt,FALSE,2,2,valid,test,C:/Users/admin/Desktop/Top2/data/dataset_update_Lung/LUNG1-122+imrt+MOS_1216.npz,,
LUNG1-132,2Ac,TRUE,2,2,valid,test,C:/Users/admin/Desktop/Top2/data/dataset_update_Lung/LUNG1-132+2Ac+MOS_10443.npz,,
LUNG1-132,imrt,FALSE,2,2,valid,test,C:/Users/admin/Desktop/Top2/data/dataset_update_Lung/LUNG1-132+imrt+MOS_10443.npz,,
LUNG1-142,2Ac,TRUE,2,2,valid,test,C:/Users/admin/Desktop/Top2/data/dataset_update_Lung/LUNG1-142+2Ac+MOS_13524.npz,,
LUNG1-142,imrt,FALSE,2,2,valid,test,C:/Users/admin/Desktop/Top2/data/dataset_update_Lung/LUNG1-142+imrt+MOS_13524.npz,,
LUNG1-152,2Ac,TRUE,2,2,valid,test,C:/Users/admin/Desktop/Top2/data/dataset_update_Lung/LUNG1-152+2Ac+MOS_8590.npz,,
LUNG1-162,2Ac,TRUE,2,2,valid,test,C:/Users/admin/Desktop/Top2/data/dataset_update_Lung/LUNG1-162+2Ac+MOS_1671.npz,,
LUNG1-162,imrt,FALSE,2,2,valid,test,C:/Users/admin/Desktop/Top2/data/dataset_update_Lung/LUNG1-162+imrt+MOS_1671.npz,,
LUNG1-182,2Ac,TRUE,2,2,valid,test,C:/Users/admin/Desktop/Top2/data/dataset_update_Lung/LUNG1-182+2Ac+MOS_24297.npz,,
LUNG1-182,imrt,FALSE,2,2,valid,test,C:/Users/admin/Desktop/Top2/data/dataset_update_Lung/LUNG1-182+imrt+MOS_24297.npz,,
LUNG1-192,2Ac,TRUE,2,2,valid,test,C:/Users/admin/Desktop/Top2/data/dataset_update_Lung/LUNG1-192+2Ac+MOS_20218.npz,,
LUNG1-192,imrt,FALSE,2,2,valid,test,C:/Users/admin/Desktop/Top2/data/dataset_update_Lung/LUNG1-192+imrt+MOS_20218.npz,,
LUNG1-202,2Ac,TRUE,2,2,valid,test,C:/Users/admin/Desktop/Top2/data/dataset_update_Lung/LUNG1-202+2Ac+MOS_41537.npz,,
LUNG1-202,imrt,FALSE,2,2,valid,test,C:/Users/admin/Desktop/Top2/data/dataset_update_Lung/LUNG1-202+imrt+MOS_41537.npz,,
LUNG1-212,2Ac,TRUE,2,2,valid,test,C:/Users/admin/Desktop/Top2/data/dataset_update_Lung/LUNG1-212+2Ac+MOS_37180.npz,,
LUNG1-212,imrt,FALSE,2,2,valid,test,C:/Users/admin/Desktop/Top2/data/dataset_update_Lung/LUNG1-212+imrt+MOS_37180.npz,,
LUNG1-222,2Ac,TRUE,2,2,valid,test,C:/Users/admin/Desktop/Top2/data/dataset_update_Lung/LUNG1-222+2Ac+MOS_36880.npz,,
LUNG1-222,imrt,FALSE,2,2,valid,test,C:/Users/admin/Desktop/Top2/data/dataset_update_Lung/LUNG1-222+imrt+MOS_36880.npz,,
LUNG1-232,2Ac,TRUE,2,2,valid,test,C:/Users/admin/Desktop/Top2/data/dataset_update_Lung/LUNG1-232+2Ac+MOS_48673.npz,,
LUNG1-232,imrt,FALSE,2,2,valid,test,C:/Users/admin/Desktop/Top2/data/dataset_update_Lung/LUNG1-232+imrt+MOS_48673.npz,,
LUNG1-242,2Ac,TRUE,2,2,valid,test,C:/Users/admin/Desktop/Top2/data/dataset_update_Lung/LUNG1-242+2Ac+MOS_57658.npz,,
LUNG1-242,imrt,FALSE,2,2,valid,test,C:/Users/admin/Desktop/Top2/data/dataset_update_Lung/LUNG1-242+imrt+MOS_57658.npz,,
LUNG1-252,2Ac,TRUE,2,2,valid,test,C:/Users/admin/Desktop/Top2/data/dataset_update_Lung/LUNG1-252+2Ac+MOS_35997.npz,,
LUNG1-252,imrt,FALSE,2,2,valid,test,C:/Users/admin/Desktop/Top2/data/dataset_update_Lung/LUNG1-252+imrt+MOS_35997.npz,,
LUNG1-262,2Ac,TRUE,2,2,valid,test,C:/Users/admin/Desktop/Top2/data/dataset_update_Lung/LUNG1-262+2Ac+MOS_6528.npz,,
LUNG1-262,imrt,FALSE,2,2,valid,test,C:/Users/admin/Desktop/Top2/data/dataset_update_Lung/LUNG1-262+imrt+MOS_6528.npz,,
LUNG1-272,2Ac,TRUE,2,2,valid,test,C:/Users/admin/Desktop/Top2/data/dataset_update_Lung/LUNG1-272+2Ac+MOS_2911.npz,,
LUNG1-272,imrt,FALSE,2,2,valid,test,C:/Users/admin/Desktop/Top2/data/dataset_update_Lung/LUNG1-272+imrt+MOS_2911.npz,,
LUNG1-282,2Ac,TRUE,2,2,valid,test,C:/Users/admin/Desktop/Top2/data/dataset_update_Lung/LUNG1-282+2Ac+MOS_35256.npz,,
LUNG1-292,2Ac,TRUE,2,2,valid,test,C:/Users/admin/Desktop/Top2/data/dataset_update_Lung/LUNG1-292+2Ac+MOS_5099.npz,,
LUNG1-292,imrt,FALSE,2,2,valid,test,C:/Users/admin/Desktop/Top2/data/dataset_update_Lung/LUNG1-292+imrt+MOS_5099.npz,,
LUNG1-302,2Ac,TRUE,2,2,valid,test,C:/Users/admin/Desktop/Top2/data/dataset_update_Lung/LUNG1-302+2Ac+MOS_45479.npz,,
LUNG1-302,imrt,FALSE,2,2,valid,test,C:/Users/admin/Desktop/Top2/data/dataset_update_Lung/LUNG1-302+imrt+MOS_45479.npz,,
LUNG1-312,2Ac,TRUE,2,2,valid,test,C:/Users/admin/Desktop/Top2/data/dataset_update_Lung/LUNG1-312+2Ac+MOS_33618.npz,,
LUNG1-312,imrt,FALSE,2,2,valid,test,C:/Users/admin/Desktop/Top2/data/dataset_update_Lung/LUNG1-312+imrt+MOS_33618.npz,,
LUNG1-322,2Ac,TRUE,2,2,valid,test,C:/Users/admin/Desktop/Top2/data/dataset_update_Lung/LUNG1-322+2Ac+MOS_50344.npz,,
LUNG1-322,imrt,FALSE,2,2,valid,test,C:/Users/admin/Desktop/Top2/data/dataset_update_Lung/LUNG1-322+imrt+MOS_50344.npz,,
LUNG1-332,2Ac,TRUE,2,2,valid,test,C:/Users/admin/Desktop/Top2/data/dataset_update_Lung/LUNG1-332+2Ac+MOS_53253.npz,,
LUNG1-332,imrt,FALSE,2,2,valid,test,C:/Users/admin/Desktop/Top2/data/dataset_update_Lung/LUNG1-332+imrt+MOS_53253.npz,,
LUNG1-342,2Ac,TRUE,2,2,valid,test,C:/Users/admin/Desktop/Top2/data/dataset_update_Lung/LUNG1-342+2Ac+MOS_15624.npz,,
LUNG1-342,imrt,FALSE,2,2,valid,test,C:/Users/admin/Desktop/Top2/data/dataset_update_Lung/LUNG1-342+imrt+MOS_15624.npz,,
LUNG1-352,2Ac,TRUE,2,2,valid,test,C:/Users/admin/Desktop/Top2/data/dataset_update_Lung/LUNG1-352+2Ac+MOS_10895.npz,,
LUNG1-352,imrt,FALSE,2,2,valid,test,C:/Users/admin/Desktop/Top2/data/dataset_update_Lung/LUNG1-352+imrt+MOS_10895.npz,,
LUNG1-362,2Ac,TRUE,2,2,valid,test,C:/Users/admin/Desktop/Top2/data/dataset_update_Lung/LUNG1-362+2Ac+MOS_9687.npz,,
LUNG1-362,imrt,FALSE,2,2,valid,test,C:/Users/admin/Desktop/Top2/data/dataset_update_Lung/LUNG1-362+imrt+MOS_9687.npz,,
