PID,PlanID,isVMAT,cohort,site,phase,dev_split,npz_path,D05_div_D95,max_div_D95
0522c0003,15Ag,FALSE,1,1,train,train,C:/Users/LT/Desktop/Top2/data/dataset_update_NaH/0522c0003+15Ag+MOS_21846.npz,1.031,1.066
0522c0003,9Ag,FALSE,1,1,train,train,C:/Users/LT/Desktop/Top2/data/dataset_update_NaH/0522c0003+9Ag+MOS_21846.npz,1.038,1.069
0522c0003,A4Ac,TRUE,1,1,train,train,C:/Users/LT/Desktop/Top2/data/dataset_update_NaH/0522c0003+A4Ac+MOS_21846.npz,1.034,1.069
0522c0009,15Ag,FALSE,1,1,train,train,C:/Users/LT/Desktop/Top2/data/dataset_update_NaH/0522c0009+15Ag+MOS_29166.npz,1.027,1.048
0522c0009,9Ag,FALSE,1,1,train,train,C:/Users/LT/Desktop/Top2/data/dataset_update_NaH/0522c0009+9Ag+MOS_29166.npz,1.033,1.058
0522c0009,A4Ac,TRUE,1,1,train,train,C:/Users/LT/Desktop/Top2/data/dataset_update_NaH/0522c0009+A4Ac+MOS_29166.npz,1.026,1.048
0522c0012,15Ag,FALSE,1,1,train,train,C:/Users/LT/Desktop/Top2/data/dataset_update_NaH/0522c0012+15Ag+MOS_36260.npz,1.034,1.063
0522c0012,9Ag,FALSE,1,1,train,train,C:/Users/LT/Desktop/Top2/data/dataset_update_NaH/0522c0012+9Ag+MOS_36260.npz,1.042,1.076
0522c0012,A4Ac,TRUE,1,1,train,train,C:/Users/LT/Desktop/Top2/data/dataset_update_NaH/0522c0012+A4Ac+MOS_36260.npz,1.029,1.079
0522c0013,15Ag,FALSE,1,1,train,train,C:/Users/LT/Desktop/Top2/data/dataset_update_NaH/0522c0013+15Ag+MOS_37732.npz,1.035,1.063
0522c0013,9Ag,FALSE,1,1,train,train,C:/Users/LT/Desktop/Top2/data/dataset_update_NaH/0522c0013+9Ag+MOS_37732.npz,1.038,1.061
0522c0013,A4Ac,TRUE,1,1,train,train,C:/Users/LT/Desktop/Top2/data/dataset_update_NaH/0522c0013+A4Ac+MOS_37732.npz,1.031,1.05
0522c0014,15Ag,FALSE,1,1,train,train,C:/Users/LT/Desktop/Top2/data/dataset_update_NaH/0522c0014+15Ag+MOS_25245.npz,1.034,1.058
0522c0014,9Ag,FALSE,1,1,train,train,C:/Users/LT/Desktop/Top2/data/dataset_update_NaH/0522c0014+9Ag+MOS_25245.npz,1.036,1.057
0522c0014,A4Ac,TRUE,1,1,train,train,C:/Users/LT/Desktop/Top2/data/dataset_update_NaH/0522c0014+A4Ac+MOS_25245.npz,1.03,1.059
0522c0017,15Ag,FALSE,1,1,train,train,C:/Users/LT/Desktop/Top2/data/dataset_update_NaH/0522c0017+15Ag+MOS_45405.npz,1.026,1.048
0522c0017,9Ag,FALSE,1,1,train,train,C:/Users/LT/Desktop/Top2/data/dataset_update_NaH/0522c0017+9Ag+MOS_45405.npz,1.028,1.055
0522c0017,A4Ac,TRUE,1,1,train,train,C:/Users/LT/Desktop/Top2/data/dataset_update_NaH/0522c0017+A4Ac+MOS_45405.npz,1.024,1.046
0522c0027,15Ag,FALSE,1,1,train,train,C:/Users/LT/Desktop/Top2/data/dataset_update_NaH/0522c0027+15Ag+MOS_30413.npz,1.03,1.061
0522c0027,9Ag,FALSE,1,1,train,train,C:/Users/LT/Desktop/Top2/data/dataset_update_NaH/0522c0027+9Ag+MOS_30413.npz,1.033,1.051
0522c0027,A4Ac,TRUE,1,1,train,train,C:/Users/LT/Desktop/Top2/data/dataset_update_NaH/0522c0027+A4Ac+MOS_30413.npz,1.03,1.056
0522c0039,15Ag,FALSE,1,1,train,train,C:/Users/LT/Desktop/Top2/data/dataset_update_NaH/0522c0039+15Ag+MOS_44249.npz,1.038,1.062
0522c0039,9Ag,FALSE,1,1,train,train,C:/Users/LT/Desktop/Top2/data/dataset_update_NaH/0522c0039+9Ag+MOS_44249.npz,1.037,1.084
0522c0039,A4Ac,TRUE,1,1,train,train,C:/Users/LT/Desktop/Top2/data/dataset_update_NaH/0522c0039+A4Ac+MOS_44249.npz,1.028,1.053
0522c0070,15Ag,FALSE,1,1,train,train,C:/Users/LT/Desktop/Top2/data/dataset_update_NaH/0522c0070+15Ag+MOS_5867.npz,1.032,1.06
0522c0070,9Ag,FALSE,1,1,train,train,C:/Users/LT/Desktop/Top2/data/dataset_update_NaH/0522c0070+9Ag+MOS_5867.npz,1.036,1.067
0522c0070,A4Ac,TRUE,1,1,train,train,C:/Users/LT/Desktop/Top2/data/dataset_update_NaH/0522c0070+A4Ac+MOS_5867.npz,1.03,1.055
0522c0072,15Ag,FALSE,1,1,train,train,C:/Users/LT/Desktop/Top2/data/dataset_update_NaH/0522c0072+15Ag+MOS_44835.npz,1.033,1.051
0522c0072,9Ag,FALSE,1,1,train,train,C:/Users/LT/Desktop/Top2/data/dataset_update_NaH/0522c0072+9Ag+MOS_44835.npz,1.038,1.067
0522c0072,A4Ac,TRUE,1,1,train,train,C:/Users/LT/Desktop/Top2/data/dataset_update_NaH/0522c0072+A4Ac+MOS_44835.npz,1.032,1.058
0522c0077,15Ag,FALSE,1,1,train,train,C:/Users/LT/Desktop/Top2/data/dataset_update_NaH/0522c0077+15Ag+MOS_43848.npz,1.039,1.071
0522c0077,9Ag,FALSE,1,1,train,train,C:/Users/LT/Desktop/Top2/data/dataset_update_NaH/0522c0077+9Ag+MOS_43848.npz,1.035,1.068
0522c0079,15Ag,FALSE,1,1,train,train,C:/Users/LT/Desktop/Top2/data/dataset_update_NaH/0522c0079+15Ag+MOS_41180.npz,1.038,1.076
0522c0079,9Ag,FALSE,1,1,train,train,C:/Users/LT/Desktop/Top2/data/dataset_update_NaH/0522c0079+9Ag+MOS_41180.npz,1.045,1.102
0522c0117,15Ag,FALSE,1,1,train,train,C:/Users/LT/Desktop/Top2/data/dataset_update_NaH/0522c0117+15Ag+MOS_4376.npz,1.031,1.057
0522c0117,9Ag,FALSE,1,1,train,train,C:/Users/LT/Desktop/Top2/data/dataset_update_NaH/0522c0117+9Ag+MOS_4376.npz,1.034,1.055
0522c0117,A4Ac,TRUE,1,1,train,train,C:/Users/LT/Desktop/Top2/data/dataset_update_NaH/0522c0117+A4Ac+MOS_4376.npz,1.027,1.04
0522c0125,9Ag,FALSE,1,1,train,train,C:/Users/LT/Desktop/Top2/data/dataset_update_NaH/0522c0125+9Ag+MOS_21396.npz,1.095,1.135
0522c0125,A4Ac,TRUE,1,1,train,train,C:/Users/LT/Desktop/Top2/data/dataset_update_NaH/0522c0125+A4Ac+MOS_21396.npz,1.09,1.125
0522c0132,15Ag,FALSE,1,1,train,train,C:/Users/LT/Desktop/Top2/data/dataset_update_NaH/0522c0132+15Ag+MOS_43438.npz,1.034,1.066
0522c0132,9Ag,FALSE,1,1,train,train,C:/Users/LT/Desktop/Top2/data/dataset_update_NaH/0522c0132+9Ag+MOS_43438.npz,1.041,1.07
0522c0132,A4Ac,TRUE,1,1,train,train,C:/Users/LT/Desktop/Top2/data/dataset_update_NaH/0522c0132+A4Ac+MOS_43438.npz,1.026,1.042
0522c0142,15Ag,FALSE,1,1,train,train,C:/Users/LT/Desktop/Top2/data/dataset_update_NaH/0522c0142+15Ag+MOS_43691.npz,1.029,1.045
0522c0142,9Ag,FALSE,1,1,train,train,C:/Users/LT/Desktop/Top2/data/dataset_update_NaH/0522c0142+9Ag+MOS_43691.npz,1.032,1.049
0522c0142,A4Ac,TRUE,1,1,train,train,C:/Users/LT/Desktop/Top2/data/dataset_update_NaH/0522c0142+A4Ac+MOS_43691.npz,1.029,1.049
0522c0159,15Ag,FALSE,1,1,train,train,C:/Users/LT/Desktop/Top2/data/dataset_update_NaH/0522c0159+15Ag+MOS_22645.npz,1.034,1.057
0522c0159,9Ag,FALSE,1,1,train,train,C:/Users/LT/Desktop/Top2/data/dataset_update_NaH/0522c0159+9Ag+MOS_22645.npz,1.039,1.059
0522c0159,A4Ac,TRUE,1,1,train,train,C:/Users/LT/Desktop/Top2/data/dataset_update_NaH/0522c0159+A4Ac+MOS_22645.npz,1.03,1.062
0522c0190,15Ag,FALSE,1,1,train,train,C:/Users/LT/Desktop/Top2/data/dataset_update_NaH/0522c0190+15Ag+MOS_6891.npz,1.033,1.061
0522c0190,9Ag,FALSE,1,1,train,train,C:/Users/LT/Desktop/Top2/data/dataset_update_NaH/0522c0190+9Ag+MOS_6891.npz,1.039,1.077
0522c0190,A4Ac,TRUE,1,1,train,train,C:/Users/LT/Desktop/Top2/data/dataset_update_NaH/0522c0190+A4Ac+MOS_6891.npz,1.028,1.05
0522c0195,15Ag,FALSE,1,1,train,train,C:/Users/LT/Desktop/Top2/data/dataset_update_NaH/0522c0195+15Ag+MOS_20967.npz,1.036,1.058
0522c0195,9Ag,FALSE,1,1,train,train,C:/Users/LT/Desktop/Top2/data/dataset_update_NaH/0522c0195+9Ag+MOS_20967.npz,1.044,1.07
0522c0195,A4Ac,TRUE,1,1,train,train,C:/Users/LT/Desktop/Top2/data/dataset_update_NaH/0522c0195+A4Ac+MOS_20967.npz,1.032,1.103
0522c0276,15Ag,FALSE,1,1,train,train,C:/Users/LT/Desktop/Top2/data/dataset_update_NaH/0522c0276+15Ag+MOS_24352.npz,1.028,1.047
0522c0276,9Ag,FALSE,1,1,train,train,C:/Users/LT/Desktop/Top2/data/dataset_update_NaH/0522c0276+9Ag+MOS_24352.npz,1.03,1.047
0522c0276,A4Ac,TRUE,1,1,train,train,C:/Users/LT/Desktop/Top2/data/dataset_update_NaH/0522c0276+A4Ac+MOS_24352.npz,1.025,1.038
0522c0297,15Ag,FALSE,1,1,train,train,C:/Users/LT/Desktop/Top2/data/dataset_update_NaH/0522c0297+15Ag+MOS_0587.npz,1.04,1.06
0522c0297,9Ag,FALSE,1,1,train,train,C:/Users/LT/Desktop/Top2/data/dataset_update_NaH/0522c0297+9Ag+MOS_0587.npz,1.039,1.058
0522c0297,A4Ac,TRUE,1,1,train,train,C:/Users/LT/Desktop/Top2/data/dataset_update_NaH/0522c0297+A4Ac+MOS_0587.npz,1.033,1.058
0522c0302,15Ag,FALSE,1,1,train,train,C:/Users/LT/Desktop/Top2/data/dataset_update_NaH/0522c0302+15Ag+MOS_16225.npz,1.032,1.06
0522c0302,9Ag,FALSE,1,1,train,train,C:/Users/LT/Desktop/Top2/data/dataset_update_NaH/0522c0302+9Ag+MOS_16225.npz,1.036,1.055
0522c0302,A4Ac,TRUE,1,1,train,train,C:/Users/LT/Desktop/Top2/data/dataset_update_NaH/0522c0302+A4Ac+MOS_16225.npz,1.027,1.05
0522c0328,15Ag,FALSE,1,1,train,train,C:/Users/LT/Desktop/Top2/data/dataset_update_NaH/0522c0328+15Ag+MOS_49169.npz,1.04,1.062
0522c0328,9Ag,FALSE,1,1,train,train,C:/Users/LT/Desktop/Top2/data/dataset_update_NaH/0522c0328+9Ag+MOS_49169.npz,1.035,1.047
0522c0328,A4Ac,TRUE,1,1,train,train,C:/Users/LT/Desktop/Top2/data/dataset_update_NaH/0522c0328+A4Ac+MOS_49169.npz,1.027,1.045
0522c0329,15Ag,FALSE,1,1,train,train,C:/Users/LT/Desktop/Top2/data/dataset_update_NaH/0522c0329+15Ag+MOS_26613.npz,1.032,1.059
0522c0329,9Ag,FALSE,1,1,train,train,C:/Users/LT/Desktop/Top2/data/dataset_update_NaH/0522c0329+9Ag+MOS_26613.npz,1.034,1.071
0522c0329,A4Ac,TRUE,1,1,train,train,C:/Users/LT/Desktop/Top2/data/dataset_update_NaH/0522c0329+A4Ac+MOS_26613.npz,1.031,1.059
0522c0419,15Ag,FALSE,1,1,train,train,C:/Users/LT/Desktop/Top2/data/dataset_update_NaH/0522c0419+15Ag+MOS_58201.npz,1.034,1.056
0522c0419,9Ag,FALSE,1,1,train,train,C:/Users/LT/Desktop/Top2/data/dataset_update_NaH/0522c0419+9Ag+MOS_58201.npz,1.035,1.054
0522c0419,A4Ac,TRUE,1,1,train,train,C:/Users/LT/Desktop/Top2/data/dataset_update_NaH/0522c0419+A4Ac+MOS_58201.npz,1.029,1.054
0522c0427,15Ag,FALSE,1,1,train,train,C:/Users/LT/Desktop/Top2/data/dataset_update_NaH/0522c0427+15Ag+MOS_50557.npz,1.036,1.058
0522c0427,9Ag,FALSE,1,1,train,train,C:/Users/LT/Desktop/Top2/data/dataset_update_NaH/0522c0427+9Ag+MOS_50557.npz,1.04,1.074
0522c0427,A4Ac,TRUE,1,1,train,train,C:/Users/LT/Desktop/Top2/data/dataset_update_NaH/0522c0427+A4Ac+MOS_50557.npz,1.033,1.063
0522c0433,15Ag,FALSE,1,1,train,train,C:/Users/LT/Desktop/Top2/data/dataset_update_NaH/0522c0433+15Ag+MOS_55396.npz,1.032,1.049
0522c0433,9Ag,FALSE,1,1,train,train,C:/Users/LT/Desktop/Top2/data/dataset_update_NaH/0522c0433+9Ag+MOS_55396.npz,1.036,1.053
0522c0433,A4Ac,TRUE,1,1,train,train,C:/Users/LT/Desktop/Top2/data/dataset_update_NaH/0522c0433+A4Ac+MOS_55396.npz,1.029,1.043
0522c0441,15Ag,FALSE,1,1,train,train,C:/Users/LT/Desktop/Top2/data/dataset_update_NaH/0522c0441+15Ag+MOS_36716.npz,1.039,1.086
0522c0441,A4Ac,TRUE,1,1,train,train,C:/Users/LT/Desktop/Top2/data/dataset_update_NaH/0522c0441+A4Ac+MOS_36716.npz,1.038,1.076
0522c0444,15Ag,FALSE,1,1,train,train,C:/Users/LT/Desktop/Top2/data/dataset_update_NaH/0522c0444+15Ag+MOS_24107.npz,1.042,1.073
0522c0444,9Ag,FALSE,1,1,train,train,C:/Users/LT/Desktop/Top2/data/dataset_update_NaH/0522c0444+9Ag+MOS_24107.npz,1.044,1.083
0522c0444,A4Ac,TRUE,1,1,train,train,C:/Users/LT/Desktop/Top2/data/dataset_update_NaH/0522c0444+A4Ac+MOS_24107.npz,1.035,1.067
0522c0449,15Ag,FALSE,1,1,train,train,C:/Users/LT/Desktop/Top2/data/dataset_update_NaH/0522c0449+15Ag+MOS_40496.npz,1.05,1.078
0522c0449,9Ag,FALSE,1,1,train,train,C:/Users/LT/Desktop/Top2/data/dataset_update_NaH/0522c0449+9Ag+MOS_40496.npz,1.047,1.065
0522c0449,A4Ac,TRUE,1,1,train,train,C:/Users/LT/Desktop/Top2/data/dataset_update_NaH/0522c0449+A4Ac+MOS_40496.npz,1.043,1.062
0522c0453,15Ag,FALSE,1,1,train,train,C:/Users/LT/Desktop/Top2/data/dataset_update_NaH/0522c0453+15Ag+MOS_0785.npz,1.03,1.055
0522c0453,9Ag,FALSE,1,1,train,train,C:/Users/LT/Desktop/Top2/data/dataset_update_NaH/0522c0453+9Ag+MOS_0785.npz,1.033,1.056
0522c0453,A4Ac,TRUE,1,1,train,train,C:/Users/LT/Desktop/Top2/data/dataset_update_NaH/0522c0453+A4Ac+MOS_0785.npz,1.026,1.047
0522c0457,15Ag,FALSE,1,1,train,train,C:/Users/LT/Desktop/Top2/data/dataset_update_NaH/0522c0457+15Ag+MOS_18522.npz,1.035,1.055
0522c0457,9Ag,FALSE,1,1,train,train,C:/Users/LT/Desktop/Top2/data/dataset_update_NaH/0522c0457+9Ag+MOS_18522.npz,1.04,1.071
0522c0457,A4Ac,TRUE,1,1,train,train,C:/Users/LT/Desktop/Top2/data/dataset_update_NaH/0522c0457+A4Ac+MOS_18522.npz,1.042,1.076
0522c0476,15Ag,FALSE,1,1,train,train,C:/Users/LT/Desktop/Top2/data/dataset_update_NaH/0522c0476+15Ag+MOS_8233.npz,1.03,1.053
0522c0476,9Ag,FALSE,1,1,train,train,C:/Users/LT/Desktop/Top2/data/dataset_update_NaH/0522c0476+9Ag+MOS_8233.npz,1.035,1.064
0522c0476,A4Ac,TRUE,1,1,train,train,C:/Users/LT/Desktop/Top2/data/dataset_update_NaH/0522c0476+A4Ac+MOS_8233.npz,1.026,1.043
0522c0484,15Ag,FALSE,1,1,train,train,C:/Users/LT/Desktop/Top2/data/dataset_update_NaH/0522c0484+15Ag+MOS_28293.npz,1.032,1.058
0522c0484,9Ag,FALSE,1,1,train,train,C:/Users/LT/Desktop/Top2/data/dataset_update_NaH/0522c0484+9Ag+MOS_28293.npz,1.04,1.069
0522c0484,A4Ac,TRUE,1,1,train,train,C:/Users/LT/Desktop/Top2/data/dataset_update_NaH/0522c0484+A4Ac+MOS_28293.npz,1.031,1.059
0522c0496,15Ag,FALSE,1,1,train,train,C:/Users/LT/Desktop/Top2/data/dataset_update_NaH/0522c0496+15Ag+MOS_5127.npz,1.037,1.059
0522c0496,9Ag,FALSE,1,1,train,train,C:/Users/LT/Desktop/Top2/data/dataset_update_NaH/0522c0496+9Ag+MOS_5127.npz,1.036,1.058
0522c0496,A4Ac,TRUE,1,1,train,train,C:/Users/LT/Desktop/Top2/data/dataset_update_NaH/0522c0496+A4Ac+MOS_5127.npz,1.031,1.044
0522c0505,15Ag,FALSE,1,1,train,train,C:/Users/LT/Desktop/Top2/data/dataset_update_NaH/0522c0505+15Ag+MOS_20757.npz,1.027,1.042
0522c0505,9Ag,FALSE,1,1,train,train,C:/Users/LT/Desktop/Top2/data/dataset_update_NaH/0522c0505+9Ag+MOS_20757.npz,1.032,1.052
0522c0505,A4Ac,TRUE,1,1,train,train,C:/Users/LT/Desktop/Top2/data/dataset_update_NaH/0522c0505+A4Ac+MOS_20757.npz,1.026,1.046
0522c0512,15Ag,FALSE,1,1,train,train,C:/Users/LT/Desktop/Top2/data/dataset_update_NaH/0522c0512+15Ag+MOS_17591.npz,1.031,1.051
0522c0512,9Ag,FALSE,1,1,train,train,C:/Users/LT/Desktop/Top2/data/dataset_update_NaH/0522c0512+9Ag+MOS_17591.npz,1.037,1.065
0522c0512,A4Ac,TRUE,1,1,train,train,C:/Users/LT/Desktop/Top2/data/dataset_update_NaH/0522c0512+A4Ac+MOS_17591.npz,1.031,1.053
0522c0527,15Ag,FALSE,1,1,train,train,C:/Users/LT/Desktop/Top2/data/dataset_update_NaH/0522c0527+15Ag+MOS_21919.npz,1.029,1.053
0522c0527,9Ag,FALSE,1,1,train,train,C:/Users/LT/Desktop/Top2/data/dataset_update_NaH/0522c0527+9Ag+MOS_21919.npz,1.034,1.06
0522c0527,A4Ac,TRUE,1,1,train,train,C:/Users/LT/Desktop/Top2/data/dataset_update_NaH/0522c0527+A4Ac+MOS_21919.npz,1.031,1.066
0522c0576,15Ag,FALSE,1,1,train,train,C:/Users/LT/Desktop/Top2/data/dataset_update_NaH/0522c0576+15Ag+MOS_45163.npz,1.06,1.097
0522c0576,9Ag,FALSE,1,1,train,train,C:/Users/LT/Desktop/Top2/data/dataset_update_NaH/0522c0576+9Ag+MOS_45163.npz,1.063,1.119
0522c0576,A4Ac,TRUE,1,1,train,train,C:/Users/LT/Desktop/Top2/data/dataset_update_NaH/0522c0576+A4Ac+MOS_45163.npz,1.035,1.06
0522c0583,15Ag,FALSE,1,1,train,train,C:/Users/LT/Desktop/Top2/data/dataset_update_NaH/0522c0583+15Ag+MOS_25300.npz,1.03,1.062
0522c0583,9Ag,FALSE,1,1,train,train,C:/Users/LT/Desktop/Top2/data/dataset_update_NaH/0522c0583+9Ag+MOS_25300.npz,1.034,1.065
0522c0583,A4Ac,TRUE,1,1,train,train,C:/Users/LT/Desktop/Top2/data/dataset_update_NaH/0522c0583+A4Ac+MOS_25300.npz,1.029,1.05
0522c0600,9Ag,FALSE,1,1,train,train,C:/Users/LT/Desktop/Top2/data/dataset_update_NaH/0522c0600+9Ag+MOS_33308.npz,1.037,1.062
0522c0600,A4Ac,TRUE,1,1,train,train,C:/Users/LT/Desktop/Top2/data/dataset_update_NaH/0522c0600+A4Ac+MOS_33308.npz,1.029,1.059
0522c0607,15Ag,FALSE,1,1,train,train,C:/Users/LT/Desktop/Top2/data/dataset_update_NaH/0522c0607+15Ag+MOS_27710.npz,1.031,1.054
0522c0607,9Ag,FALSE,1,1,train,train,C:/Users/LT/Desktop/Top2/data/dataset_update_NaH/0522c0607+9Ag+MOS_27710.npz,1.035,1.058
0522c0629,15Ag,FALSE,1,1,train,train,C:/Users/LT/Desktop/Top2/data/dataset_update_NaH/0522c0629+15Ag+MOS_1367.npz,1.033,1.065
0522c0629,9Ag,FALSE,1,1,train,train,C:/Users/LT/Desktop/Top2/data/dataset_update_NaH/0522c0629+9Ag+MOS_1367.npz,1.039,1.071
0522c0629,A4Ac,TRUE,1,1,train,train,C:/Users/LT/Desktop/Top2/data/dataset_update_NaH/0522c0629+A4Ac+MOS_1367.npz,1.035,1.071
0522c0640,15Ag,FALSE,1,1,train,train,C:/Users/LT/Desktop/Top2/data/dataset_update_NaH/0522c0640+15Ag+MOS_45465.npz,1.041,1.078
0522c0640,9Ag,FALSE,1,1,train,train,C:/Users/LT/Desktop/Top2/data/dataset_update_NaH/0522c0640+9Ag+MOS_45465.npz,1.043,1.088
0522c0640,A4Ac,TRUE,1,1,train,train,C:/Users/LT/Desktop/Top2/data/dataset_update_NaH/0522c0640+A4Ac+MOS_45465.npz,1.036,1.076
0522c0659,15Ag,FALSE,1,1,train,train,C:/Users/LT/Desktop/Top2/data/dataset_update_NaH/0522c0659+15Ag+MOS_48107.npz,1.045,1.071
0522c0659,9Ag,FALSE,1,1,train,train,C:/Users/LT/Desktop/Top2/data/dataset_update_NaH/0522c0659+9Ag+MOS_48107.npz,1.049,1.083
0522c0659,A4Ac,TRUE,1,1,train,train,C:/Users/LT/Desktop/Top2/data/dataset_update_NaH/0522c0659+A4Ac+MOS_48107.npz,1.045,1.091
0522c0661,15Ag,FALSE,1,1,train,train,C:/Users/LT/Desktop/Top2/data/dataset_update_NaH/0522c0661+15Ag+MOS_5379.npz,1.045,1.075
0522c0661,9Ag,FALSE,1,1,train,train,C:/Users/LT/Desktop/Top2/data/dataset_update_NaH/0522c0661+9Ag+MOS_5379.npz,1.051,1.092
0522c0661,A4Ac,TRUE,1,1,train,train,C:/Users/LT/Desktop/Top2/data/dataset_update_NaH/0522c0661+A4Ac+MOS_5379.npz,1.048,1.1
0522c0667,15Ag,FALSE,1,1,train,train,C:/Users/LT/Desktop/Top2/data/dataset_update_NaH/0522c0667+15Ag+MOS_462.npz,1.028,1.039
0522c0667,9Ag,FALSE,1,1,train,train,C:/Users/LT/Desktop/Top2/data/dataset_update_NaH/0522c0667+9Ag+MOS_462.npz,1.03,1.047
0522c0667,A4Ac,TRUE,1,1,train,train,C:/Users/LT/Desktop/Top2/data/dataset_update_NaH/0522c0667+A4Ac+MOS_462.npz,1.027,1.042
0522c0669,15Ag,FALSE,1,1,train,train,C:/Users/LT/Desktop/Top2/data/dataset_update_NaH/0522c0669+15Ag+MOS_52766.npz,1.034,1.062
0522c0669,9Ag,FALSE,1,1,train,train,C:/Users/LT/Desktop/Top2/data/dataset_update_NaH/0522c0669+9Ag+MOS_52766.npz,1.04,1.076
0522c0669,A4Ac,TRUE,1,1,train,train,C:/Users/LT/Desktop/Top2/data/dataset_update_NaH/0522c0669+A4Ac+MOS_52766.npz,1.033,1.071
0522c0695,15Ag,FALSE,1,1,train,train,C:/Users/LT/Desktop/Top2/data/dataset_update_NaH/0522c0695+15Ag+MOS_28281.npz,1.034,1.058
0522c0695,9Ag,FALSE,1,1,train,train,C:/Users/LT/Desktop/Top2/data/dataset_update_NaH/0522c0695+9Ag+MOS_28281.npz,1.04,1.071
0522c0695,A4Ac,TRUE,1,1,train,train,C:/Users/LT/Desktop/Top2/data/dataset_update_NaH/0522c0695+A4Ac+MOS_28281.npz,1.031,1.062
0522c0708,15Ag,FALSE,1,1,train,train,C:/Users/LT/Desktop/Top2/data/dataset_update_NaH/0522c0708+15Ag+MOS_19481.npz,1.039,1.061
0522c0708,9Ag,FALSE,1,1,train,train,C:/Users/LT/Desktop/Top2/data/dataset_update_NaH/0522c0708+9Ag+MOS_19481.npz,1.041,1.065
0522c0708,A4Ac,TRUE,1,1,train,train,C:/Users/LT/Desktop/Top2/data/dataset_update_NaH/0522c0708+A4Ac+MOS_19481.npz,1.033,1.058
0522c0713,15Ag,FALSE,1,1,train,train,C:/Users/LT/Desktop/Top2/data/dataset_update_NaH/0522c0713+15Ag+MOS_26820.npz,1.028,1.05
0522c0713,9Ag,FALSE,1,1,train,train,C:/Users/LT/Desktop/Top2/data/dataset_update_NaH/0522c0713+9Ag+MOS_26820.npz,1.032,1.058
0522c0713,A4Ac,TRUE,1,1,train,train,C:/Users/LT/Desktop/Top2/data/dataset_update_NaH/0522c0713+A4Ac+MOS_26820.npz,1.03,1.055
0522c0723,15Ag,FALSE,1,1,train,train,C:/Users/LT/Desktop/Top2/data/dataset_update_NaH/0522c0723+15Ag+MOS_2890.npz,1.036,1.066
0522c0723,9Ag,FALSE,1,1,train,train,C:/Users/LT/Desktop/Top2/data/dataset_update_NaH/0522c0723+9Ag+MOS_2890.npz,1.041,1.076
0522c0723,A4Ac,TRUE,1,1,train,train,C:/Users/LT/Desktop/Top2/data/dataset_update_NaH/0522c0723+A4Ac+MOS_2890.npz,1.035,1.069
0522c0766,15Ag,FALSE,1,1,train,train,C:/Users/LT/Desktop/Top2/data/dataset_update_NaH/0522c0766+15Ag+MOS_13875.npz,1.036,1.066
0522c0766,9Ag,FALSE,1,1,train,train,C:/Users/LT/Desktop/Top2/data/dataset_update_NaH/0522c0766+9Ag+MOS_13875.npz,1.036,1.074
0522c0766,A4Ac,TRUE,1,1,train,train,C:/Users/LT/Desktop/Top2/data/dataset_update_NaH/0522c0766+A4Ac+MOS_13875.npz,1.032,1.062
0522c0768,15Ag,FALSE,1,1,train,train,C:/Users/LT/Desktop/Top2/data/dataset_update_NaH/0522c0768+15Ag+MOS_17404.npz,1.038,1.069
0522c0768,9Ag,FALSE,1,1,train,train,C:/Users/LT/Desktop/Top2/data/dataset_update_NaH/0522c0768+9Ag+MOS_17404.npz,1.044,1.076
0522c0771,15Ag,FALSE,1,1,train,train,C:/Users/LT/Desktop/Top2/data/dataset_update_NaH/0522c0771+15Ag+MOS_26779.npz,1.031,1.054
0522c0771,9Ag,FALSE,1,1,train,train,C:/Users/LT/Desktop/Top2/data/dataset_update_NaH/0522c0771+9Ag+MOS_26779.npz,1.034,1.054
0522c0771,A4Ac,TRUE,1,1,train,train,C:/Users/LT/Desktop/Top2/data/dataset_update_NaH/0522c0771+A4Ac+MOS_26779.npz,1.03,1.052
0522c0773,9Ag,FALSE,1,1,train,train,C:/Users/LT/Desktop/Top2/data/dataset_update_NaH/0522c0773+9Ag+MOS_44896.npz,1.052,1.082
0522c0773,A4Ac,TRUE,1,1,train,train,C:/Users/LT/Desktop/Top2/data/dataset_update_NaH/0522c0773+A4Ac+MOS_44896.npz,1.045,1.081
0522c0796,15Ag,FALSE,1,1,train,train,C:/Users/LT/Desktop/Top2/data/dataset_update_NaH/0522c0796+15Ag+MOS_5980.npz,1.037,1.068
0522c0796,9Ag,FALSE,1,1,train,train,C:/Users/LT/Desktop/Top2/data/dataset_update_NaH/0522c0796+9Ag+MOS_5980.npz,1.043,1.069
0522c0796,A4Ac,TRUE,1,1,train,train,C:/Users/LT/Desktop/Top2/data/dataset_update_NaH/0522c0796+A4Ac+MOS_5980.npz,1.029,1.054
0522c0845,15Ag,FALSE,1,1,train,train,C:/Users/LT/Desktop/Top2/data/dataset_update_NaH/0522c0845+15Ag+MOS_51816.npz,1.045,1.078
0522c0845,9Ag,FALSE,1,1,train,train,C:/Users/LT/Desktop/Top2/data/dataset_update_NaH/0522c0845+9Ag+MOS_51816.npz,1.037,1.061
0522c0845,A4Ac,TRUE,1,1,train,train,C:/Users/LT/Desktop/Top2/data/dataset_update_NaH/0522c0845+A4Ac+MOS_51816.npz,1.029,1.058
0522c0883,A4Ac,TRUE,1,1,train,train,C:/Users/LT/Desktop/Top2/data/dataset_update_NaH/0522c0883+A4Ac+MOS_188.npz,1.04,1.078
HN-CHUM-001,S215Ag,FALSE,2,1,train,train,C:/Users/LT/Desktop/Top2/data/dataset_update_NaH/HN-CHUM-001+S215Ag+MOS_39270.npz,1.031,1.061
HN-CHUM-001,S29Ag,FALSE,2,1,train,train,C:/Users/LT/Desktop/Top2/data/dataset_update_NaH/HN-CHUM-001+S29Ag+MOS_39270.npz,1.033,1.062
HN-CHUM-001,S2A4Ac,TRUE,2,1,train,train,C:/Users/LT/Desktop/Top2/data/dataset_update_NaH/HN-CHUM-001+S2A4Ac+MOS_39270.npz,1.025,1.05
HN-CHUM-003,S215Ag,FALSE,2,1,train,train,C:/Users/LT/Desktop/Top2/data/dataset_update_NaH/HN-CHUM-003+S215Ag+MOS_20285.npz,1.131,1.178
HN-CHUM-003,S29Ag,FALSE,2,1,train,train,C:/Users/LT/Desktop/Top2/data/dataset_update_NaH/HN-CHUM-003+S29Ag+MOS_20285.npz,1.118,1.151
HN-CHUM-003,S2A4Ac,TRUE,2,1,train,train,C:/Users/LT/Desktop/Top2/data/dataset_update_NaH/HN-CHUM-003+S2A4Ac+MOS_20285.npz,1.092,1.119
HN-CHUM-004,S215Ag,FALSE,2,1,train,train,C:/Users/LT/Desktop/Top2/data/dataset_update_NaH/HN-CHUM-004+S215Ag+MOS_29567.npz,1.033,1.055
HN-CHUM-004,S29Ag,FALSE,2,1,train,train,C:/Users/LT/Desktop/Top2/data/dataset_update_NaH/HN-CHUM-004+S29Ag+MOS_29567.npz,1.027,1.049
HN-CHUM-005,S215Ag,FALSE,2,1,train,train,C:/Users/LT/Desktop/Top2/data/dataset_update_NaH/HN-CHUM-005+S215Ag+MOS_52472.npz,1.024,1.033
HN-CHUM-005,S29Ag,FALSE,2,1,train,train,C:/Users/LT/Desktop/Top2/data/dataset_update_NaH/HN-CHUM-005+S29Ag+MOS_52472.npz,1.024,1.036
HN-CHUM-006,S215Ag,FALSE,2,1,train,train,C:/Users/LT/Desktop/Top2/data/dataset_update_NaH/HN-CHUM-006+S215Ag+MOS_38241.npz,1.032,1.072
HN-CHUM-006,S29Ag,FALSE,2,1,train,train,C:/Users/LT/Desktop/Top2/data/dataset_update_NaH/HN-CHUM-006+S29Ag+MOS_38241.npz,1.037,1.075
HN-CHUM-006,S2A4Ac,TRUE,2,1,train,train,C:/Users/LT/Desktop/Top2/data/dataset_update_NaH/HN-CHUM-006+S2A4Ac+MOS_38241.npz,1.032,1.058
HN-CHUM-007,S215Ag,FALSE,2,1,train,train,C:/Users/LT/Desktop/Top2/data/dataset_update_NaH/HN-CHUM-007+S215Ag+MOS_28117.npz,1.031,1.065
HN-CHUM-007,S29Ag,FALSE,2,1,train,train,C:/Users/LT/Desktop/Top2/data/dataset_update_NaH/HN-CHUM-007+S29Ag+MOS_28117.npz,1.033,1.068
HN-CHUM-007,S2A4Ac,TRUE,2,1,train,train,C:/Users/LT/Desktop/Top2/data/dataset_update_NaH/HN-CHUM-007+S2A4Ac+MOS_28117.npz,1.031,1.053
HN-CHUM-008,S215Ag,FALSE,2,1,train,train,C:/Users/LT/Desktop/Top2/data/dataset_update_NaH/HN-CHUM-008+S215Ag+MOS_47310.npz,1.034,1.066
HN-CHUM-008,S29Ag,FALSE,2,1,train,train,C:/Users/LT/Desktop/Top2/data/dataset_update_NaH/HN-CHUM-008+S29Ag+MOS_47310.npz,1.037,1.062
HN-CHUM-008,S2A4Ac,TRUE,2,1,train,train,C:/Users/LT/Desktop/Top2/data/dataset_update_NaH/HN-CHUM-008+S2A4Ac+MOS_47310.npz,1.028,1.059
HN-CHUM-009,S215Ag,FALSE,2,1,train,train,C:/Users/LT/Desktop/Top2/data/dataset_update_NaH/HN-CHUM-009+S215Ag+MOS_17840.npz,1.026,1.053
HN-CHUM-009,S29Ag,FALSE,2,1,train,train,C:/Users/LT/Desktop/Top2/data/dataset_update_NaH/HN-CHUM-009+S29Ag+MOS_17840.npz,1.026,1.043
HN-CHUM-009,S2A4Ac,TRUE,2,1,train,train,C:/Users/LT/Desktop/Top2/data/dataset_update_NaH/HN-CHUM-009+S2A4Ac+MOS_17840.npz,1.023,1.053
HN-CHUM-010,S215Ag,FALSE,2,1,train,train,C:/Users/LT/Desktop/Top2/data/dataset_update_NaH/HN-CHUM-010+S215Ag+MOS_3549.npz,1.033,1.07
HN-CHUM-010,S29Ag,FALSE,2,1,train,train,C:/Users/LT/Desktop/Top2/data/dataset_update_NaH/HN-CHUM-010+S29Ag+MOS_3549.npz,1.042,1.077
HN-CHUM-010,S2A4Ac,TRUE,2,1,train,train,C:/Users/LT/Desktop/Top2/data/dataset_update_NaH/HN-CHUM-010+S2A4Ac+MOS_3549.npz,1.03,1.054
HN-CHUM-011,S215Ag,FALSE,2,1,train,train,C:/Users/LT/Desktop/Top2/data/dataset_update_NaH/HN-CHUM-011+S215Ag+MOS_13191.npz,1.033,1.063
HN-CHUM-011,S29Ag,FALSE,2,1,train,train,C:/Users/LT/Desktop/Top2/data/dataset_update_NaH/HN-CHUM-011+S29Ag+MOS_13191.npz,1.036,1.064
HN-CHUM-011,S2A4Ac,TRUE,2,1,train,train,C:/Users/LT/Desktop/Top2/data/dataset_update_NaH/HN-CHUM-011+S2A4Ac+MOS_13191.npz,1.029,1.073
HN-CHUM-013,S215Ag,FALSE,2,1,train,train,C:/Users/LT/Desktop/Top2/data/dataset_update_NaH/HN-CHUM-013+S215Ag+MOS_45827.npz,1.036,1.072
HN-CHUM-013,S29Ag,FALSE,2,1,train,train,C:/Users/LT/Desktop/Top2/data/dataset_update_NaH/HN-CHUM-013+S29Ag+MOS_45827.npz,1.041,1.072
HN-CHUM-013,S2A4Ac,TRUE,2,1,train,train,C:/Users/LT/Desktop/Top2/data/dataset_update_NaH/HN-CHUM-013+S2A4Ac+MOS_45827.npz,1.028,1.063
HN-CHUM-015,S215Ag,FALSE,2,1,train,train,C:/Users/LT/Desktop/Top2/data/dataset_update_NaH/HN-CHUM-015+S215Ag+MOS_5875.npz,1.035,1.081
HN-CHUM-015,S29Ag,FALSE,2,1,train,train,C:/Users/LT/Desktop/Top2/data/dataset_update_NaH/HN-CHUM-015+S29Ag+MOS_5875.npz,1.038,1.081
HN-CHUM-015,S2A4Ac,TRUE,2,1,train,train,C:/Users/LT/Desktop/Top2/data/dataset_update_NaH/HN-CHUM-015+S2A4Ac+MOS_5875.npz,1.041,1.084
HN-CHUM-016,S215Ag,FALSE,2,1,train,train,C:/Users/LT/Desktop/Top2/data/dataset_update_NaH/HN-CHUM-016+S215Ag+MOS_16386.npz,1.035,1.06
HN-CHUM-016,S29Ag,FALSE,2,1,train,train,C:/Users/LT/Desktop/Top2/data/dataset_update_NaH/HN-CHUM-016+S29Ag+MOS_16386.npz,1.037,1.061
HN-CHUM-016,S2A4Ac,TRUE,2,1,train,train,C:/Users/LT/Desktop/Top2/data/dataset_update_NaH/HN-CHUM-016+S2A4Ac+MOS_16386.npz,1.032,1.065
HN-CHUM-017,S215Ag,FALSE,2,1,train,train,C:/Users/LT/Desktop/Top2/data/dataset_update_NaH/HN-CHUM-017+S215Ag+MOS_33104.npz,1.033,1.065
HN-CHUM-017,S29Ag,FALSE,2,1,train,train,C:/Users/LT/Desktop/Top2/data/dataset_update_NaH/HN-CHUM-017+S29Ag+MOS_33104.npz,1.038,1.076
HN-CHUM-017,S2A4Ac,TRUE,2,1,train,train,C:/Users/LT/Desktop/Top2/data/dataset_update_NaH/HN-CHUM-017+S2A4Ac+MOS_33104.npz,1.031,1.059
HN-CHUM-018,S215Ag,FALSE,2,1,train,train,C:/Users/LT/Desktop/Top2/data/dataset_update_NaH/HN-CHUM-018+S215Ag+MOS_46155.npz,1.032,1.071
HN-CHUM-018,S29Ag,FALSE,2,1,train,train,C:/Users/LT/Desktop/Top2/data/dataset_update_NaH/HN-CHUM-018+S29Ag+MOS_46155.npz,1.033,1.069
HN-CHUM-018,S2A4Ac,TRUE,2,1,train,train,C:/Users/LT/Desktop/Top2/data/dataset_update_NaH/HN-CHUM-018+S2A4Ac+MOS_46155.npz,1.033,1.074
HN-CHUM-020,S215Ag,FALSE,2,1,train,train,C:/Users/LT/Desktop/Top2/data/dataset_update_NaH/HN-CHUM-020+S215Ag+MOS_5664.npz,1.035,1.071
HN-CHUM-020,S29Ag,FALSE,2,1,train,train,C:/Users/LT/Desktop/Top2/data/dataset_update_NaH/HN-CHUM-020+S29Ag+MOS_5664.npz,1.034,1.057
HN-CHUM-020,S2A4Ac,TRUE,2,1,train,train,C:/Users/LT/Desktop/Top2/data/dataset_update_NaH/HN-CHUM-020+S2A4Ac+MOS_5664.npz,1.028,1.06
HN-CHUM-021,S215Ag,FALSE,2,1,train,train,C:/Users/LT/Desktop/Top2/data/dataset_update_NaH/HN-CHUM-021+S215Ag+MOS_44831.npz,1.034,1.052
HN-CHUM-021,S29Ag,FALSE,2,1,train,train,C:/Users/LT/Desktop/Top2/data/dataset_update_NaH/HN-CHUM-021+S29Ag+MOS_44831.npz,1.033,1.047
HN-CHUM-021,S2A4Ac,TRUE,2,1,train,train,C:/Users/LT/Desktop/Top2/data/dataset_update_NaH/HN-CHUM-021+S2A4Ac+MOS_44831.npz,1.028,1.046
HN-CHUM-023,S215Ag,FALSE,2,1,train,train,C:/Users/LT/Desktop/Top2/data/dataset_update_NaH/HN-CHUM-023+S215Ag+MOS_27377.npz,1.238,1.264
HN-CHUM-023,S29Ag,FALSE,2,1,train,train,C:/Users/LT/Desktop/Top2/data/dataset_update_NaH/HN-CHUM-023+S29Ag+MOS_27377.npz,1.214,1.25
HN-CHUM-023,S2A4Ac,TRUE,2,1,train,train,C:/Users/LT/Desktop/Top2/data/dataset_update_NaH/HN-CHUM-023+S2A4Ac+MOS_27377.npz,1.144,1.194
HN-CHUM-025,S215Ag,FALSE,2,1,train,train,C:/Users/LT/Desktop/Top2/data/dataset_update_NaH/HN-CHUM-025+S215Ag+MOS_15351.npz,1.034,1.059
HN-CHUM-025,S29Ag,FALSE,2,1,train,train,C:/Users/LT/Desktop/Top2/data/dataset_update_NaH/HN-CHUM-025+S29Ag+MOS_15351.npz,1.033,1.049
HN-CHUM-025,S2A4Ac,TRUE,2,1,train,train,C:/Users/LT/Desktop/Top2/data/dataset_update_NaH/HN-CHUM-025+S2A4Ac+MOS_15351.npz,1.027,1.038
HN-CHUM-026,S215Ag,FALSE,2,1,train,train,C:/Users/LT/Desktop/Top2/data/dataset_update_NaH/HN-CHUM-026+S215Ag+MOS_49375.npz,1.032,1.095
HN-CHUM-026,S29Ag,FALSE,2,1,train,train,C:/Users/LT/Desktop/Top2/data/dataset_update_NaH/HN-CHUM-026+S29Ag+MOS_49375.npz,1.031,1.094
HN-CHUM-026,S2A4Ac,TRUE,2,1,train,train,C:/Users/LT/Desktop/Top2/data/dataset_update_NaH/HN-CHUM-026+S2A4Ac+MOS_49375.npz,1.023,1.038
HN-CHUM-027,S215Ag,FALSE,2,1,train,train,C:/Users/LT/Desktop/Top2/data/dataset_update_NaH/HN-CHUM-027+S215Ag+MOS_51137.npz,1.024,1.039
HN-CHUM-027,S29Ag,FALSE,2,1,train,train,C:/Users/LT/Desktop/Top2/data/dataset_update_NaH/HN-CHUM-027+S29Ag+MOS_51137.npz,1.024,1.034
HN-CHUM-027,S2A4Ac,TRUE,2,1,train,train,C:/Users/LT/Desktop/Top2/data/dataset_update_NaH/HN-CHUM-027+S2A4Ac+MOS_51137.npz,1.024,1.04
HN-CHUM-028,S215Ag,FALSE,2,1,train,train,C:/Users/LT/Desktop/Top2/data/dataset_update_NaH/HN-CHUM-028+S215Ag+MOS_16699.npz,1.035,1.072
HN-CHUM-028,S29Ag,FALSE,2,1,train,train,C:/Users/LT/Desktop/Top2/data/dataset_update_NaH/HN-CHUM-028+S29Ag+MOS_16699.npz,1.039,1.077
HN-CHUM-028,S2A4Ac,TRUE,2,1,train,train,C:/Users/LT/Desktop/Top2/data/dataset_update_NaH/HN-CHUM-028+S2A4Ac+MOS_16699.npz,1.029,1.075
HN-CHUM-029,S215Ag,FALSE,2,1,train,train,C:/Users/LT/Desktop/Top2/data/dataset_update_NaH/HN-CHUM-029+S215Ag+MOS_17267.npz,1.033,1.061
HN-CHUM-029,S29Ag,FALSE,2,1,train,train,C:/Users/LT/Desktop/Top2/data/dataset_update_NaH/HN-CHUM-029+S29Ag+MOS_17267.npz,1.036,1.067
HN-CHUM-029,S2A4Ac,TRUE,2,1,train,train,C:/Users/LT/Desktop/Top2/data/dataset_update_NaH/HN-CHUM-029+S2A4Ac+MOS_17267.npz,1.029,1.059
HN-CHUM-031,S215Ag,FALSE,2,1,train,train,C:/Users/LT/Desktop/Top2/data/dataset_update_NaH/HN-CHUM-031+S215Ag+MOS_41924.npz,1.03,1.047
HN-CHUM-031,S29Ag,FALSE,2,1,train,train,C:/Users/LT/Desktop/Top2/data/dataset_update_NaH/HN-CHUM-031+S29Ag+MOS_41924.npz,1.028,1.044
HN-CHUM-031,S2A4Ac,TRUE,2,1,train,train,C:/Users/LT/Desktop/Top2/data/dataset_update_NaH/HN-CHUM-031+S2A4Ac+MOS_41924.npz,1.024,1.036
HN-CHUM-033,S215Ag,FALSE,2,1,train,train,C:/Users/LT/Desktop/Top2/data/dataset_update_NaH/HN-CHUM-033+S215Ag+MOS_1226.npz,1.026,1.037
HN-CHUM-033,S29Ag,FALSE,2,1,train,train,C:/Users/LT/Desktop/Top2/data/dataset_update_NaH/HN-CHUM-033+S29Ag+MOS_1226.npz,1.028,1.038
HN-CHUM-033,S2A4Ac,TRUE,2,1,train,train,C:/Users/LT/Desktop/Top2/data/dataset_update_NaH/HN-CHUM-033+S2A4Ac+MOS_1226.npz,1.025,1.037
HN-CHUM-034,S215Ag,FALSE,2,1,train,train,C:/Users/LT/Desktop/Top2/data/dataset_update_NaH/HN-CHUM-034+S215Ag+MOS_43274.npz,1.015,1.017
HN-CHUM-034,S29Ag,FALSE,2,1,train,train,C:/Users/LT/Desktop/Top2/data/dataset_update_NaH/HN-CHUM-034+S29Ag+MOS_43274.npz,1.015,1.016
HN-CHUM-034,S2A4Ac,TRUE,2,1,train,train,C:/Users/LT/Desktop/Top2/data/dataset_update_NaH/HN-CHUM-034+S2A4Ac+MOS_43274.npz,1.015,1.018
HN-CHUM-035,S215Ag,FALSE,2,1,train,train,C:/Users/LT/Desktop/Top2/data/dataset_update_NaH/HN-CHUM-035+S215Ag+MOS_6381.npz,1.032,1.048
HN-CHUM-035,S29Ag,FALSE,2,1,train,train,C:/Users/LT/Desktop/Top2/data/dataset_update_NaH/HN-CHUM-035+S29Ag+MOS_6381.npz,1.028,1.042
HN-CHUM-035,S2A4Ac,TRUE,2,1,train,train,C:/Users/LT/Desktop/Top2/data/dataset_update_NaH/HN-CHUM-035+S2A4Ac+MOS_6381.npz,1.027,1.038
HN-CHUM-036,S215Ag,FALSE,2,1,train,train,C:/Users/LT/Desktop/Top2/data/dataset_update_NaH/HN-CHUM-036+S215Ag+MOS_25137.npz,1.037,1.06
HN-CHUM-036,S29Ag,FALSE,2,1,train,train,C:/Users/LT/Desktop/Top2/data/dataset_update_NaH/HN-CHUM-036+S29Ag+MOS_25137.npz,1.039,1.059
HN-CHUM-036,S2A4Ac,TRUE,2,1,train,train,C:/Users/LT/Desktop/Top2/data/dataset_update_NaH/HN-CHUM-036+S2A4Ac+MOS_25137.npz,1.026,1.057
HN-CHUM-037,S29Ag,FALSE,2,1,train,train,C:/Users/LT/Desktop/Top2/data/dataset_update_NaH/HN-CHUM-037+S29Ag+MOS_8939.npz,1.438,1.499
HN-CHUM-037,S2A4Ac,TRUE,2,1,train,train,C:/Users/LT/Desktop/Top2/data/dataset_update_NaH/HN-CHUM-037+S2A4Ac+MOS_8939.npz,1.29,1.32
HN-CHUM-038,S215Ag,FALSE,2,1,train,train,C:/Users/LT/Desktop/Top2/data/dataset_update_NaH/HN-CHUM-038+S215Ag+MOS_37304.npz,1.362,1.398
HN-CHUM-038,S29Ag,FALSE,2,1,train,train,C:/Users/LT/Desktop/Top2/data/dataset_update_NaH/HN-CHUM-038+S29Ag+MOS_37304.npz,1.357,1.407
HN-CHUM-038,S2A4Ac,TRUE,2,1,train,train,C:/Users/LT/Desktop/Top2/data/dataset_update_NaH/HN-CHUM-038+S2A4Ac+MOS_37304.npz,1.207,1.239
HN-CHUM-039,S215Ag,FALSE,2,1,train,train,C:/Users/LT/Desktop/Top2/data/dataset_update_NaH/HN-CHUM-039+S215Ag+MOS_24568.npz,1.204,1.244
HN-CHUM-039,S29Ag,FALSE,2,1,train,train,C:/Users/LT/Desktop/Top2/data/dataset_update_NaH/HN-CHUM-039+S29Ag+MOS_24568.npz,1.227,1.281
HN-CHUM-039,S2A4Ac,TRUE,2,1,train,train,C:/Users/LT/Desktop/Top2/data/dataset_update_NaH/HN-CHUM-039+S2A4Ac+MOS_24568.npz,1.115,1.173
HN-CHUM-040,S215Ag,FALSE,2,1,train,train,C:/Users/LT/Desktop/Top2/data/dataset_update_NaH/HN-CHUM-040+S215Ag+MOS_1895.npz,1.031,1.05
HN-CHUM-040,S29Ag,FALSE,2,1,train,train,C:/Users/LT/Desktop/Top2/data/dataset_update_NaH/HN-CHUM-040+S29Ag+MOS_1895.npz,1.035,1.056
HN-CHUM-041,S215Ag,FALSE,2,1,train,train,C:/Users/LT/Desktop/Top2/data/dataset_update_NaH/HN-CHUM-041+S215Ag+MOS_22411.npz,1.031,1.06
HN-CHUM-041,S29Ag,FALSE,2,1,train,train,C:/Users/LT/Desktop/Top2/data/dataset_update_NaH/HN-CHUM-041+S29Ag+MOS_22411.npz,1.035,1.06
HN-CHUM-041,S2A4Ac,TRUE,2,1,train,train,C:/Users/LT/Desktop/Top2/data/dataset_update_NaH/HN-CHUM-041+S2A4Ac+MOS_22411.npz,1.03,1.066
HN-CHUM-043,S215Ag,FALSE,2,1,train,train,C:/Users/LT/Desktop/Top2/data/dataset_update_NaH/HN-CHUM-043+S215Ag+MOS_55942.npz,1.244,1.298
HN-CHUM-043,S29Ag,FALSE,2,1,train,train,C:/Users/LT/Desktop/Top2/data/dataset_update_NaH/HN-CHUM-043+S29Ag+MOS_55942.npz,1.192,1.233
HN-CHUM-043,S2A4Ac,TRUE,2,1,train,train,C:/Users/LT/Desktop/Top2/data/dataset_update_NaH/HN-CHUM-043+S2A4Ac+MOS_55942.npz,1.121,1.165
HN-CHUM-050,S215Ag,FALSE,2,1,train,train,C:/Users/LT/Desktop/Top2/data/dataset_update_NaH/HN-CHUM-050+S215Ag+MOS_2968.npz,1.03,1.06
HN-CHUM-050,S29Ag,FALSE,2,1,train,train,C:/Users/LT/Desktop/Top2/data/dataset_update_NaH/HN-CHUM-050+S29Ag+MOS_2968.npz,1.035,1.07
HN-CHUM-050,S2A4Ac,TRUE,2,1,train,train,C:/Users/LT/Desktop/Top2/data/dataset_update_NaH/HN-CHUM-050+S2A4Ac+MOS_2968.npz,1.031,1.064
HN-CHUM-051,15Ag,FALSE,2,1,train,train,C:/Users/LT/Desktop/Top2/data/dataset_update_NaH/HN-CHUM-051+15Ag+MOS_4095.npz,1.041,1.083
HN-CHUM-051,9Ag,FALSE,2,1,train,train,C:/Users/LT/Desktop/Top2/data/dataset_update_NaH/HN-CHUM-051+9Ag+MOS_4095.npz,1.046,1.085
HN-CHUM-051,A4Ac,TRUE,2,1,train,train,C:/Users/LT/Desktop/Top2/data/dataset_update_NaH/HN-CHUM-051+A4Ac+MOS_4095.npz,1.033,1.065
HN-CHUM-053,S215Ag,FALSE,2,1,train,train,C:/Users/LT/Desktop/Top2/data/dataset_update_NaH/HN-CHUM-053+S215Ag+MOS_14660.npz,1.028,1.054
HN-CHUM-053,S29Ag,FALSE,2,1,train,train,C:/Users/LT/Desktop/Top2/data/dataset_update_NaH/HN-CHUM-053+S29Ag+MOS_14660.npz,1.033,1.05
HN-CHUM-053,S2A4Ac,TRUE,2,1,train,train,C:/Users/LT/Desktop/Top2/data/dataset_update_NaH/HN-CHUM-053+S2A4Ac+MOS_14660.npz,1.023,1.037
HN-CHUM-055,S215Ag,FALSE,2,1,train,train,C:/Users/LT/Desktop/Top2/data/dataset_update_NaH/HN-CHUM-055+S215Ag+MOS_37983.npz,1.037,1.071
HN-CHUM-055,S29Ag,FALSE,2,1,train,train,C:/Users/LT/Desktop/Top2/data/dataset_update_NaH/HN-CHUM-055+S29Ag+MOS_37983.npz,1.036,1.064
HN-CHUM-055,S2A4Ac,TRUE,2,1,train,train,C:/Users/LT/Desktop/Top2/data/dataset_update_NaH/HN-CHUM-055+S2A4Ac+MOS_37983.npz,1.029,1.071
HN-CHUM-056,S215Ag,FALSE,2,1,train,train,C:/Users/LT/Desktop/Top2/data/dataset_update_NaH/HN-CHUM-056+S215Ag+MOS_53386.npz,1.034,1.085
HN-CHUM-056,S29Ag,FALSE,2,1,train,train,C:/Users/LT/Desktop/Top2/data/dataset_update_NaH/HN-CHUM-056+S29Ag+MOS_53386.npz,1.037,1.077
HN-CHUM-056,S2A4Ac,TRUE,2,1,train,train,C:/Users/LT/Desktop/Top2/data/dataset_update_NaH/HN-CHUM-056+S2A4Ac+MOS_53386.npz,1.028,1.068
HN-CHUM-057,S215Ag,FALSE,2,1,train,train,C:/Users/LT/Desktop/Top2/data/dataset_update_NaH/HN-CHUM-057+S215Ag+MOS_18121.npz,1.046,1.082
HN-CHUM-057,S29Ag,FALSE,2,1,train,train,C:/Users/LT/Desktop/Top2/data/dataset_update_NaH/HN-CHUM-057+S29Ag+MOS_18121.npz,1.049,1.087
HN-CHUM-057,S2A4Ac,TRUE,2,1,train,train,C:/Users/LT/Desktop/Top2/data/dataset_update_NaH/HN-CHUM-057+S2A4Ac+MOS_18121.npz,1.032,1.069
HN-CHUM-063,S215Ag,FALSE,2,1,train,train,C:/Users/LT/Desktop/Top2/data/dataset_update_NaH/HN-CHUM-063+S215Ag+MOS_32656.npz,1.028,1.049
HN-CHUM-063,S29Ag,FALSE,2,1,train,train,C:/Users/LT/Desktop/Top2/data/dataset_update_NaH/HN-CHUM-063+S29Ag+MOS_32656.npz,1.029,1.047
HN-CHUM-063,S2A4Ac,TRUE,2,1,train,train,C:/Users/LT/Desktop/Top2/data/dataset_update_NaH/HN-CHUM-063+S2A4Ac+MOS_32656.npz,1.025,1.039
HN-CHUM-065,S215Ag,FALSE,2,1,train,train,C:/Users/LT/Desktop/Top2/data/dataset_update_NaH/HN-CHUM-065+S215Ag+MOS_28286.npz,1.032,1.052
HN-CHUM-065,S29Ag,FALSE,2,1,train,train,C:/Users/LT/Desktop/Top2/data/dataset_update_NaH/HN-CHUM-065+S29Ag+MOS_28286.npz,1.034,1.055
HN-CHUM-065,S2A4Ac,TRUE,2,1,train,train,C:/Users/LT/Desktop/Top2/data/dataset_update_NaH/HN-CHUM-065+S2A4Ac+MOS_28286.npz,1.032,1.052
HN-CHUS-033,S215Ag,FALSE,2,1,train,train,C:/Users/LT/Desktop/Top2/data/dataset_update_NaH/HN-CHUS-033+S215Ag+MOS_32900.npz,1.031,1.049
HN-CHUS-033,S29Ag,FALSE,2,1,train,train,C:/Users/LT/Desktop/Top2/data/dataset_update_NaH/HN-CHUS-033+S29Ag+MOS_32900.npz,1.035,1.062
HN-CHUS-033,S2A4Ac,TRUE,2,1,train,train,C:/Users/LT/Desktop/Top2/data/dataset_update_NaH/HN-CHUS-033+S2A4Ac+MOS_32900.npz,1.027,1.063
HN-CHUS-064,15Ag,FALSE,2,1,train,train,C:/Users/LT/Desktop/Top2/data/dataset_update_NaH/HN-CHUS-064+15Ag+MOS_24332.npz,1.026,1.039
HN-CHUS-064,9Ag,FALSE,2,1,train,train,C:/Users/LT/Desktop/Top2/data/dataset_update_NaH/HN-CHUS-064+9Ag+MOS_24332.npz,1.028,1.05
HN-CHUS-064,A4Ac,TRUE,2,1,train,train,C:/Users/LT/Desktop/Top2/data/dataset_update_NaH/HN-CHUS-064+A4Ac+MOS_24332.npz,1.024,1.033
HN-CHUS-089,S215Ag,FALSE,2,1,train,train,C:/Users/LT/Desktop/Top2/data/dataset_update_NaH/HN-CHUS-089+S215Ag+MOS_9626.npz,1.035,1.056
HN-CHUS-089,S29Ag,FALSE,2,1,train,train,C:/Users/LT/Desktop/Top2/data/dataset_update_NaH/HN-CHUS-089+S29Ag+MOS_9626.npz,1.041,1.061
HN-CHUS-089,S2A4Ac,TRUE,2,1,train,train,C:/Users/LT/Desktop/Top2/data/dataset_update_NaH/HN-CHUS-089+S2A4Ac+MOS_9626.npz,1.04,1.064
HN-CHUS-096,S215Ag,FALSE,2,1,train,train,C:/Users/LT/Desktop/Top2/data/dataset_update_NaH/HN-CHUS-096+S215Ag+MOS_48535.npz,1.064,1.105
HN-CHUS-096,S29Ag,FALSE,2,1,train,train,C:/Users/LT/Desktop/Top2/data/dataset_update_NaH/HN-CHUS-096+S29Ag+MOS_48535.npz,1.067,1.115
HN-CHUS-096,S2A4Ac,TRUE,2,1,train,train,C:/Users/LT/Desktop/Top2/data/dataset_update_NaH/HN-CHUS-096+S2A4Ac+MOS_48535.npz,1.078,1.123
HN-CHUS-099,S215Ag,FALSE,2,1,train,train,C:/Users/LT/Desktop/Top2/data/dataset_update_NaH/HN-CHUS-099+S215Ag+MOS_26261.npz,1.053,1.1
HN-CHUS-099,S29Ag,FALSE,2,1,train,train,C:/Users/LT/Desktop/Top2/data/dataset_update_NaH/HN-CHUS-099+S29Ag+MOS_26261.npz,1.045,1.097
HN-CHUS-100,S215Ag,FALSE,2,1,train,train,C:/Users/LT/Desktop/Top2/data/dataset_update_NaH/HN-CHUS-100+S215Ag+MOS_4436.npz,1.091,1.154
HN-CHUS-100,S29Ag,FALSE,2,1,train,train,C:/Users/LT/Desktop/Top2/data/dataset_update_NaH/HN-CHUS-100+S29Ag+MOS_4436.npz,1.058,1.107
HN-CHUS-101,S215Ag,FALSE,2,1,train,train,C:/Users/LT/Desktop/Top2/data/dataset_update_NaH/HN-CHUS-101+S215Ag+MOS_4952.npz,1.043,1.07
HN-CHUS-101,S29Ag,FALSE,2,1,train,train,C:/Users/LT/Desktop/Top2/data/dataset_update_NaH/HN-CHUS-101+S29Ag+MOS_4952.npz,1.047,1.084
HN-CHUS-101,S2A4Ac,TRUE,2,1,train,train,C:/Users/LT/Desktop/Top2/data/dataset_update_NaH/HN-CHUS-101+S2A4Ac+MOS_4952.npz,1.043,1.084
HN-CHUS-102,S215Ag,FALSE,2,1,train,train,C:/Users/LT/Desktop/Top2/data/dataset_update_NaH/HN-CHUS-102+S215Ag+MOS_51735.npz,1.047,1.066
HN-CHUS-102,S29Ag,FALSE,2,1,train,train,C:/Users/LT/Desktop/Top2/data/dataset_update_NaH/HN-CHUS-102+S29Ag+MOS_51735.npz,1.038,1.058
HN-CHUS-102,S2A4Ac,TRUE,2,1,train,train,C:/Users/LT/Desktop/Top2/data/dataset_update_NaH/HN-CHUS-102+S2A4Ac+MOS_51735.npz,1.031,1.045
HN-HGJ-001,S215Ag,FALSE,2,1,train,train,C:/Users/LT/Desktop/Top2/data/dataset_update_NaH/HN-HGJ-001+S215Ag+MOS_14131.npz,1.04,1.066
HN-HGJ-001,S29Ag,FALSE,2,1,train,train,C:/Users/LT/Desktop/Top2/data/dataset_update_NaH/HN-HGJ-001+S29Ag+MOS_14131.npz,1.041,1.061
HN-HGJ-001,S2A4Ac,TRUE,2,1,train,train,C:/Users/LT/Desktop/Top2/data/dataset_update_NaH/HN-HGJ-001+S2A4Ac+MOS_14131.npz,1.04,1.073
HN-HGJ-007,S215Ag,FALSE,2,1,train,train,C:/Users/LT/Desktop/Top2/data/dataset_update_NaH/HN-HGJ-007+S215Ag+MOS_17548.npz,1.035,1.058
HN-HGJ-007,S29Ag,FALSE,2,1,train,train,C:/Users/LT/Desktop/Top2/data/dataset_update_NaH/HN-HGJ-007+S29Ag+MOS_17548.npz,1.038,1.065
HN-HGJ-007,S2A4Ac,TRUE,2,1,train,train,C:/Users/LT/Desktop/Top2/data/dataset_update_NaH/HN-HGJ-007+S2A4Ac+MOS_17548.npz,1.028,1.048
HN-HGJ-009,S215Ag,FALSE,2,1,train,train,C:/Users/LT/Desktop/Top2/data/dataset_update_NaH/HN-HGJ-009+S215Ag+MOS_16685.npz,1.038,1.093
HN-HGJ-009,S29Ag,FALSE,2,1,train,train,C:/Users/LT/Desktop/Top2/data/dataset_update_NaH/HN-HGJ-009+S29Ag+MOS_16685.npz,1.044,1.092
HN-HGJ-009,S2A4Ac,TRUE,2,1,train,train,C:/Users/LT/Desktop/Top2/data/dataset_update_NaH/HN-HGJ-009+S2A4Ac+MOS_16685.npz,1.033,1.068
HN-HGJ-012,S215Ag,FALSE,2,1,train,train,C:/Users/LT/Desktop/Top2/data/dataset_update_NaH/HN-HGJ-012+S215Ag+MOS_14387.npz,1.04,1.063
HN-HGJ-012,S29Ag,FALSE,2,1,train,train,C:/Users/LT/Desktop/Top2/data/dataset_update_NaH/HN-HGJ-012+S29Ag+MOS_14387.npz,1.047,1.087
HN-HGJ-012,S2A4Ac,TRUE,2,1,train,train,C:/Users/LT/Desktop/Top2/data/dataset_update_NaH/HN-HGJ-012+S2A4Ac+MOS_14387.npz,1.036,1.066
HN-HGJ-013,S215Ag,FALSE,2,1,train,train,C:/Users/LT/Desktop/Top2/data/dataset_update_NaH/HN-HGJ-013+S215Ag+MOS_37396.npz,1.037,1.066
HN-HGJ-013,S29Ag,FALSE,2,1,train,train,C:/Users/LT/Desktop/Top2/data/dataset_update_NaH/HN-HGJ-013+S29Ag+MOS_37396.npz,1.043,1.077
HN-HGJ-013,S2A4Ac,TRUE,2,1,train,train,C:/Users/LT/Desktop/Top2/data/dataset_update_NaH/HN-HGJ-013+S2A4Ac+MOS_37396.npz,1.031,1.075
HN-HGJ-018,S215Ag,FALSE,2,1,train,train,C:/Users/LT/Desktop/Top2/data/dataset_update_NaH/HN-HGJ-018+S215Ag+MOS_8631.npz,1.029,1.045
HN-HGJ-018,S29Ag,FALSE,2,1,train,train,C:/Users/LT/Desktop/Top2/data/dataset_update_NaH/HN-HGJ-018+S29Ag+MOS_8631.npz,1.034,1.047
HN-HGJ-018,S2A4Ac,TRUE,2,1,train,train,C:/Users/LT/Desktop/Top2/data/dataset_update_NaH/HN-HGJ-018+S2A4Ac+MOS_8631.npz,1.026,1.04
HN-HGJ-020,S215Ag,FALSE,2,1,train,train,C:/Users/LT/Desktop/Top2/data/dataset_update_NaH/HN-HGJ-020+S215Ag+MOS_12525.npz,1.031,1.053
HN-HGJ-020,S29Ag,FALSE,2,1,train,train,C:/Users/LT/Desktop/Top2/data/dataset_update_NaH/HN-HGJ-020+S29Ag+MOS_12525.npz,1.034,1.047
HN-HGJ-020,S2A4Ac,TRUE,2,1,train,train,C:/Users/LT/Desktop/Top2/data/dataset_update_NaH/HN-HGJ-020+S2A4Ac+MOS_12525.npz,1.033,1.056
HN-HGJ-022,S215Ag,FALSE,2,1,train,train,C:/Users/LT/Desktop/Top2/data/dataset_update_NaH/HN-HGJ-022+S215Ag+MOS_59270.npz,1.046,1.069
HN-HGJ-022,S29Ag,FALSE,2,1,train,train,C:/Users/LT/Desktop/Top2/data/dataset_update_NaH/HN-HGJ-022+S29Ag+MOS_59270.npz,1.048,1.073
HN-HGJ-022,S2A4Ac,TRUE,2,1,train,train,C:/Users/LT/Desktop/Top2/data/dataset_update_NaH/HN-HGJ-022+S2A4Ac+MOS_59270.npz,1.03,1.046
HN-HGJ-028,S215Ag,FALSE,2,1,train,train,C:/Users/LT/Desktop/Top2/data/dataset_update_NaH/HN-HGJ-028+S215Ag+MOS_12191.npz,1.039,1.105
HN-HGJ-028,S29Ag,FALSE,2,1,train,train,C:/Users/LT/Desktop/Top2/data/dataset_update_NaH/HN-HGJ-028+S29Ag+MOS_12191.npz,1.04,1.121
HN-HGJ-028,S2A4Ac,TRUE,2,1,train,train,C:/Users/LT/Desktop/Top2/data/dataset_update_NaH/HN-HGJ-028+S2A4Ac+MOS_12191.npz,1.028,1.054
HN-HGJ-029,S215Ag,FALSE,2,1,train,train,C:/Users/LT/Desktop/Top2/data/dataset_update_NaH/HN-HGJ-029+S215Ag+MOS_3351.npz,1.032,1.066
HN-HGJ-029,S29Ag,FALSE,2,1,train,train,C:/Users/LT/Desktop/Top2/data/dataset_update_NaH/HN-HGJ-029+S29Ag+MOS_3351.npz,1.032,1.063
HN-HGJ-029,S2A4Ac,TRUE,2,1,train,train,C:/Users/LT/Desktop/Top2/data/dataset_update_NaH/HN-HGJ-029+S2A4Ac+MOS_3351.npz,1.028,1.055
HN-HGJ-040,S215Ag,FALSE,2,1,train,train,C:/Users/LT/Desktop/Top2/data/dataset_update_NaH/HN-HGJ-040+S215Ag+MOS_15307.npz,1.106,1.153
HN-HGJ-040,S29Ag,FALSE,2,1,train,train,C:/Users/LT/Desktop/Top2/data/dataset_update_NaH/HN-HGJ-040+S29Ag+MOS_15307.npz,1.105,1.17
HN-HGJ-040,S2A4Ac,TRUE,2,1,train,train,C:/Users/LT/Desktop/Top2/data/dataset_update_NaH/HN-HGJ-040+S2A4Ac+MOS_15307.npz,1.085,1.125
HN-HGJ-042,S215Ag,FALSE,2,1,train,train,C:/Users/LT/Desktop/Top2/data/dataset_update_NaH/HN-HGJ-042+S215Ag+MOS_4618.npz,1.034,1.053
HN-HGJ-042,S29Ag,FALSE,2,1,train,train,C:/Users/LT/Desktop/Top2/data/dataset_update_NaH/HN-HGJ-042+S29Ag+MOS_4618.npz,1.038,1.075
HN-HGJ-042,S2A4Ac,TRUE,2,1,train,train,C:/Users/LT/Desktop/Top2/data/dataset_update_NaH/HN-HGJ-042+S2A4Ac+MOS_4618.npz,1.032,1.052
HN-HGJ-044,S215Ag,FALSE,2,1,train,train,C:/Users/LT/Desktop/Top2/data/dataset_update_NaH/HN-HGJ-044+S215Ag+MOS_38189.npz,1.038,1.062
HN-HGJ-044,S29Ag,FALSE,2,1,train,train,C:/Users/LT/Desktop/Top2/data/dataset_update_NaH/HN-HGJ-044+S29Ag+MOS_38189.npz,1.035,1.072
HN-HGJ-044,S2A4Ac,TRUE,2,1,train,train,C:/Users/LT/Desktop/Top2/data/dataset_update_NaH/HN-HGJ-044+S2A4Ac+MOS_38189.npz,1.027,1.085
HN-HGJ-045,S215Ag,FALSE,2,1,train,train,C:/Users/LT/Desktop/Top2/data/dataset_update_NaH/HN-HGJ-045+S215Ag+MOS_24701.npz,1.048,1.085
HN-HGJ-045,S29Ag,FALSE,2,1,train,train,C:/Users/LT/Desktop/Top2/data/dataset_update_NaH/HN-HGJ-045+S29Ag+MOS_24701.npz,1.049,1.108
HN-HGJ-045,S2A4Ac,TRUE,2,1,train,train,C:/Users/LT/Desktop/Top2/data/dataset_update_NaH/HN-HGJ-045+S2A4Ac+MOS_24701.npz,1.038,1.075
HN-HGJ-050,S215Ag,FALSE,2,1,train,train,C:/Users/LT/Desktop/Top2/data/dataset_update_NaH/HN-HGJ-050+S215Ag+MOS_59617.npz,1.036,1.055
HN-HGJ-050,S29Ag,FALSE,2,1,train,train,C:/Users/LT/Desktop/Top2/data/dataset_update_NaH/HN-HGJ-050+S29Ag+MOS_59617.npz,1.037,1.058
HN-HGJ-050,S2A4Ac,TRUE,2,1,train,train,C:/Users/LT/Desktop/Top2/data/dataset_update_NaH/HN-HGJ-050+S2A4Ac+MOS_59617.npz,1.03,1.047
HN-HGJ-051,S215Ag,FALSE,2,1,train,train,C:/Users/LT/Desktop/Top2/data/dataset_update_NaH/HN-HGJ-051+S215Ag+MOS_56575.npz,1.052,1.116
HN-HGJ-051,S29Ag,FALSE,2,1,train,train,C:/Users/LT/Desktop/Top2/data/dataset_update_NaH/HN-HGJ-051+S29Ag+MOS_56575.npz,1.055,1.122
HN-HGJ-051,S2A4Ac,TRUE,2,1,train,train,C:/Users/LT/Desktop/Top2/data/dataset_update_NaH/HN-HGJ-051+S2A4Ac+MOS_56575.npz,1.036,1.073
HN-HGJ-052,S215Ag,FALSE,2,1,train,train,C:/Users/LT/Desktop/Top2/data/dataset_update_NaH/HN-HGJ-052+S215Ag+MOS_39348.npz,1.042,1.079
HN-HGJ-052,S29Ag,FALSE,2,1,train,train,C:/Users/LT/Desktop/Top2/data/dataset_update_NaH/HN-HGJ-052+S29Ag+MOS_39348.npz,1.045,1.077
HN-HGJ-052,S2A4Ac,TRUE,2,1,train,train,C:/Users/LT/Desktop/Top2/data/dataset_update_NaH/HN-HGJ-052+S2A4Ac+MOS_39348.npz,1.035,1.064
HN-HGJ-053,S215Ag,FALSE,2,1,train,train,C:/Users/LT/Desktop/Top2/data/dataset_update_NaH/HN-HGJ-053+S215Ag+MOS_26559.npz,1.041,1.087
HN-HGJ-053,S29Ag,FALSE,2,1,train,train,C:/Users/LT/Desktop/Top2/data/dataset_update_NaH/HN-HGJ-053+S29Ag+MOS_26559.npz,1.044,1.075
HN-HGJ-053,S2A4Ac,TRUE,2,1,train,train,C:/Users/LT/Desktop/Top2/data/dataset_update_NaH/HN-HGJ-053+S2A4Ac+MOS_26559.npz,1.032,1.055
HN-HGJ-059,S215Ag,FALSE,2,1,train,train,C:/Users/LT/Desktop/Top2/data/dataset_update_NaH/HN-HGJ-059+S215Ag+MOS_36742.npz,1.052,1.19
HN-HGJ-059,S29Ag,FALSE,2,1,train,train,C:/Users/LT/Desktop/Top2/data/dataset_update_NaH/HN-HGJ-059+S29Ag+MOS_36742.npz,1.051,1.173
HN-HGJ-059,S2A4Ac,TRUE,2,1,train,train,C:/Users/LT/Desktop/Top2/data/dataset_update_NaH/HN-HGJ-059+S2A4Ac+MOS_36742.npz,1.037,1.098
HN-HGJ-061,S215Ag,FALSE,2,1,train,train,C:/Users/LT/Desktop/Top2/data/dataset_update_NaH/HN-HGJ-061+S215Ag+MOS_29972.npz,1.042,1.065
HN-HGJ-061,S29Ag,FALSE,2,1,train,train,C:/Users/LT/Desktop/Top2/data/dataset_update_NaH/HN-HGJ-061+S29Ag+MOS_29972.npz,1.043,1.072
HN-HGJ-061,S2A4Ac,TRUE,2,1,train,train,C:/Users/LT/Desktop/Top2/data/dataset_update_NaH/HN-HGJ-061+S2A4Ac+MOS_29972.npz,1.032,1.06
HN-HGJ-062,S215Ag,FALSE,2,1,train,train,C:/Users/LT/Desktop/Top2/data/dataset_update_NaH/HN-HGJ-062+S215Ag+MOS_34521.npz,1.027,1.043
HN-HGJ-062,S29Ag,FALSE,2,1,train,train,C:/Users/LT/Desktop/Top2/data/dataset_update_NaH/HN-HGJ-062+S29Ag+MOS_34521.npz,1.028,1.047
HN-HGJ-062,S2A4Ac,TRUE,2,1,train,train,C:/Users/LT/Desktop/Top2/data/dataset_update_NaH/HN-HGJ-062+S2A4Ac+MOS_34521.npz,1.024,1.036
HN-HGJ-063,S215Ag,FALSE,2,1,train,train,C:/Users/LT/Desktop/Top2/data/dataset_update_NaH/HN-HGJ-063+S215Ag+MOS_4194.npz,1.037,1.074
HN-HGJ-063,S29Ag,FALSE,2,1,train,train,C:/Users/LT/Desktop/Top2/data/dataset_update_NaH/HN-HGJ-063+S29Ag+MOS_4194.npz,1.038,1.068
HN-HGJ-063,S2A4Ac,TRUE,2,1,train,train,C:/Users/LT/Desktop/Top2/data/dataset_update_NaH/HN-HGJ-063+S2A4Ac+MOS_4194.npz,1.028,1.04
HN-HGJ-065,S215Ag,FALSE,2,1,train,train,C:/Users/LT/Desktop/Top2/data/dataset_update_NaH/HN-HGJ-065+S215Ag+MOS_3821.npz,1.049,1.098
HN-HGJ-065,S29Ag,FALSE,2,1,train,train,C:/Users/LT/Desktop/Top2/data/dataset_update_NaH/HN-HGJ-065+S29Ag+MOS_3821.npz,1.051,1.094
HN-HGJ-065,S2A4Ac,TRUE,2,1,train,train,C:/Users/LT/Desktop/Top2/data/dataset_update_NaH/HN-HGJ-065+S2A4Ac+MOS_3821.npz,1.033,1.07
HN-HGJ-067,S215Ag,FALSE,2,1,train,train,C:/Users/LT/Desktop/Top2/data/dataset_update_NaH/HN-HGJ-067+S215Ag+MOS_9787.npz,1.04,1.085
HN-HGJ-067,S29Ag,FALSE,2,1,train,train,C:/Users/LT/Desktop/Top2/data/dataset_update_NaH/HN-HGJ-067+S29Ag+MOS_9787.npz,1.045,1.1
HN-HGJ-067,S2A4Ac,TRUE,2,1,train,train,C:/Users/LT/Desktop/Top2/data/dataset_update_NaH/HN-HGJ-067+S2A4Ac+MOS_9787.npz,1.029,1.067
HN-HGJ-069,S215Ag,FALSE,2,1,train,train,C:/Users/LT/Desktop/Top2/data/dataset_update_NaH/HN-HGJ-069+S215Ag+MOS_22563.npz,1.038,1.081
HN-HGJ-069,S29Ag,FALSE,2,1,train,train,C:/Users/LT/Desktop/Top2/data/dataset_update_NaH/HN-HGJ-069+S29Ag+MOS_22563.npz,1.04,1.098
HN-HGJ-069,S2A4Ac,TRUE,2,1,train,train,C:/Users/LT/Desktop/Top2/data/dataset_update_NaH/HN-HGJ-069+S2A4Ac+MOS_22563.npz,1.034,1.057
HN-HGJ-070,S215Ag,FALSE,2,1,train,train,C:/Users/LT/Desktop/Top2/data/dataset_update_NaH/HN-HGJ-070+S215Ag+MOS_13676.npz,1.036,1.065
HN-HGJ-070,S29Ag,FALSE,2,1,train,train,C:/Users/LT/Desktop/Top2/data/dataset_update_NaH/HN-HGJ-070+S29Ag+MOS_13676.npz,1.041,1.069
HN-HGJ-070,S2A4Ac,TRUE,2,1,train,train,C:/Users/LT/Desktop/Top2/data/dataset_update_NaH/HN-HGJ-070+S2A4Ac+MOS_13676.npz,1.029,1.056
HN-HGJ-071,S215Ag,FALSE,2,1,train,train,C:/Users/LT/Desktop/Top2/data/dataset_update_NaH/HN-HGJ-071+S215Ag+MOS_40324.npz,1.042,1.087
HN-HGJ-071,S29Ag,FALSE,2,1,train,train,C:/Users/LT/Desktop/Top2/data/dataset_update_NaH/HN-HGJ-071+S29Ag+MOS_40324.npz,1.052,1.084
HN-HGJ-071,S2A4Ac,TRUE,2,1,train,train,C:/Users/LT/Desktop/Top2/data/dataset_update_NaH/HN-HGJ-071+S2A4Ac+MOS_40324.npz,1.032,1.066
HN-HGJ-073,S215Ag,FALSE,2,1,train,train,C:/Users/LT/Desktop/Top2/data/dataset_update_NaH/HN-HGJ-073+S215Ag+MOS_39761.npz,1.037,1.083
HN-HGJ-073,S29Ag,FALSE,2,1,train,train,C:/Users/LT/Desktop/Top2/data/dataset_update_NaH/HN-HGJ-073+S29Ag+MOS_39761.npz,1.043,1.091
HN-HGJ-073,S2A4Ac,TRUE,2,1,train,train,C:/Users/LT/Desktop/Top2/data/dataset_update_NaH/HN-HGJ-073+S2A4Ac+MOS_39761.npz,1.031,1.077
HN-HGJ-074,S215Ag,FALSE,2,1,train,train,C:/Users/LT/Desktop/Top2/data/dataset_update_NaH/HN-HGJ-074+S215Ag+MOS_10993.npz,1.036,1.067
HN-HGJ-074,S29Ag,FALSE,2,1,train,train,C:/Users/LT/Desktop/Top2/data/dataset_update_NaH/HN-HGJ-074+S29Ag+MOS_10993.npz,1.038,1.074
HN-HGJ-074,S2A4Ac,TRUE,2,1,train,train,C:/Users/LT/Desktop/Top2/data/dataset_update_NaH/HN-HGJ-074+S2A4Ac+MOS_10993.npz,1.028,1.058
HN-HGJ-076,S29Ag,FALSE,2,1,train,train,C:/Users/LT/Desktop/Top2/data/dataset_update_NaH/HN-HGJ-076+S29Ag+MOS_21867.npz,1.053,1.233
HN-HGJ-076,S2A4Ac,TRUE,2,1,train,train,C:/Users/LT/Desktop/Top2/data/dataset_update_NaH/HN-HGJ-076+S2A4Ac+MOS_21867.npz,1.033,1.085
HN-HGJ-078,S215Ag,FALSE,2,1,train,train,C:/Users/LT/Desktop/Top2/data/dataset_update_NaH/HN-HGJ-078+S215Ag+MOS_18762.npz,1.051,1.107
HN-HGJ-078,S29Ag,FALSE,2,1,train,train,C:/Users/LT/Desktop/Top2/data/dataset_update_NaH/HN-HGJ-078+S29Ag+MOS_18762.npz,1.052,1.111
HN-HGJ-078,S2A4Ac,TRUE,2,1,train,train,C:/Users/LT/Desktop/Top2/data/dataset_update_NaH/HN-HGJ-078+S2A4Ac+MOS_18762.npz,1.029,1.047
HN-HGJ-080,S215Ag,FALSE,2,1,train,train,C:/Users/LT/Desktop/Top2/data/dataset_update_NaH/HN-HGJ-080+S215Ag+MOS_55964.npz,1.037,1.082
HN-HGJ-080,S29Ag,FALSE,2,1,train,train,C:/Users/LT/Desktop/Top2/data/dataset_update_NaH/HN-HGJ-080+S29Ag+MOS_55964.npz,1.041,1.097
HN-HGJ-080,S2A4Ac,TRUE,2,1,train,train,C:/Users/LT/Desktop/Top2/data/dataset_update_NaH/HN-HGJ-080+S2A4Ac+MOS_55964.npz,1.031,1.074
HN-HGJ-081,15Ag,FALSE,2,1,train,train,C:/Users/LT/Desktop/Top2/data/dataset_update_NaH/HN-HGJ-081+15Ag+MOS_41638.npz,1.041,1.098
HN-HGJ-081,9Ag,FALSE,2,1,train,train,C:/Users/LT/Desktop/Top2/data/dataset_update_NaH/HN-HGJ-081+9Ag+MOS_41638.npz,1.049,1.114
HN-HGJ-081,A4Ac,TRUE,2,1,train,train,C:/Users/LT/Desktop/Top2/data/dataset_update_NaH/HN-HGJ-081+A4Ac+MOS_41638.npz,1.033,1.076
HN-HGJ-083,S215Ag,FALSE,2,1,train,train,C:/Users/LT/Desktop/Top2/data/dataset_update_NaH/HN-HGJ-083+S215Ag+MOS_4236.npz,1.055,1.101
HN-HGJ-083,S29Ag,FALSE,2,1,train,train,C:/Users/LT/Desktop/Top2/data/dataset_update_NaH/HN-HGJ-083+S29Ag+MOS_4236.npz,1.058,1.107
HN-HGJ-083,S2A4Ac,TRUE,2,1,train,train,C:/Users/LT/Desktop/Top2/data/dataset_update_NaH/HN-HGJ-083+S2A4Ac+MOS_4236.npz,1.039,1.078
HN-HGJ-085,S215Ag,FALSE,2,1,train,train,C:/Users/LT/Desktop/Top2/data/dataset_update_NaH/HN-HGJ-085+S215Ag+MOS_48728.npz,1.039,1.081
HN-HGJ-085,S29Ag,FALSE,2,1,train,train,C:/Users/LT/Desktop/Top2/data/dataset_update_NaH/HN-HGJ-085+S29Ag+MOS_48728.npz,1.048,1.105
HN-HGJ-085,S2A4Ac,TRUE,2,1,train,train,C:/Users/LT/Desktop/Top2/data/dataset_update_NaH/HN-HGJ-085+S2A4Ac+MOS_48728.npz,1.033,1.064
HN-HMR-001,S215Ag,FALSE,2,1,train,train,C:/Users/LT/Desktop/Top2/data/dataset_update_NaH/HN-HMR-001+S215Ag+MOS_35287.npz,1.034,1.051
HN-HMR-001,S29Ag,FALSE,2,1,train,train,C:/Users/LT/Desktop/Top2/data/dataset_update_NaH/HN-HMR-001+S29Ag+MOS_35287.npz,1.038,1.055
HN-HMR-001,S2A4Ac,TRUE,2,1,train,train,C:/Users/LT/Desktop/Top2/data/dataset_update_NaH/HN-HMR-001+S2A4Ac+MOS_35287.npz,1.032,1.048
HN-HMR-002,S215Ag,FALSE,2,1,train,train,C:/Users/LT/Desktop/Top2/data/dataset_update_NaH/HN-HMR-002+S215Ag+MOS_13469.npz,1.036,1.066
HN-HMR-002,S29Ag,FALSE,2,1,train,train,C:/Users/LT/Desktop/Top2/data/dataset_update_NaH/HN-HMR-002+S29Ag+MOS_13469.npz,1.036,1.066
HN-HMR-002,S2A4Ac,TRUE,2,1,train,train,C:/Users/LT/Desktop/Top2/data/dataset_update_NaH/HN-HMR-002+S2A4Ac+MOS_13469.npz,1.032,1.06
HN-HMR-004,S215Ag,FALSE,2,1,train,train,C:/Users/LT/Desktop/Top2/data/dataset_update_NaH/HN-HMR-004+S215Ag+MOS_43844.npz,1.032,1.051
HN-HMR-004,S29Ag,FALSE,2,1,train,train,C:/Users/LT/Desktop/Top2/data/dataset_update_NaH/HN-HMR-004+S29Ag+MOS_43844.npz,1.036,1.055
HN-HMR-004,S2A4Ac,TRUE,2,1,train,train,C:/Users/LT/Desktop/Top2/data/dataset_update_NaH/HN-HMR-004+S2A4Ac+MOS_43844.npz,1.03,1.048
HN-HMR-006,S2A4Ac,TRUE,2,1,train,train,C:/Users/LT/Desktop/Top2/data/dataset_update_NaH/HN-HMR-006+S2A4Ac+MOS_5313.npz,1.032,1.059
HN-HMR-007,S215Ag,FALSE,2,1,train,train,C:/Users/LT/Desktop/Top2/data/dataset_update_NaH/HN-HMR-007+S215Ag+MOS_38829.npz,1.052,1.074
HN-HMR-007,S29Ag,FALSE,2,1,train,train,C:/Users/LT/Desktop/Top2/data/dataset_update_NaH/HN-HMR-007+S29Ag+MOS_38829.npz,1.053,1.079
HN-HMR-007,S2A4Ac,TRUE,2,1,train,train,C:/Users/LT/Desktop/Top2/data/dataset_update_NaH/HN-HMR-007+S2A4Ac+MOS_38829.npz,1.055,1.075
HN-HMR-008,S215Ag,FALSE,2,1,train,train,C:/Users/LT/Desktop/Top2/data/dataset_update_NaH/HN-HMR-008+S215Ag+MOS_32464.npz,1.035,1.051
HN-HMR-008,S29Ag,FALSE,2,1,train,train,C:/Users/LT/Desktop/Top2/data/dataset_update_NaH/HN-HMR-008+S29Ag+MOS_32464.npz,1.032,1.054
HN-HMR-008,S2A4Ac,TRUE,2,1,train,train,C:/Users/LT/Desktop/Top2/data/dataset_update_NaH/HN-HMR-008+S2A4Ac+MOS_32464.npz,1.029,1.044
HN-HMR-010,S215Ag,FALSE,2,1,train,train,C:/Users/LT/Desktop/Top2/data/dataset_update_NaH/HN-HMR-010+S215Ag+MOS_32856.npz,1.03,1.045
HN-HMR-010,S29Ag,FALSE,2,1,train,train,C:/Users/LT/Desktop/Top2/data/dataset_update_NaH/HN-HMR-010+S29Ag+MOS_32856.npz,1.035,1.052
HN-HMR-010,S2A4Ac,TRUE,2,1,train,train,C:/Users/LT/Desktop/Top2/data/dataset_update_NaH/HN-HMR-010+S2A4Ac+MOS_32856.npz,1.032,1.049
HN-HMR-011,S215Ag,FALSE,2,1,train,train,C:/Users/LT/Desktop/Top2/data/dataset_update_NaH/HN-HMR-011+S215Ag+MOS_19872.npz,1.035,1.062
HN-HMR-011,S29Ag,FALSE,2,1,train,train,C:/Users/LT/Desktop/Top2/data/dataset_update_NaH/HN-HMR-011+S29Ag+MOS_19872.npz,1.035,1.062
HN-HMR-011,S2A4Ac,TRUE,2,1,train,train,C:/Users/LT/Desktop/Top2/data/dataset_update_NaH/HN-HMR-011+S2A4Ac+MOS_19872.npz,1.029,1.05
HN-HMR-012,S215Ag,FALSE,2,1,train,train,C:/Users/LT/Desktop/Top2/data/dataset_update_NaH/HN-HMR-012+S215Ag+MOS_37746.npz,1.043,1.061
HN-HMR-012,S29Ag,FALSE,2,1,train,train,C:/Users/LT/Desktop/Top2/data/dataset_update_NaH/HN-HMR-012+S29Ag+MOS_37746.npz,1.04,1.062
HN-HMR-012,S2A4Ac,TRUE,2,1,train,train,C:/Users/LT/Desktop/Top2/data/dataset_update_NaH/HN-HMR-012+S2A4Ac+MOS_37746.npz,1.036,1.046
HN-HMR-013,S215Ag,FALSE,2,1,train,train,C:/Users/LT/Desktop/Top2/data/dataset_update_NaH/HN-HMR-013+S215Ag+MOS_59782.npz,1.034,1.054
HN-HMR-013,S29Ag,FALSE,2,1,train,train,C:/Users/LT/Desktop/Top2/data/dataset_update_NaH/HN-HMR-013+S29Ag+MOS_59782.npz,1.039,1.058
HN-HMR-013,S2A4Ac,TRUE,2,1,train,train,C:/Users/LT/Desktop/Top2/data/dataset_update_NaH/HN-HMR-013+S2A4Ac+MOS_59782.npz,1.032,1.048
HN-HMR-014,S215Ag,FALSE,2,1,train,train,C:/Users/LT/Desktop/Top2/data/dataset_update_NaH/HN-HMR-014+S215Ag+MOS_4364.npz,1.026,1.04
HN-HMR-014,S29Ag,FALSE,2,1,train,train,C:/Users/LT/Desktop/Top2/data/dataset_update_NaH/HN-HMR-014+S29Ag+MOS_4364.npz,1.034,1.048
HN-HMR-016,S215Ag,FALSE,2,1,train,train,C:/Users/LT/Desktop/Top2/data/dataset_update_NaH/HN-HMR-016+S215Ag+MOS_17671.npz,1.046,1.074
HN-HMR-016,S29Ag,FALSE,2,1,train,train,C:/Users/LT/Desktop/Top2/data/dataset_update_NaH/HN-HMR-016+S29Ag+MOS_17671.npz,1.046,1.069
HN-HMR-016,S2A4Ac,TRUE,2,1,train,train,C:/Users/LT/Desktop/Top2/data/dataset_update_NaH/HN-HMR-016+S2A4Ac+MOS_17671.npz,1.039,1.063
HN-HMR-018,S215Ag,FALSE,2,1,train,train,C:/Users/LT/Desktop/Top2/data/dataset_update_NaH/HN-HMR-018+S215Ag+MOS_30197.npz,1.038,1.093
HN-HMR-018,S29Ag,FALSE,2,1,train,train,C:/Users/LT/Desktop/Top2/data/dataset_update_NaH/HN-HMR-018+S29Ag+MOS_30197.npz,1.043,1.072
HN-HMR-018,S2A4Ac,TRUE,2,1,train,train,C:/Users/LT/Desktop/Top2/data/dataset_update_NaH/HN-HMR-018+S2A4Ac+MOS_30197.npz,1.036,1.064
HN-HMR-019,S215Ag,FALSE,2,1,train,train,C:/Users/LT/Desktop/Top2/data/dataset_update_NaH/HN-HMR-019+S215Ag+MOS_3748.npz,1.039,1.051
HN-HMR-019,S29Ag,FALSE,2,1,train,train,C:/Users/LT/Desktop/Top2/data/dataset_update_NaH/HN-HMR-019+S29Ag+MOS_3748.npz,1.034,1.046
HN-HMR-019,S2A4Ac,TRUE,2,1,train,train,C:/Users/LT/Desktop/Top2/data/dataset_update_NaH/HN-HMR-019+S2A4Ac+MOS_3748.npz,1.027,1.036
HN-HMR-020,S215Ag,FALSE,2,1,train,train,C:/Users/LT/Desktop/Top2/data/dataset_update_NaH/HN-HMR-020+S215Ag+MOS_45360.npz,1.036,1.058
HN-HMR-020,S29Ag,FALSE,2,1,train,train,C:/Users/LT/Desktop/Top2/data/dataset_update_NaH/HN-HMR-020+S29Ag+MOS_45360.npz,1.035,1.053
HN-HMR-020,S2A4Ac,TRUE,2,1,train,train,C:/Users/LT/Desktop/Top2/data/dataset_update_NaH/HN-HMR-020+S2A4Ac+MOS_45360.npz,1.027,1.041
HN-HMR-021,S215Ag,FALSE,2,1,train,train,C:/Users/LT/Desktop/Top2/data/dataset_update_NaH/HN-HMR-021+S215Ag+MOS_22335.npz,1.038,1.061
HN-HMR-021,S29Ag,FALSE,2,1,train,train,C:/Users/LT/Desktop/Top2/data/dataset_update_NaH/HN-HMR-021+S29Ag+MOS_22335.npz,1.041,1.081
HN-HMR-021,S2A4Ac,TRUE,2,1,train,train,C:/Users/LT/Desktop/Top2/data/dataset_update_NaH/HN-HMR-021+S2A4Ac+MOS_22335.npz,1.033,1.057
HN-HMR-022,S215Ag,FALSE,2,1,train,train,C:/Users/LT/Desktop/Top2/data/dataset_update_NaH/HN-HMR-022+S215Ag+MOS_27215.npz,1.038,1.063
HN-HMR-022,S29Ag,FALSE,2,1,train,train,C:/Users/LT/Desktop/Top2/data/dataset_update_NaH/HN-HMR-022+S29Ag+MOS_27215.npz,1.046,1.077
HN-HMR-022,S2A4Ac,TRUE,2,1,train,train,C:/Users/LT/Desktop/Top2/data/dataset_update_NaH/HN-HMR-022+S2A4Ac+MOS_27215.npz,1.03,1.054
HN-HMR-024,S215Ag,FALSE,2,1,train,train,C:/Users/LT/Desktop/Top2/data/dataset_update_NaH/HN-HMR-024+S215Ag+MOS_16295.npz,1.03,1.057
HN-HMR-024,S29Ag,FALSE,2,1,train,train,C:/Users/LT/Desktop/Top2/data/dataset_update_NaH/HN-HMR-024+S29Ag+MOS_16295.npz,1.037,1.058
HN-HMR-024,S2A4Ac,TRUE,2,1,train,train,C:/Users/LT/Desktop/Top2/data/dataset_update_NaH/HN-HMR-024+S2A4Ac+MOS_16295.npz,1.032,1.076
HN-HMR-026,S215Ag,FALSE,2,1,train,train,C:/Users/LT/Desktop/Top2/data/dataset_update_NaH/HN-HMR-026+S215Ag+MOS_4398.npz,1.032,1.058
HN-HMR-026,S29Ag,FALSE,2,1,train,train,C:/Users/LT/Desktop/Top2/data/dataset_update_NaH/HN-HMR-026+S29Ag+MOS_4398.npz,1.038,1.057
HN-HMR-026,S2A4Ac,TRUE,2,1,train,train,C:/Users/LT/Desktop/Top2/data/dataset_update_NaH/HN-HMR-026+S2A4Ac+MOS_4398.npz,1.028,1.044
HN-HMR-027,S215Ag,FALSE,2,1,train,train,C:/Users/LT/Desktop/Top2/data/dataset_update_NaH/HN-HMR-027+S215Ag+MOS_41644.npz,1.037,1.088
HN-HMR-027,S29Ag,FALSE,2,1,train,train,C:/Users/LT/Desktop/Top2/data/dataset_update_NaH/HN-HMR-027+S29Ag+MOS_41644.npz,1.048,1.077
HN-HMR-027,S2A4Ac,TRUE,2,1,train,train,C:/Users/LT/Desktop/Top2/data/dataset_update_NaH/HN-HMR-027+S2A4Ac+MOS_41644.npz,1.041,1.084
HN-HMR-028,S215Ag,FALSE,2,1,train,train,C:/Users/LT/Desktop/Top2/data/dataset_update_NaH/HN-HMR-028+S215Ag+MOS_397.npz,1.033,1.074
HN-HMR-028,S29Ag,FALSE,2,1,train,train,C:/Users/LT/Desktop/Top2/data/dataset_update_NaH/HN-HMR-028+S29Ag+MOS_397.npz,1.034,1.064
HN-HMR-028,S2A4Ac,TRUE,2,1,train,train,C:/Users/LT/Desktop/Top2/data/dataset_update_NaH/HN-HMR-028+S2A4Ac+MOS_397.npz,1.028,1.046
HN-HMR-029,S215Ag,FALSE,2,1,train,train,C:/Users/LT/Desktop/Top2/data/dataset_update_NaH/HN-HMR-029+S215Ag+MOS_5260.npz,1.034,1.068
HN-HMR-029,S29Ag,FALSE,2,1,train,train,C:/Users/LT/Desktop/Top2/data/dataset_update_NaH/HN-HMR-029+S29Ag+MOS_5260.npz,1.036,1.055
HN-HMR-030,S215Ag,FALSE,2,1,train,train,C:/Users/LT/Desktop/Top2/data/dataset_update_NaH/HN-HMR-030+S215Ag+MOS_315.npz,1.031,1.052
HN-HMR-030,S29Ag,FALSE,2,1,train,train,C:/Users/LT/Desktop/Top2/data/dataset_update_NaH/HN-HMR-030+S29Ag+MOS_315.npz,1.036,1.067
HN-HMR-030,S2A4Ac,TRUE,2,1,train,train,C:/Users/LT/Desktop/Top2/data/dataset_update_NaH/HN-HMR-030+S2A4Ac+MOS_315.npz,1.027,1.051
HN-HMR-031,S215Ag,FALSE,2,1,train,train,C:/Users/LT/Desktop/Top2/data/dataset_update_NaH/HN-HMR-031+S215Ag+MOS_48277.npz,1.031,1.055
HN-HMR-031,S29Ag,FALSE,2,1,train,train,C:/Users/LT/Desktop/Top2/data/dataset_update_NaH/HN-HMR-031+S29Ag+MOS_48277.npz,1.035,1.056
HN-HMR-031,S2A4Ac,TRUE,2,1,train,train,C:/Users/LT/Desktop/Top2/data/dataset_update_NaH/HN-HMR-031+S2A4Ac+MOS_48277.npz,1.026,1.043
HN-HMR-032,S215Ag,FALSE,2,1,train,train,C:/Users/LT/Desktop/Top2/data/dataset_update_NaH/HN-HMR-032+S215Ag+MOS_57722.npz,1.036,1.058
HN-HMR-032,S29Ag,FALSE,2,1,train,train,C:/Users/LT/Desktop/Top2/data/dataset_update_NaH/HN-HMR-032+S29Ag+MOS_57722.npz,1.036,1.057
HN-HMR-032,S2A4Ac,TRUE,2,1,train,train,C:/Users/LT/Desktop/Top2/data/dataset_update_NaH/HN-HMR-032+S2A4Ac+MOS_57722.npz,1.027,1.058
HN-HMR-034,S215Ag,FALSE,2,1,train,train,C:/Users/LT/Desktop/Top2/data/dataset_update_NaH/HN-HMR-034+S215Ag+MOS_45753.npz,1.031,1.049
HN-HMR-034,S29Ag,FALSE,2,1,train,train,C:/Users/LT/Desktop/Top2/data/dataset_update_NaH/HN-HMR-034+S29Ag+MOS_45753.npz,1.036,1.051
HN-HMR-034,S2A4Ac,TRUE,2,1,train,train,C:/Users/LT/Desktop/Top2/data/dataset_update_NaH/HN-HMR-034+S2A4Ac+MOS_45753.npz,1.028,1.04
HNC_001,15Ag,FALSE,3,1,train,train,C:/Users/LT/Desktop/Top2/data/dataset_update_NaH/HNC_001+15Ag+MOS_25934.npz,1.041,1.076
HNC_001,9Ag,FALSE,3,1,train,train,C:/Users/LT/Desktop/Top2/data/dataset_update_NaH/HNC_001+9Ag+MOS_25934.npz,1.047,1.073
HNC_001,A4Ac,TRUE,3,1,train,train,C:/Users/LT/Desktop/Top2/data/dataset_update_NaH/HNC_001+A4Ac+MOS_25934.npz,1.041,1.072
HNC_003,15Ag,FALSE,3,1,train,train,C:/Users/LT/Desktop/Top2/data/dataset_update_NaH/HNC_003+15Ag+MOS_11857.npz,1.038,1.077
HNC_003,9Ag,FALSE,3,1,train,train,C:/Users/LT/Desktop/Top2/data/dataset_update_NaH/HNC_003+9Ag+MOS_11857.npz,1.039,1.074
HNC_003,A4Ac,TRUE,3,1,train,train,C:/Users/LT/Desktop/Top2/data/dataset_update_NaH/HNC_003+A4Ac+MOS_11857.npz,1.031,1.058
HNC_004,15Ag,FALSE,3,1,train,train,C:/Users/LT/Desktop/Top2/data/dataset_update_NaH/HNC_004+15Ag+MOS_11506.npz,1.039,1.066
HNC_004,9Ag,FALSE,3,1,train,train,C:/Users/LT/Desktop/Top2/data/dataset_update_NaH/HNC_004+9Ag+MOS_11506.npz,1.045,1.078
HNC_004,A4Ac,TRUE,3,1,train,train,C:/Users/LT/Desktop/Top2/data/dataset_update_NaH/HNC_004+A4Ac+MOS_11506.npz,1.032,1.057
HNC_005,15Ag,FALSE,3,1,train,train,C:/Users/LT/Desktop/Top2/data/dataset_update_NaH/HNC_005+15Ag+MOS_24770.npz,1.034,1.051
HNC_005,9Ag,FALSE,3,1,train,train,C:/Users/LT/Desktop/Top2/data/dataset_update_NaH/HNC_005+9Ag+MOS_24770.npz,1.046,1.073
HNC_005,A4Ac,TRUE,3,1,train,train,C:/Users/LT/Desktop/Top2/data/dataset_update_NaH/HNC_005+A4Ac+MOS_24770.npz,1.029,1.046
HNC_006,15Ag,FALSE,3,1,train,train,C:/Users/LT/Desktop/Top2/data/dataset_update_NaH/HNC_006+15Ag+MOS_4563.npz,1.034,1.044
HNC_006,9Ag,FALSE,3,1,train,train,C:/Users/LT/Desktop/Top2/data/dataset_update_NaH/HNC_006+9Ag+MOS_4563.npz,1.032,1.044
HNC_006,A4Ac,TRUE,3,1,train,train,C:/Users/LT/Desktop/Top2/data/dataset_update_NaH/HNC_006+A4Ac+MOS_4563.npz,1.029,1.039
HNC_007,15Ag,FALSE,3,1,train,train,C:/Users/LT/Desktop/Top2/data/dataset_update_NaH/HNC_007+15Ag+MOS_27129.npz,1.035,1.064
HNC_007,9Ag,FALSE,3,1,train,train,C:/Users/LT/Desktop/Top2/data/dataset_update_NaH/HNC_007+9Ag+MOS_27129.npz,1.037,1.059
HNC_007,A4Ac,TRUE,3,1,train,train,C:/Users/LT/Desktop/Top2/data/dataset_update_NaH/HNC_007+A4Ac+MOS_27129.npz,1.029,1.039
HNC_008,15Ag,FALSE,3,1,train,train,C:/Users/LT/Desktop/Top2/data/dataset_update_NaH/HNC_008+15Ag+MOS_42363.npz,1.028,1.035
HNC_008,9Ag,FALSE,3,1,train,train,C:/Users/LT/Desktop/Top2/data/dataset_update_NaH/HNC_008+9Ag+MOS_42363.npz,1.032,1.037
HNC_008,A4Ac,TRUE,3,1,train,train,C:/Users/LT/Desktop/Top2/data/dataset_update_NaH/HNC_008+A4Ac+MOS_42363.npz,1.026,1.03
HNC_009,15Ag,FALSE,3,1,train,train,C:/Users/LT/Desktop/Top2/data/dataset_update_NaH/HNC_009+15Ag+MOS_51704.npz,1.031,1.048
HNC_009,9Ag,FALSE,3,1,train,train,C:/Users/LT/Desktop/Top2/data/dataset_update_NaH/HNC_009+9Ag+MOS_51704.npz,1.033,1.053
HNC_009,A4Ac,TRUE,3,1,train,train,C:/Users/LT/Desktop/Top2/data/dataset_update_NaH/HNC_009+A4Ac+MOS_51704.npz,1.026,1.036
HNC_010,A4Ac,TRUE,3,1,train,train,C:/Users/LT/Desktop/Top2/data/dataset_update_NaH/HNC_010+A4Ac+MOS_16894.npz,1.044,1.101
HNC_011,15Ag,FALSE,3,1,train,train,C:/Users/LT/Desktop/Top2/data/dataset_update_NaH/HNC_011+15Ag+MOS_8184.npz,1.037,1.114
HNC_011,9Ag,FALSE,3,1,train,train,C:/Users/LT/Desktop/Top2/data/dataset_update_NaH/HNC_011+9Ag+MOS_8184.npz,1.042,1.079
HNC_011,A4Ac,TRUE,3,1,train,train,C:/Users/LT/Desktop/Top2/data/dataset_update_NaH/HNC_011+A4Ac+MOS_8184.npz,1.029,1.079
HNC_013,A4Ac,TRUE,3,1,train,train,C:/Users/LT/Desktop/Top2/data/dataset_update_NaH/HNC_013+A4Ac+MOS_50509.npz,1.043,1.136
HNC_014,15Ag,FALSE,3,1,train,train,C:/Users/LT/Desktop/Top2/data/dataset_update_NaH/HNC_014+15Ag+MOS_34208.npz,1.028,1.195
HNC_014,9Ag,FALSE,3,1,train,train,C:/Users/LT/Desktop/Top2/data/dataset_update_NaH/HNC_014+9Ag+MOS_34208.npz,1.031,1.155
HNC_014,A4Ac,TRUE,3,1,train,train,C:/Users/LT/Desktop/Top2/data/dataset_update_NaH/HNC_014+A4Ac+MOS_34208.npz,1.023,1.045
HNC_015,15Ag,FALSE,3,1,train,train,C:/Users/LT/Desktop/Top2/data/dataset_update_NaH/HNC_015+15Ag+MOS_50516.npz,1.027,1.048
HNC_015,9Ag,FALSE,3,1,train,train,C:/Users/LT/Desktop/Top2/data/dataset_update_NaH/HNC_015+9Ag+MOS_50516.npz,1.03,1.052
HNC_015,A4Ac,TRUE,3,1,train,train,C:/Users/LT/Desktop/Top2/data/dataset_update_NaH/HNC_015+A4Ac+MOS_50516.npz,1.027,1.043
HNC_016,9Ag,FALSE,3,1,train,train,C:/Users/LT/Desktop/Top2/data/dataset_update_NaH/HNC_016+9Ag+MOS_7877.npz,1.042,1.077
HNC_016,A4Ac,TRUE,3,1,train,train,C:/Users/LT/Desktop/Top2/data/dataset_update_NaH/HNC_016+A4Ac+MOS_7877.npz,1.034,1.053
HNC_017,15Ag,FALSE,3,1,train,train,C:/Users/LT/Desktop/Top2/data/dataset_update_NaH/HNC_017+15Ag+MOS_28119.npz,1.037,1.062
HNC_017,9Ag,FALSE,3,1,train,train,C:/Users/LT/Desktop/Top2/data/dataset_update_NaH/HNC_017+9Ag+MOS_28119.npz,1.036,1.062
HNC_017,A4Ac,TRUE,3,1,train,train,C:/Users/LT/Desktop/Top2/data/dataset_update_NaH/HNC_017+A4Ac+MOS_28119.npz,1.032,1.056
HNC_018,15Ag,FALSE,3,1,train,train,C:/Users/LT/Desktop/Top2/data/dataset_update_NaH/HNC_018+15Ag+MOS_48819.npz,1.033,1.063
HNC_018,9Ag,FALSE,3,1,train,train,C:/Users/LT/Desktop/Top2/data/dataset_update_NaH/HNC_018+9Ag+MOS_48819.npz,1.031,1.055
HNC_018,A4Ac,TRUE,3,1,train,train,C:/Users/LT/Desktop/Top2/data/dataset_update_NaH/HNC_018+A4Ac+MOS_48819.npz,1.029,1.052
HNC_019,15Ag,FALSE,3,1,train,train,C:/Users/LT/Desktop/Top2/data/dataset_update_NaH/HNC_019+15Ag+MOS_5955.npz,1.037,1.061
HNC_019,9Ag,FALSE,3,1,train,train,C:/Users/LT/Desktop/Top2/data/dataset_update_NaH/HNC_019+9Ag+MOS_5955.npz,1.035,1.072
HNC_019,A4Ac,TRUE,3,1,train,train,C:/Users/LT/Desktop/Top2/data/dataset_update_NaH/HNC_019+A4Ac+MOS_5955.npz,1.034,1.058
HNC_020,15Ag,FALSE,3,1,train,train,C:/Users/LT/Desktop/Top2/data/dataset_update_NaH/HNC_020+15Ag+MOS_0534.npz,1.041,1.092
HNC_020,9Ag,FALSE,3,1,train,train,C:/Users/LT/Desktop/Top2/data/dataset_update_NaH/HNC_020+9Ag+MOS_0534.npz,1.035,1.094
HNC_020,A4Ac,TRUE,3,1,train,train,C:/Users/LT/Desktop/Top2/data/dataset_update_NaH/HNC_020+A4Ac+MOS_0534.npz,1.032,1.056
HNC_023,15Ag,FALSE,3,1,train,train,C:/Users/LT/Desktop/Top2/data/dataset_update_NaH/HNC_023+15Ag+MOS_41560.npz,1.033,1.048
HNC_023,9Ag,FALSE,3,1,train,train,C:/Users/LT/Desktop/Top2/data/dataset_update_NaH/HNC_023+9Ag+MOS_41560.npz,1.041,1.061
HNC_023,A4Ac,TRUE,3,1,train,train,C:/Users/LT/Desktop/Top2/data/dataset_update_NaH/HNC_023+A4Ac+MOS_41560.npz,1.035,1.046
HNC_024,15Ag,FALSE,3,1,train,train,C:/Users/LT/Desktop/Top2/data/dataset_update_NaH/HNC_024+15Ag+MOS_17487.npz,1.043,1.091
HNC_024,9Ag,FALSE,3,1,train,train,C:/Users/LT/Desktop/Top2/data/dataset_update_NaH/HNC_024+9Ag+MOS_17487.npz,1.045,1.09
HNC_024,A4Ac,TRUE,3,1,train,train,C:/Users/LT/Desktop/Top2/data/dataset_update_NaH/HNC_024+A4Ac+MOS_17487.npz,1.034,1.056
HNC_025,15Ag,FALSE,3,1,train,train,C:/Users/LT/Desktop/Top2/data/dataset_update_NaH/HNC_025+15Ag+MOS_49777.npz,1.032,1.047
HNC_025,9Ag,FALSE,3,1,train,train,C:/Users/LT/Desktop/Top2/data/dataset_update_NaH/HNC_025+9Ag+MOS_49777.npz,1.036,1.066
HNC_025,A4Ac,TRUE,3,1,train,train,C:/Users/LT/Desktop/Top2/data/dataset_update_NaH/HNC_025+A4Ac+MOS_49777.npz,1.03,1.051
HNC_026,15Ag,FALSE,3,1,train,train,C:/Users/LT/Desktop/Top2/data/dataset_update_NaH/HNC_026+15Ag+MOS_58832.npz,1.041,1.078
HNC_026,9Ag,FALSE,3,1,train,train,C:/Users/LT/Desktop/Top2/data/dataset_update_NaH/HNC_026+9Ag+MOS_58832.npz,1.049,1.078
HNC_026,A4Ac,TRUE,3,1,train,train,C:/Users/LT/Desktop/Top2/data/dataset_update_NaH/HNC_026+A4Ac+MOS_58832.npz,1.038,1.071
HNC_027,A4Ac,TRUE,3,1,train,train,C:/Users/LT/Desktop/Top2/data/dataset_update_NaH/HNC_027+A4Ac+MOS_17377.npz,1.053,1.135
HNC_028,15Ag,FALSE,3,1,train,train,C:/Users/LT/Desktop/Top2/data/dataset_update_NaH/HNC_028+15Ag+MOS_31416.npz,1.03,1.046
HNC_028,9Ag,FALSE,3,1,train,train,C:/Users/LT/Desktop/Top2/data/dataset_update_NaH/HNC_028+9Ag+MOS_31416.npz,1.035,1.051
HNC_028,A4Ac,TRUE,3,1,train,train,C:/Users/LT/Desktop/Top2/data/dataset_update_NaH/HNC_028+A4Ac+MOS_31416.npz,1.029,1.046
HNC_029,15Ag,FALSE,3,1,train,train,C:/Users/LT/Desktop/Top2/data/dataset_update_NaH/HNC_029+15Ag+MOS_52132.npz,1.047,1.09
HNC_029,9Ag,FALSE,3,1,train,train,C:/Users/LT/Desktop/Top2/data/dataset_update_NaH/HNC_029+9Ag+MOS_52132.npz,1.053,1.125
HNC_029,A4Ac,TRUE,3,1,train,train,C:/Users/LT/Desktop/Top2/data/dataset_update_NaH/HNC_029+A4Ac+MOS_52132.npz,1.044,1.088
HNC_030,15Ag,FALSE,3,1,train,train,C:/Users/LT/Desktop/Top2/data/dataset_update_NaH/HNC_030+15Ag+MOS_3259.npz,1.037,1.064
HNC_030,9Ag,FALSE,3,1,train,train,C:/Users/LT/Desktop/Top2/data/dataset_update_NaH/HNC_030+9Ag+MOS_3259.npz,1.035,1.05
HNC_030,A4Ac,TRUE,3,1,train,train,C:/Users/LT/Desktop/Top2/data/dataset_update_NaH/HNC_030+A4Ac+MOS_3259.npz,1.029,1.043
HNC_031,15Ag,FALSE,3,1,train,train,C:/Users/LT/Desktop/Top2/data/dataset_update_NaH/HNC_031+15Ag+MOS_58298.npz,1.041,1.08
HNC_031,9Ag,FALSE,3,1,train,train,C:/Users/LT/Desktop/Top2/data/dataset_update_NaH/HNC_031+9Ag+MOS_58298.npz,1.041,1.071
HNC_031,A4Ac,TRUE,3,1,train,train,C:/Users/LT/Desktop/Top2/data/dataset_update_NaH/HNC_031+A4Ac+MOS_58298.npz,1.032,1.053
HNC_033,15Ag,FALSE,3,1,train,train,C:/Users/LT/Desktop/Top2/data/dataset_update_NaH/HNC_033+15Ag+MOS_1673.npz,1.04,1.096
HNC_033,9Ag,FALSE,3,1,train,train,C:/Users/LT/Desktop/Top2/data/dataset_update_NaH/HNC_033+9Ag+MOS_1673.npz,1.047,1.097
HNC_033,A4Ac,TRUE,3,1,train,train,C:/Users/LT/Desktop/Top2/data/dataset_update_NaH/HNC_033+A4Ac+MOS_1673.npz,1.037,1.085
HNC_034,15Ag,FALSE,3,1,train,train,C:/Users/LT/Desktop/Top2/data/dataset_update_NaH/HNC_034+15Ag+MOS_55214.npz,1.03,1.054
HNC_034,9Ag,FALSE,3,1,train,train,C:/Users/LT/Desktop/Top2/data/dataset_update_NaH/HNC_034+9Ag+MOS_55214.npz,1.033,1.072
HNC_034,A4Ac,TRUE,3,1,train,train,C:/Users/LT/Desktop/Top2/data/dataset_update_NaH/HNC_034+A4Ac+MOS_55214.npz,1.029,1.047
HNC_035,15Ag,FALSE,3,1,train,train,C:/Users/LT/Desktop/Top2/data/dataset_update_NaH/HNC_035+15Ag+MOS_4424.npz,1.035,1.061
HNC_035,9Ag,FALSE,3,1,train,train,C:/Users/LT/Desktop/Top2/data/dataset_update_NaH/HNC_035+9Ag+MOS_4424.npz,1.035,1.061
HNC_035,A4Ac,TRUE,3,1,train,train,C:/Users/LT/Desktop/Top2/data/dataset_update_NaH/HNC_035+A4Ac+MOS_4424.npz,1.03,1.045
HNC_036,15Ag,FALSE,3,1,train,train,C:/Users/LT/Desktop/Top2/data/dataset_update_NaH/HNC_036+15Ag+MOS_5986.npz,1.033,1.057
HNC_036,9Ag,FALSE,3,1,train,train,C:/Users/LT/Desktop/Top2/data/dataset_update_NaH/HNC_036+9Ag+MOS_5986.npz,1.036,1.056
HNC_036,A4Ac,TRUE,3,1,train,train,C:/Users/LT/Desktop/Top2/data/dataset_update_NaH/HNC_036+A4Ac+MOS_5986.npz,1.029,1.046
HNC_037,15Ag,FALSE,3,1,train,train,C:/Users/LT/Desktop/Top2/data/dataset_update_NaH/HNC_037+15Ag+MOS_37907.npz,1.038,1.056
HNC_037,9Ag,FALSE,3,1,train,train,C:/Users/LT/Desktop/Top2/data/dataset_update_NaH/HNC_037+9Ag+MOS_37907.npz,1.033,1.048
HNC_037,A4Ac,TRUE,3,1,train,train,C:/Users/LT/Desktop/Top2/data/dataset_update_NaH/HNC_037+A4Ac+MOS_37907.npz,1.025,1.061
HNC_038,15Ag,FALSE,3,1,train,train,C:/Users/LT/Desktop/Top2/data/dataset_update_NaH/HNC_038+15Ag+MOS_18547.npz,1.036,1.08
HNC_038,9Ag,FALSE,3,1,train,train,C:/Users/LT/Desktop/Top2/data/dataset_update_NaH/HNC_038+9Ag+MOS_18547.npz,1.04,1.083
HNC_038,A4Ac,TRUE,3,1,train,train,C:/Users/LT/Desktop/Top2/data/dataset_update_NaH/HNC_038+A4Ac+MOS_18547.npz,1.028,1.051
HNC_039,15Ag,FALSE,3,1,train,train,C:/Users/LT/Desktop/Top2/data/dataset_update_NaH/HNC_039+15Ag+MOS_29684.npz,1.036,1.059
HNC_039,9Ag,FALSE,3,1,train,train,C:/Users/LT/Desktop/Top2/data/dataset_update_NaH/HNC_039+9Ag+MOS_29684.npz,1.039,1.065
HNC_039,A4Ac,TRUE,3,1,train,train,C:/Users/LT/Desktop/Top2/data/dataset_update_NaH/HNC_039+A4Ac+MOS_29684.npz,1.03,1.052
HNC_040,15Ag,FALSE,3,1,train,train,C:/Users/LT/Desktop/Top2/data/dataset_update_NaH/HNC_040+15Ag+MOS_25208.npz,1.031,1.054
HNC_040,9Ag,FALSE,3,1,train,train,C:/Users/LT/Desktop/Top2/data/dataset_update_NaH/HNC_040+9Ag+MOS_25208.npz,1.033,1.055
HNC_040,A4Ac,TRUE,3,1,train,train,C:/Users/LT/Desktop/Top2/data/dataset_update_NaH/HNC_040+A4Ac+MOS_25208.npz,1.029,1.042
HNC_041,15Ag,FALSE,3,1,train,train,C:/Users/LT/Desktop/Top2/data/dataset_update_NaH/HNC_041+15Ag+MOS_52522.npz,1.03,1.059
HNC_041,9Ag,FALSE,3,1,train,train,C:/Users/LT/Desktop/Top2/data/dataset_update_NaH/HNC_041+9Ag+MOS_52522.npz,1.034,1.061
HNC_041,A4Ac,TRUE,3,1,train,train,C:/Users/LT/Desktop/Top2/data/dataset_update_NaH/HNC_041+A4Ac+MOS_52522.npz,1.031,1.063
HNC_043,15Ag,FALSE,3,1,train,train,C:/Users/LT/Desktop/Top2/data/dataset_update_NaH/HNC_043+15Ag+MOS_24823.npz,1.063,1.086
HNC_043,9Ag,FALSE,3,1,train,train,C:/Users/LT/Desktop/Top2/data/dataset_update_NaH/HNC_043+9Ag+MOS_24823.npz,1.07,1.103
HNC_043,A4Ac,TRUE,3,1,train,train,C:/Users/LT/Desktop/Top2/data/dataset_update_NaH/HNC_043+A4Ac+MOS_24823.npz,1.073,1.096
HNC_045,15Ag,FALSE,3,1,train,train,C:/Users/LT/Desktop/Top2/data/dataset_update_NaH/HNC_045+15Ag+MOS_39737.npz,1.029,1.043
HNC_045,9Ag,FALSE,3,1,train,train,C:/Users/LT/Desktop/Top2/data/dataset_update_NaH/HNC_045+9Ag+MOS_39737.npz,1.03,1.056
HNC_045,A4Ac,TRUE,3,1,train,train,C:/Users/LT/Desktop/Top2/data/dataset_update_NaH/HNC_045+A4Ac+MOS_39737.npz,1.029,1.046
HNC_047,15Ag,FALSE,3,1,train,train,C:/Users/LT/Desktop/Top2/data/dataset_update_NaH/HNC_047+15Ag+MOS_45100.npz,1.037,1.071
HNC_047,9Ag,FALSE,3,1,train,train,C:/Users/LT/Desktop/Top2/data/dataset_update_NaH/HNC_047+9Ag+MOS_45100.npz,1.041,1.089
HNC_047,A4Ac,TRUE,3,1,train,train,C:/Users/LT/Desktop/Top2/data/dataset_update_NaH/HNC_047+A4Ac+MOS_45100.npz,1.028,1.045
HNC_049,15Ag,FALSE,3,1,train,train,C:/Users/LT/Desktop/Top2/data/dataset_update_NaH/HNC_049+15Ag+MOS_38145.npz,1.036,1.078
HNC_049,9Ag,FALSE,3,1,train,train,C:/Users/LT/Desktop/Top2/data/dataset_update_NaH/HNC_049+9Ag+MOS_38145.npz,1.037,1.07
HNC_049,A4Ac,TRUE,3,1,train,train,C:/Users/LT/Desktop/Top2/data/dataset_update_NaH/HNC_049+A4Ac+MOS_38145.npz,1.034,1.054
HNC_051,15Ag,FALSE,3,1,train,train,C:/Users/LT/Desktop/Top2/data/dataset_update_NaH/HNC_051+15Ag+MOS_47495.npz,1.048,1.075
HNC_051,9Ag,FALSE,3,1,train,train,C:/Users/LT/Desktop/Top2/data/dataset_update_NaH/HNC_051+9Ag+MOS_47495.npz,1.048,1.087
HNC_051,A4Ac,TRUE,3,1,train,train,C:/Users/LT/Desktop/Top2/data/dataset_update_NaH/HNC_051+A4Ac+MOS_47495.npz,1.03,1.046
HNC_053,15Ag,FALSE,3,1,train,train,C:/Users/LT/Desktop/Top2/data/dataset_update_NaH/HNC_053+15Ag+MOS_6535.npz,1.035,1.07
HNC_053,9Ag,FALSE,3,1,train,train,C:/Users/LT/Desktop/Top2/data/dataset_update_NaH/HNC_053+9Ag+MOS_6535.npz,1.037,1.066
HNC_053,A4Ac,TRUE,3,1,train,train,C:/Users/LT/Desktop/Top2/data/dataset_update_NaH/HNC_053+A4Ac+MOS_6535.npz,1.033,1.074
HNC_054,15Ag,FALSE,3,1,train,train,C:/Users/LT/Desktop/Top2/data/dataset_update_NaH/HNC_054+15Ag+MOS_55962.npz,1.035,1.056
HNC_054,9Ag,FALSE,3,1,train,train,C:/Users/LT/Desktop/Top2/data/dataset_update_NaH/HNC_054+9Ag+MOS_55962.npz,1.039,1.067
HNC_054,A4Ac,TRUE,3,1,train,train,C:/Users/LT/Desktop/Top2/data/dataset_update_NaH/HNC_054+A4Ac+MOS_55962.npz,1.03,1.065
HNC_056,15Ag,FALSE,3,1,train,train,C:/Users/LT/Desktop/Top2/data/dataset_update_NaH/HNC_056+15Ag+MOS_37663.npz,1.03,1.047
HNC_056,9Ag,FALSE,3,1,train,train,C:/Users/LT/Desktop/Top2/data/dataset_update_NaH/HNC_056+9Ag+MOS_37663.npz,1.033,1.047
HNC_056,A4Ac,TRUE,3,1,train,train,C:/Users/LT/Desktop/Top2/data/dataset_update_NaH/HNC_056+A4Ac+MOS_37663.npz,1.027,1.043
HNC_057,15Ag,FALSE,3,1,train,train,C:/Users/LT/Desktop/Top2/data/dataset_update_NaH/HNC_057+15Ag+MOS_13203.npz,1.037,1.067
HNC_057,9Ag,FALSE,3,1,train,train,C:/Users/LT/Desktop/Top2/data/dataset_update_NaH/HNC_057+9Ag+MOS_13203.npz,1.038,1.057
HNC_057,A4Ac,TRUE,3,1,train,train,C:/Users/LT/Desktop/Top2/data/dataset_update_NaH/HNC_057+A4Ac+MOS_13203.npz,1.036,1.057
HNC_058,15Ag,FALSE,3,1,train,train,C:/Users/LT/Desktop/Top2/data/dataset_update_NaH/HNC_058+15Ag+MOS_57122.npz,1.038,1.065
HNC_058,9Ag,FALSE,3,1,train,train,C:/Users/LT/Desktop/Top2/data/dataset_update_NaH/HNC_058+9Ag+MOS_57122.npz,1.041,1.073
HNC_058,A4Ac,TRUE,3,1,train,train,C:/Users/LT/Desktop/Top2/data/dataset_update_NaH/HNC_058+A4Ac+MOS_57122.npz,1.035,1.062
HNC_059,15Ag,FALSE,3,1,train,train,C:/Users/LT/Desktop/Top2/data/dataset_update_NaH/HNC_059+15Ag+MOS_39644.npz,1.033,1.051
HNC_059,9Ag,FALSE,3,1,train,train,C:/Users/LT/Desktop/Top2/data/dataset_update_NaH/HNC_059+9Ag+MOS_39644.npz,1.035,1.056
HNC_059,A4Ac,TRUE,3,1,train,train,C:/Users/LT/Desktop/Top2/data/dataset_update_NaH/HNC_059+A4Ac+MOS_39644.npz,1.033,1.048
HNC_060,15Ag,FALSE,3,1,train,train,C:/Users/LT/Desktop/Top2/data/dataset_update_NaH/HNC_060+15Ag+MOS_46253.npz,1.031,1.041
HNC_060,9Ag,FALSE,3,1,train,train,C:/Users/LT/Desktop/Top2/data/dataset_update_NaH/HNC_060+9Ag+MOS_46253.npz,1.03,1.041
HNC_060,A4Ac,TRUE,3,1,train,train,C:/Users/LT/Desktop/Top2/data/dataset_update_NaH/HNC_060+A4Ac+MOS_46253.npz,1.032,1.043
HNC_061,15Ag,FALSE,3,1,train,train,C:/Users/LT/Desktop/Top2/data/dataset_update_NaH/HNC_061+15Ag+MOS_32812.npz,1.03,1.041
HNC_061,9Ag,FALSE,3,1,train,train,C:/Users/LT/Desktop/Top2/data/dataset_update_NaH/HNC_061+9Ag+MOS_32812.npz,1.03,1.042
HNC_061,A4Ac,TRUE,3,1,train,train,C:/Users/LT/Desktop/Top2/data/dataset_update_NaH/HNC_061+A4Ac+MOS_32812.npz,1.025,1.032
HNC_063,15Ag,FALSE,3,1,train,train,C:/Users/LT/Desktop/Top2/data/dataset_update_NaH/HNC_063+15Ag+MOS_34342.npz,1.029,1.046
HNC_063,9Ag,FALSE,3,1,train,train,C:/Users/LT/Desktop/Top2/data/dataset_update_NaH/HNC_063+9Ag+MOS_34342.npz,1.03,1.046
HNC_063,A4Ac,TRUE,3,1,train,train,C:/Users/LT/Desktop/Top2/data/dataset_update_NaH/HNC_063+A4Ac+MOS_34342.npz,1.03,1.045
HNC_064,15Ag,FALSE,3,1,train,train,C:/Users/LT/Desktop/Top2/data/dataset_update_NaH/HNC_064+15Ag+MOS_20538.npz,1.033,1.057
HNC_064,9Ag,FALSE,3,1,train,train,C:/Users/LT/Desktop/Top2/data/dataset_update_NaH/HNC_064+9Ag+MOS_20538.npz,1.037,1.072
HNC_064,A4Ac,TRUE,3,1,train,train,C:/Users/LT/Desktop/Top2/data/dataset_update_NaH/HNC_064+A4Ac+MOS_20538.npz,1.031,1.059
HNC_065,15Ag,FALSE,3,1,train,train,C:/Users/LT/Desktop/Top2/data/dataset_update_NaH/HNC_065+15Ag+MOS_33990.npz,1.029,1.046
HNC_065,9Ag,FALSE,3,1,train,train,C:/Users/LT/Desktop/Top2/data/dataset_update_NaH/HNC_065+9Ag+MOS_33990.npz,1.032,1.051
HNC_065,A4Ac,TRUE,3,1,train,train,C:/Users/LT/Desktop/Top2/data/dataset_update_NaH/HNC_065+A4Ac+MOS_33990.npz,1.03,1.041
HNC_066,15Ag,FALSE,3,1,train,train,C:/Users/LT/Desktop/Top2/data/dataset_update_NaH/HNC_066+15Ag+MOS_23534.npz,1.037,1.068
HNC_066,9Ag,FALSE,3,1,train,train,C:/Users/LT/Desktop/Top2/data/dataset_update_NaH/HNC_066+9Ag+MOS_23534.npz,1.034,1.058
HNC_066,A4Ac,TRUE,3,1,train,train,C:/Users/LT/Desktop/Top2/data/dataset_update_NaH/HNC_066+A4Ac+MOS_23534.npz,1.032,1.06
HNC_067,15Ag,FALSE,3,1,train,train,C:/Users/LT/Desktop/Top2/data/dataset_update_NaH/HNC_067+15Ag+MOS_21238.npz,1.033,1.062
HNC_067,9Ag,FALSE,3,1,train,train,C:/Users/LT/Desktop/Top2/data/dataset_update_NaH/HNC_067+9Ag+MOS_21238.npz,1.038,1.065
HNC_067,A4Ac,TRUE,3,1,train,train,C:/Users/LT/Desktop/Top2/data/dataset_update_NaH/HNC_067+A4Ac+MOS_21238.npz,1.031,1.054
HNC_068,15Ag,FALSE,3,1,train,train,C:/Users/LT/Desktop/Top2/data/dataset_update_NaH/HNC_068+15Ag+MOS_25295.npz,1.056,1.118
HNC_068,9Ag,FALSE,3,1,train,train,C:/Users/LT/Desktop/Top2/data/dataset_update_NaH/HNC_068+9Ag+MOS_25295.npz,1.049,1.135
HNC_068,A4Ac,TRUE,3,1,train,train,C:/Users/LT/Desktop/Top2/data/dataset_update_NaH/HNC_068+A4Ac+MOS_25295.npz,1.035,1.095
HNC_069,15Ag,FALSE,3,1,train,train,C:/Users/LT/Desktop/Top2/data/dataset_update_NaH/HNC_069+15Ag+MOS_7337.npz,1.028,1.046
HNC_069,A4Ac,TRUE,3,1,train,train,C:/Users/LT/Desktop/Top2/data/dataset_update_NaH/HNC_069+A4Ac+MOS_7337.npz,1.027,1.039
HNC_074,15Ag,FALSE,3,1,train,train,C:/Users/LT/Desktop/Top2/data/dataset_update_NaH/HNC_074+15Ag+MOS_50325.npz,1.039,1.082
HNC_074,9Ag,FALSE,3,1,train,train,C:/Users/LT/Desktop/Top2/data/dataset_update_NaH/HNC_074+9Ag+MOS_50325.npz,1.038,1.081
HNC_074,A4Ac,TRUE,3,1,train,train,C:/Users/LT/Desktop/Top2/data/dataset_update_NaH/HNC_074+A4Ac+MOS_50325.npz,1.032,1.058
HNC_075,15Ag,FALSE,3,1,train,train,C:/Users/LT/Desktop/Top2/data/dataset_update_NaH/HNC_075+15Ag+MOS_42403.npz,1.035,1.051
HNC_075,9Ag,FALSE,3,1,train,train,C:/Users/LT/Desktop/Top2/data/dataset_update_NaH/HNC_075+9Ag+MOS_42403.npz,1.038,1.049
HNC_075,A4Ac,TRUE,3,1,train,train,C:/Users/LT/Desktop/Top2/data/dataset_update_NaH/HNC_075+A4Ac+MOS_42403.npz,1.026,1.044
HNC_077,15Ag,FALSE,3,1,train,train,C:/Users/LT/Desktop/Top2/data/dataset_update_NaH/HNC_077+15Ag+MOS_34560.npz,1.045,1.148
HNC_077,9Ag,FALSE,3,1,train,train,C:/Users/LT/Desktop/Top2/data/dataset_update_NaH/HNC_077+9Ag+MOS_34560.npz,1.052,1.214
HNC_077,A4Ac,TRUE,3,1,train,train,C:/Users/LT/Desktop/Top2/data/dataset_update_NaH/HNC_077+A4Ac+MOS_34560.npz,1.034,1.104
HNC_078,15Ag,FALSE,3,1,train,train,C:/Users/LT/Desktop/Top2/data/dataset_update_NaH/HNC_078+15Ag+MOS_3752.npz,1.031,1.051
HNC_078,9Ag,FALSE,3,1,train,train,C:/Users/LT/Desktop/Top2/data/dataset_update_NaH/HNC_078+9Ag+MOS_3752.npz,1.028,1.045
HNC_078,A4Ac,TRUE,3,1,train,train,C:/Users/LT/Desktop/Top2/data/dataset_update_NaH/HNC_078+A4Ac+MOS_3752.npz,1.026,1.039
HNC_079,15Ag,FALSE,3,1,train,train,C:/Users/LT/Desktop/Top2/data/dataset_update_NaH/HNC_079+15Ag+MOS_38235.npz,1.037,1.062
HNC_079,9Ag,FALSE,3,1,train,train,C:/Users/LT/Desktop/Top2/data/dataset_update_NaH/HNC_079+9Ag+MOS_38235.npz,1.042,1.067
HNC_079,A4Ac,TRUE,3,1,train,train,C:/Users/LT/Desktop/Top2/data/dataset_update_NaH/HNC_079+A4Ac+MOS_38235.npz,1.032,1.055
HNC_080,15Ag,FALSE,3,1,train,train,C:/Users/LT/Desktop/Top2/data/dataset_update_NaH/HNC_080+15Ag+MOS_10526.npz,1.027,1.049
HNC_080,9Ag,FALSE,3,1,train,train,C:/Users/LT/Desktop/Top2/data/dataset_update_NaH/HNC_080+9Ag+MOS_10526.npz,1.033,1.046
HNC_080,A4Ac,TRUE,3,1,train,train,C:/Users/LT/Desktop/Top2/data/dataset_update_NaH/HNC_080+A4Ac+MOS_10526.npz,1.025,1.043
HNC_081,15Ag,FALSE,3,1,train,train,C:/Users/LT/Desktop/Top2/data/dataset_update_NaH/HNC_081+15Ag+MOS_34194.npz,1.031,1.044
HNC_081,9Ag,FALSE,3,1,train,train,C:/Users/LT/Desktop/Top2/data/dataset_update_NaH/HNC_081+9Ag+MOS_34194.npz,1.032,1.045
HNC_081,A4Ac,TRUE,3,1,train,train,C:/Users/LT/Desktop/Top2/data/dataset_update_NaH/HNC_081+A4Ac+MOS_34194.npz,1.032,1.049
HNC_084,15Ag,FALSE,3,1,train,train,C:/Users/LT/Desktop/Top2/data/dataset_update_NaH/HNC_084+15Ag+MOS_28826.npz,1.028,1.043
HNC_084,9Ag,FALSE,3,1,train,train,C:/Users/LT/Desktop/Top2/data/dataset_update_NaH/HNC_084+9Ag+MOS_28826.npz,1.029,1.045
HNC_084,A4Ac,TRUE,3,1,train,train,C:/Users/LT/Desktop/Top2/data/dataset_update_NaH/HNC_084+A4Ac+MOS_28826.npz,1.026,1.036
HNC_085,15Ag,FALSE,3,1,train,train,C:/Users/LT/Desktop/Top2/data/dataset_update_NaH/HNC_085+15Ag+MOS_2010.npz,1.036,1.062
HNC_085,9Ag,FALSE,3,1,train,train,C:/Users/LT/Desktop/Top2/data/dataset_update_NaH/HNC_085+9Ag+MOS_2010.npz,1.038,1.065
HNC_085,A4Ac,TRUE,3,1,train,train,C:/Users/LT/Desktop/Top2/data/dataset_update_NaH/HNC_085+A4Ac+MOS_2010.npz,1.028,1.048
HNC_086,15Ag,FALSE,3,1,train,train,C:/Users/LT/Desktop/Top2/data/dataset_update_NaH/HNC_086+15Ag+MOS_41309.npz,1.037,1.067
HNC_086,9Ag,FALSE,3,1,train,train,C:/Users/LT/Desktop/Top2/data/dataset_update_NaH/HNC_086+9Ag+MOS_41309.npz,1.037,1.066
HNC_086,A4Ac,TRUE,3,1,train,train,C:/Users/LT/Desktop/Top2/data/dataset_update_NaH/HNC_086+A4Ac+MOS_41309.npz,1.034,1.053
HNC_087,15Ag,FALSE,3,1,train,train,C:/Users/LT/Desktop/Top2/data/dataset_update_NaH/HNC_087+15Ag+MOS_23615.npz,1.032,1.047
HNC_087,9Ag,FALSE,3,1,train,train,C:/Users/LT/Desktop/Top2/data/dataset_update_NaH/HNC_087+9Ag+MOS_23615.npz,1.031,1.051
HNC_087,A4Ac,TRUE,3,1,train,train,C:/Users/LT/Desktop/Top2/data/dataset_update_NaH/HNC_087+A4Ac+MOS_23615.npz,1.027,1.044
HNC_089,15Ag,FALSE,3,1,train,train,C:/Users/LT/Desktop/Top2/data/dataset_update_NaH/HNC_089+15Ag+MOS_58858.npz,1.034,1.052
HNC_089,9Ag,FALSE,3,1,train,train,C:/Users/LT/Desktop/Top2/data/dataset_update_NaH/HNC_089+9Ag+MOS_58858.npz,1.034,1.05
HNC_089,A4Ac,TRUE,3,1,train,train,C:/Users/LT/Desktop/Top2/data/dataset_update_NaH/HNC_089+A4Ac+MOS_58858.npz,1.031,1.04
HNC_090,15Ag,FALSE,3,1,train,train,C:/Users/LT/Desktop/Top2/data/dataset_update_NaH/HNC_090+15Ag+MOS_56440.npz,1.029,1.05
HNC_090,9Ag,FALSE,3,1,train,train,C:/Users/LT/Desktop/Top2/data/dataset_update_NaH/HNC_090+9Ag+MOS_56440.npz,1.035,1.05
HNC_090,A4Ac,TRUE,3,1,train,train,C:/Users/LT/Desktop/Top2/data/dataset_update_NaH/HNC_090+A4Ac+MOS_56440.npz,1.028,1.045
HNC_091,A4Ac,TRUE,3,1,train,train,C:/Users/LT/Desktop/Top2/data/dataset_update_NaH/HNC_091+A4Ac+MOS_4920.npz,1.041,1.075
HNC_094,15Ag,FALSE,3,1,train,train,C:/Users/LT/Desktop/Top2/data/dataset_update_NaH/HNC_094+15Ag+MOS_36428.npz,1.04,1.067
HNC_094,9Ag,FALSE,3,1,train,train,C:/Users/LT/Desktop/Top2/data/dataset_update_NaH/HNC_094+9Ag+MOS_36428.npz,1.045,1.07
HNC_094,A4Ac,TRUE,3,1,train,train,C:/Users/LT/Desktop/Top2/data/dataset_update_NaH/HNC_094+A4Ac+MOS_36428.npz,1.037,1.063
HNC_095,15Ag,FALSE,3,1,train,train,C:/Users/LT/Desktop/Top2/data/dataset_update_NaH/HNC_095+15Ag+MOS_22308.npz,1.029,1.053
HNC_095,9Ag,FALSE,3,1,train,train,C:/Users/LT/Desktop/Top2/data/dataset_update_NaH/HNC_095+9Ag+MOS_22308.npz,1.032,1.047
HNC_095,A4Ac,TRUE,3,1,train,train,C:/Users/LT/Desktop/Top2/data/dataset_update_NaH/HNC_095+A4Ac+MOS_22308.npz,1.033,1.044
HNC_096,15Ag,FALSE,3,1,train,train,C:/Users/LT/Desktop/Top2/data/dataset_update_NaH/HNC_096+15Ag+MOS_28516.npz,1.038,1.06
HNC_096,9Ag,FALSE,3,1,train,train,C:/Users/LT/Desktop/Top2/data/dataset_update_NaH/HNC_096+9Ag+MOS_28516.npz,1.039,1.064
HNC_097,15Ag,FALSE,3,1,train,train,C:/Users/LT/Desktop/Top2/data/dataset_update_NaH/HNC_097+15Ag+MOS_19773.npz,1.043,1.089
HNC_097,9Ag,FALSE,3,1,train,train,C:/Users/LT/Desktop/Top2/data/dataset_update_NaH/HNC_097+9Ag+MOS_19773.npz,1.04,1.095
HNC_097,A4Ac,TRUE,3,1,train,train,C:/Users/LT/Desktop/Top2/data/dataset_update_NaH/HNC_097+A4Ac+MOS_19773.npz,1.03,1.067
HNC_098,15Ag,FALSE,3,1,train,train,C:/Users/LT/Desktop/Top2/data/dataset_update_NaH/HNC_098+15Ag+MOS_56643.npz,1.033,1.065
HNC_098,9Ag,FALSE,3,1,train,train,C:/Users/LT/Desktop/Top2/data/dataset_update_NaH/HNC_098+9Ag+MOS_56643.npz,1.043,1.091
HNC_098,A4Ac,TRUE,3,1,train,train,C:/Users/LT/Desktop/Top2/data/dataset_update_NaH/HNC_098+A4Ac+MOS_56643.npz,1.03,1.06
HNC_100,15Ag,FALSE,3,1,train,train,C:/Users/LT/Desktop/Top2/data/dataset_update_NaH/HNC_100+15Ag+MOS_22354.npz,1.032,1.044
HNC_100,9Ag,FALSE,3,1,train,train,C:/Users/LT/Desktop/Top2/data/dataset_update_NaH/HNC_100+9Ag+MOS_22354.npz,1.035,1.046
HNC_100,A4Ac,TRUE,3,1,train,train,C:/Users/LT/Desktop/Top2/data/dataset_update_NaH/HNC_100+A4Ac+MOS_22354.npz,1.031,1.04
HNC_101,15Ag,FALSE,3,1,train,train,C:/Users/LT/Desktop/Top2/data/dataset_update_NaH/HNC_101+15Ag+MOS_28181.npz,1.036,1.068
HNC_101,9Ag,FALSE,3,1,train,train,C:/Users/LT/Desktop/Top2/data/dataset_update_NaH/HNC_101+9Ag+MOS_28181.npz,1.04,1.062
HNC_101,A4Ac,TRUE,3,1,train,train,C:/Users/LT/Desktop/Top2/data/dataset_update_NaH/HNC_101+A4Ac+MOS_28181.npz,1.03,1.047
HNC_102,15Ag,FALSE,3,1,train,train,C:/Users/LT/Desktop/Top2/data/dataset_update_NaH/HNC_102+15Ag+MOS_23530.npz,1.042,1.064
HNC_102,9Ag,FALSE,3,1,train,train,C:/Users/LT/Desktop/Top2/data/dataset_update_NaH/HNC_102+9Ag+MOS_23530.npz,1.042,1.077
HNC_102,A4Ac,TRUE,3,1,train,train,C:/Users/LT/Desktop/Top2/data/dataset_update_NaH/HNC_102+A4Ac+MOS_23530.npz,1.032,1.055
HNC_104,15Ag,FALSE,3,1,train,train,C:/Users/LT/Desktop/Top2/data/dataset_update_NaH/HNC_104+15Ag+MOS_35906.npz,1.038,1.075
HNC_104,9Ag,FALSE,3,1,train,train,C:/Users/LT/Desktop/Top2/data/dataset_update_NaH/HNC_104+9Ag+MOS_35906.npz,1.039,1.087
HNC_105,A4Ac,TRUE,3,1,train,train,C:/Users/LT/Desktop/Top2/data/dataset_update_NaH/HNC_105+A4Ac+MOS_58691.npz,1.032,1.069
HNC_106,15Ag,FALSE,3,1,train,train,C:/Users/LT/Desktop/Top2/data/dataset_update_NaH/HNC_106+15Ag+MOS_17747.npz,1.029,1.052
HNC_106,9Ag,FALSE,3,1,train,train,C:/Users/LT/Desktop/Top2/data/dataset_update_NaH/HNC_106+9Ag+MOS_17747.npz,1.028,1.051
HNC_106,A4Ac,TRUE,3,1,train,train,C:/Users/LT/Desktop/Top2/data/dataset_update_NaH/HNC_106+A4Ac+MOS_17747.npz,1.026,1.045
HNC_107,15Ag,FALSE,3,1,train,train,C:/Users/LT/Desktop/Top2/data/dataset_update_NaH/HNC_107+15Ag+MOS_49283.npz,1.046,1.083
HNC_107,9Ag,FALSE,3,1,train,train,C:/Users/LT/Desktop/Top2/data/dataset_update_NaH/HNC_107+9Ag+MOS_49283.npz,1.052,1.096
HNC_107,A4Ac,TRUE,3,1,train,train,C:/Users/LT/Desktop/Top2/data/dataset_update_NaH/HNC_107+A4Ac+MOS_49283.npz,1.039,1.052
HNC_108,15Ag,FALSE,3,1,train,train,C:/Users/LT/Desktop/Top2/data/dataset_update_NaH/HNC_108+15Ag+MOS_33620.npz,1.032,1.056
HNC_108,9Ag,FALSE,3,1,train,train,C:/Users/LT/Desktop/Top2/data/dataset_update_NaH/HNC_108+9Ag+MOS_33620.npz,1.031,1.045
HNC_108,A4Ac,TRUE,3,1,train,train,C:/Users/LT/Desktop/Top2/data/dataset_update_NaH/HNC_108+A4Ac+MOS_33620.npz,1.03,1.053
HNC_109,15Ag,FALSE,3,1,train,train,C:/Users/LT/Desktop/Top2/data/dataset_update_NaH/HNC_109+15Ag+MOS_38169.npz,1.036,1.071
HNC_109,9Ag,FALSE,3,1,train,train,C:/Users/LT/Desktop/Top2/data/dataset_update_NaH/HNC_109+9Ag+MOS_38169.npz,1.041,1.08
HNC_109,A4Ac,TRUE,3,1,train,train,C:/Users/LT/Desktop/Top2/data/dataset_update_NaH/HNC_109+A4Ac+MOS_38169.npz,1.037,1.072
HNC_111,15Ag,FALSE,3,1,train,train,C:/Users/LT/Desktop/Top2/data/dataset_update_NaH/HNC_111+15Ag+MOS_57754.npz,1.038,1.059
HNC_111,9Ag,FALSE,3,1,train,train,C:/Users/LT/Desktop/Top2/data/dataset_update_NaH/HNC_111+9Ag+MOS_57754.npz,1.039,1.061
HNC_111,A4Ac,TRUE,3,1,train,train,C:/Users/LT/Desktop/Top2/data/dataset_update_NaH/HNC_111+A4Ac+MOS_57754.npz,1.028,1.05
HNC_112,15Ag,FALSE,3,1,train,train,C:/Users/LT/Desktop/Top2/data/dataset_update_NaH/HNC_112+15Ag+MOS_21291.npz,1.034,1.049
HNC_112,9Ag,FALSE,3,1,train,train,C:/Users/LT/Desktop/Top2/data/dataset_update_NaH/HNC_112+9Ag+MOS_21291.npz,1.044,1.057
HNC_112,A4Ac,TRUE,3,1,train,train,C:/Users/LT/Desktop/Top2/data/dataset_update_NaH/HNC_112+A4Ac+MOS_21291.npz,1.031,1.048
HNC_115,15Ag,FALSE,3,1,train,train,C:/Users/LT/Desktop/Top2/data/dataset_update_NaH/HNC_115+15Ag+MOS_34469.npz,1.032,1.056
HNC_115,9Ag,FALSE,3,1,train,train,C:/Users/LT/Desktop/Top2/data/dataset_update_NaH/HNC_115+9Ag+MOS_34469.npz,1.034,1.061
HNC_115,A4Ac,TRUE,3,1,train,train,C:/Users/LT/Desktop/Top2/data/dataset_update_NaH/HNC_115+A4Ac+MOS_34469.npz,1.03,1.053
HNC_116,15Ag,FALSE,3,1,train,train,C:/Users/LT/Desktop/Top2/data/dataset_update_NaH/HNC_116+15Ag+MOS_3748.npz,1.041,1.073
HNC_116,9Ag,FALSE,3,1,train,train,C:/Users/LT/Desktop/Top2/data/dataset_update_NaH/HNC_116+9Ag+MOS_3748.npz,1.038,1.063
HNC_116,A4Ac,TRUE,3,1,train,train,C:/Users/LT/Desktop/Top2/data/dataset_update_NaH/HNC_116+A4Ac+MOS_3748.npz,1.028,1.042
HNC_118,15Ag,FALSE,3,1,train,train,C:/Users/LT/Desktop/Top2/data/dataset_update_NaH/HNC_118+15Ag+MOS_52878.npz,1.038,1.072
HNC_118,9Ag,FALSE,3,1,train,train,C:/Users/LT/Desktop/Top2/data/dataset_update_NaH/HNC_118+9Ag+MOS_52878.npz,1.041,1.069
HNC_118,A4Ac,TRUE,3,1,train,train,C:/Users/LT/Desktop/Top2/data/dataset_update_NaH/HNC_118+A4Ac+MOS_52878.npz,1.04,1.067
HNC_119,15Ag,FALSE,3,1,train,train,C:/Users/LT/Desktop/Top2/data/dataset_update_NaH/HNC_119+15Ag+MOS_5136.npz,1.033,1.06
HNC_119,9Ag,FALSE,3,1,train,train,C:/Users/LT/Desktop/Top2/data/dataset_update_NaH/HNC_119+9Ag+MOS_5136.npz,1.041,1.076
HNC_119,A4Ac,TRUE,3,1,train,train,C:/Users/LT/Desktop/Top2/data/dataset_update_NaH/HNC_119+A4Ac+MOS_5136.npz,1.03,1.053
HNC_120,9Ag,FALSE,3,1,train,train,C:/Users/LT/Desktop/Top2/data/dataset_update_NaH/HNC_120+9Ag+MOS_58920.npz,1.042,1.094
HNC_120,A4Ac,TRUE,3,1,train,train,C:/Users/LT/Desktop/Top2/data/dataset_update_NaH/HNC_120+A4Ac+MOS_58920.npz,1.034,1.055
HNC_121,15Ag,FALSE,3,1,train,train,C:/Users/LT/Desktop/Top2/data/dataset_update_NaH/HNC_121+15Ag+MOS_42727.npz,1.037,1.078
HNC_121,9Ag,FALSE,3,1,train,train,C:/Users/LT/Desktop/Top2/data/dataset_update_NaH/HNC_121+9Ag+MOS_42727.npz,1.039,1.064
HNC_121,A4Ac,TRUE,3,1,train,train,C:/Users/LT/Desktop/Top2/data/dataset_update_NaH/HNC_121+A4Ac+MOS_42727.npz,1.035,1.065
HNC_122,15Ag,FALSE,3,1,train,train,C:/Users/LT/Desktop/Top2/data/dataset_update_NaH/HNC_122+15Ag+MOS_19765.npz,1.034,1.066
HNC_122,9Ag,FALSE,3,1,train,train,C:/Users/LT/Desktop/Top2/data/dataset_update_NaH/HNC_122+9Ag+MOS_19765.npz,1.033,1.057
HNC_122,A4Ac,TRUE,3,1,train,train,C:/Users/LT/Desktop/Top2/data/dataset_update_NaH/HNC_122+A4Ac+MOS_19765.npz,1.029,1.059
HNC_123,15Ag,FALSE,3,1,train,train,C:/Users/LT/Desktop/Top2/data/dataset_update_NaH/HNC_123+15Ag+MOS_58497.npz,1.045,1.08
HNC_123,9Ag,FALSE,3,1,train,train,C:/Users/LT/Desktop/Top2/data/dataset_update_NaH/HNC_123+9Ag+MOS_58497.npz,1.05,1.088
HNC_123,A4Ac,TRUE,3,1,train,train,C:/Users/LT/Desktop/Top2/data/dataset_update_NaH/HNC_123+A4Ac+MOS_58497.npz,1.031,1.049
HNC_126,15Ag,FALSE,3,1,train,train,C:/Users/LT/Desktop/Top2/data/dataset_update_NaH/HNC_126+15Ag+MOS_2208.npz,1.036,1.072
HNC_126,9Ag,FALSE,3,1,train,train,C:/Users/LT/Desktop/Top2/data/dataset_update_NaH/HNC_126+9Ag+MOS_2208.npz,1.041,1.081
HNC_126,A4Ac,TRUE,3,1,train,train,C:/Users/LT/Desktop/Top2/data/dataset_update_NaH/HNC_126+A4Ac+MOS_2208.npz,1.033,1.069
HNC_128,15Ag,FALSE,3,1,train,train,C:/Users/LT/Desktop/Top2/data/dataset_update_NaH/HNC_128+15Ag+MOS_52559.npz,1.041,1.074
HNC_128,9Ag,FALSE,3,1,train,train,C:/Users/LT/Desktop/Top2/data/dataset_update_NaH/HNC_128+9Ag+MOS_52559.npz,1.04,1.077
HNC_128,A4Ac,TRUE,3,1,train,train,C:/Users/LT/Desktop/Top2/data/dataset_update_NaH/HNC_128+A4Ac+MOS_52559.npz,1.029,1.093
HNC_129,15Ag,FALSE,3,1,train,train,C:/Users/LT/Desktop/Top2/data/dataset_update_NaH/HNC_129+15Ag+MOS_55459.npz,1.034,1.056
HNC_129,9Ag,FALSE,3,1,train,train,C:/Users/LT/Desktop/Top2/data/dataset_update_NaH/HNC_129+9Ag+MOS_55459.npz,1.035,1.056
HNC_129,A4Ac,TRUE,3,1,train,train,C:/Users/LT/Desktop/Top2/data/dataset_update_NaH/HNC_129+A4Ac+MOS_55459.npz,1.03,1.052
HNC_130,15Ag,FALSE,3,1,train,train,C:/Users/LT/Desktop/Top2/data/dataset_update_NaH/HNC_130+15Ag+MOS_3635.npz,1.041,1.085
HNC_130,9Ag,FALSE,3,1,train,train,C:/Users/LT/Desktop/Top2/data/dataset_update_NaH/HNC_130+9Ag+MOS_3635.npz,1.048,1.111
HNC_130,A4Ac,TRUE,3,1,train,train,C:/Users/LT/Desktop/Top2/data/dataset_update_NaH/HNC_130+A4Ac+MOS_3635.npz,1.034,1.072
HNC_132,15Ag,FALSE,3,1,train,train,C:/Users/LT/Desktop/Top2/data/dataset_update_NaH/HNC_132+15Ag+MOS_59835.npz,1.043,1.072
HNC_132,9Ag,FALSE,3,1,train,train,C:/Users/LT/Desktop/Top2/data/dataset_update_NaH/HNC_132+9Ag+MOS_59835.npz,1.044,1.078
HNC_132,A4Ac,TRUE,3,1,train,train,C:/Users/LT/Desktop/Top2/data/dataset_update_NaH/HNC_132+A4Ac+MOS_59835.npz,1.029,1.054
HNC_135,15Ag,FALSE,3,1,train,train,C:/Users/LT/Desktop/Top2/data/dataset_update_NaH/HNC_135+15Ag+MOS_2696.npz,1.031,1.055
HNC_135,9Ag,FALSE,3,1,train,train,C:/Users/LT/Desktop/Top2/data/dataset_update_NaH/HNC_135+9Ag+MOS_2696.npz,1.03,1.051
HNC_135,A4Ac,TRUE,3,1,train,train,C:/Users/LT/Desktop/Top2/data/dataset_update_NaH/HNC_135+A4Ac+MOS_2696.npz,1.025,1.04
HNC_136,15Ag,FALSE,3,1,train,train,C:/Users/LT/Desktop/Top2/data/dataset_update_NaH/HNC_136+15Ag+MOS_50521.npz,1.043,1.089
HNC_136,9Ag,FALSE,3,1,train,train,C:/Users/LT/Desktop/Top2/data/dataset_update_NaH/HNC_136+9Ag+MOS_50521.npz,1.043,1.104
HNC_136,A4Ac,TRUE,3,1,train,train,C:/Users/LT/Desktop/Top2/data/dataset_update_NaH/HNC_136+A4Ac+MOS_50521.npz,1.032,1.055
HNC_137,15Ag,FALSE,3,1,train,train,C:/Users/LT/Desktop/Top2/data/dataset_update_NaH/HNC_137+15Ag+MOS_8413.npz,1.033,1.063
HNC_137,9Ag,FALSE,3,1,train,train,C:/Users/LT/Desktop/Top2/data/dataset_update_NaH/HNC_137+9Ag+MOS_8413.npz,1.038,1.062
HNC_137,A4Ac,TRUE,3,1,train,train,C:/Users/LT/Desktop/Top2/data/dataset_update_NaH/HNC_137+A4Ac+MOS_8413.npz,1.032,1.048
HNC_138,15Ag,FALSE,3,1,train,train,C:/Users/LT/Desktop/Top2/data/dataset_update_NaH/HNC_138+15Ag+MOS_47237.npz,1.04,1.064
HNC_138,9Ag,FALSE,3,1,train,train,C:/Users/LT/Desktop/Top2/data/dataset_update_NaH/HNC_138+9Ag+MOS_47237.npz,1.042,1.07
HNC_138,A4Ac,TRUE,3,1,train,train,C:/Users/LT/Desktop/Top2/data/dataset_update_NaH/HNC_138+A4Ac+MOS_47237.npz,1.036,1.069
HNC_139,15Ag,FALSE,3,1,train,train,C:/Users/LT/Desktop/Top2/data/dataset_update_NaH/HNC_139+15Ag+MOS_8152.npz,1.028,1.054
HNC_139,9Ag,FALSE,3,1,train,train,C:/Users/LT/Desktop/Top2/data/dataset_update_NaH/HNC_139+9Ag+MOS_8152.npz,1.033,1.062
HNC_139,A4Ac,TRUE,3,1,train,train,C:/Users/LT/Desktop/Top2/data/dataset_update_NaH/HNC_139+A4Ac+MOS_8152.npz,1.029,1.044
HNC_140,15Ag,FALSE,3,1,train,train,C:/Users/LT/Desktop/Top2/data/dataset_update_NaH/HNC_140+15Ag+MOS_9927.npz,1.034,1.059
HNC_140,9Ag,FALSE,3,1,train,train,C:/Users/LT/Desktop/Top2/data/dataset_update_NaH/HNC_140+9Ag+MOS_9927.npz,1.037,1.069
HNC_140,A4Ac,TRUE,3,1,train,train,C:/Users/LT/Desktop/Top2/data/dataset_update_NaH/HNC_140+A4Ac+MOS_9927.npz,1.031,1.057
HNC_141,15Ag,FALSE,3,1,train,train,C:/Users/LT/Desktop/Top2/data/dataset_update_NaH/HNC_141+15Ag+MOS_43316.npz,1.037,1.059
HNC_141,9Ag,FALSE,3,1,train,train,C:/Users/LT/Desktop/Top2/data/dataset_update_NaH/HNC_141+9Ag+MOS_43316.npz,1.036,1.072
HNC_141,A4Ac,TRUE,3,1,train,train,C:/Users/LT/Desktop/Top2/data/dataset_update_NaH/HNC_141+A4Ac+MOS_43316.npz,1.032,1.044
HNC_143,15Ag,FALSE,3,1,train,train,C:/Users/LT/Desktop/Top2/data/dataset_update_NaH/HNC_143+15Ag+MOS_37366.npz,1.044,1.094
HNC_143,9Ag,FALSE,3,1,train,train,C:/Users/LT/Desktop/Top2/data/dataset_update_NaH/HNC_143+9Ag+MOS_37366.npz,1.051,1.089
HNC_143,A4Ac,TRUE,3,1,train,train,C:/Users/LT/Desktop/Top2/data/dataset_update_NaH/HNC_143+A4Ac+MOS_37366.npz,1.037,1.066
HNC_145,15Ag,FALSE,3,1,train,train,C:/Users/LT/Desktop/Top2/data/dataset_update_NaH/HNC_145+15Ag+MOS_17159.npz,1.035,1.057
HNC_145,9Ag,FALSE,3,1,train,train,C:/Users/LT/Desktop/Top2/data/dataset_update_NaH/HNC_145+9Ag+MOS_17159.npz,1.036,1.053
HNC_145,A4Ac,TRUE,3,1,train,train,C:/Users/LT/Desktop/Top2/data/dataset_update_NaH/HNC_145+A4Ac+MOS_17159.npz,1.031,1.049
HNC_146,15Ag,FALSE,3,1,train,train,C:/Users/LT/Desktop/Top2/data/dataset_update_NaH/HNC_146+15Ag+MOS_55290.npz,1.038,1.085
HNC_146,9Ag,FALSE,3,1,train,train,C:/Users/LT/Desktop/Top2/data/dataset_update_NaH/HNC_146+9Ag+MOS_55290.npz,1.038,1.079
HNC_146,A4Ac,TRUE,3,1,train,train,C:/Users/LT/Desktop/Top2/data/dataset_update_NaH/HNC_146+A4Ac+MOS_55290.npz,1.041,1.086
HNC_149,15Ag,FALSE,3,1,train,train,C:/Users/LT/Desktop/Top2/data/dataset_update_NaH/HNC_149+15Ag+MOS_36500.npz,1.041,1.084
HNC_149,9Ag,FALSE,3,1,train,train,C:/Users/LT/Desktop/Top2/data/dataset_update_NaH/HNC_149+9Ag+MOS_36500.npz,1.044,1.09
HNC_149,A4Ac,TRUE,3,1,train,train,C:/Users/LT/Desktop/Top2/data/dataset_update_NaH/HNC_149+A4Ac+MOS_36500.npz,1.035,1.062
HNC_150,15Ag,FALSE,3,1,train,train,C:/Users/LT/Desktop/Top2/data/dataset_update_NaH/HNC_150+15Ag+MOS_19298.npz,1.043,1.071
HNC_150,9Ag,FALSE,3,1,train,train,C:/Users/LT/Desktop/Top2/data/dataset_update_NaH/HNC_150+9Ag+MOS_19298.npz,1.045,1.081
HNC_150,A4Ac,TRUE,3,1,train,train,C:/Users/LT/Desktop/Top2/data/dataset_update_NaH/HNC_150+A4Ac+MOS_19298.npz,1.028,1.059
HNC_151,9Ag,FALSE,3,1,train,train,C:/Users/LT/Desktop/Top2/data/dataset_update_NaH/HNC_151+9Ag+MOS_59947.npz,1.035,1.069
HNC_151,A4Ac,TRUE,3,1,train,train,C:/Users/LT/Desktop/Top2/data/dataset_update_NaH/HNC_151+A4Ac+MOS_59947.npz,1.031,1.062
HNC_152,15Ag,FALSE,3,1,train,train,C:/Users/LT/Desktop/Top2/data/dataset_update_NaH/HNC_152+15Ag+MOS_25955.npz,1.028,1.041
HNC_152,9Ag,FALSE,3,1,train,train,C:/Users/LT/Desktop/Top2/data/dataset_update_NaH/HNC_152+9Ag+MOS_25955.npz,1.03,1.052
HNC_152,A4Ac,TRUE,3,1,train,train,C:/Users/LT/Desktop/Top2/data/dataset_update_NaH/HNC_152+A4Ac+MOS_25955.npz,1.031,1.05
HNC_155,15Ag,FALSE,3,1,train,train,C:/Users/LT/Desktop/Top2/data/dataset_update_NaH/HNC_155+15Ag+MOS_7991.npz,1.046,1.09
HNC_155,9Ag,FALSE,3,1,train,train,C:/Users/LT/Desktop/Top2/data/dataset_update_NaH/HNC_155+9Ag+MOS_7991.npz,1.045,1.086
HNC_155,A4Ac,TRUE,3,1,train,train,C:/Users/LT/Desktop/Top2/data/dataset_update_NaH/HNC_155+A4Ac+MOS_7991.npz,1.035,1.069
HNC_156,15Ag,FALSE,3,1,train,train,C:/Users/LT/Desktop/Top2/data/dataset_update_NaH/HNC_156+15Ag+MOS_45491.npz,1.03,1.047
HNC_156,9Ag,FALSE,3,1,train,train,C:/Users/LT/Desktop/Top2/data/dataset_update_NaH/HNC_156+9Ag+MOS_45491.npz,1.033,1.054
HNC_156,A4Ac,TRUE,3,1,train,train,C:/Users/LT/Desktop/Top2/data/dataset_update_NaH/HNC_156+A4Ac+MOS_45491.npz,1.031,1.045
HNC_157,15Ag,FALSE,3,1,train,train,C:/Users/LT/Desktop/Top2/data/dataset_update_NaH/HNC_157+15Ag+MOS_48626.npz,1.029,1.06
HNC_157,9Ag,FALSE,3,1,train,train,C:/Users/LT/Desktop/Top2/data/dataset_update_NaH/HNC_157+9Ag+MOS_48626.npz,1.038,1.061
HNC_157,A4Ac,TRUE,3,1,train,train,C:/Users/LT/Desktop/Top2/data/dataset_update_NaH/HNC_157+A4Ac+MOS_48626.npz,1.028,1.048
HNC_159,15Ag,FALSE,3,1,train,train,C:/Users/LT/Desktop/Top2/data/dataset_update_NaH/HNC_159+15Ag+MOS_19380.npz,1.035,1.057
HNC_159,9Ag,FALSE,3,1,train,train,C:/Users/LT/Desktop/Top2/data/dataset_update_NaH/HNC_159+9Ag+MOS_19380.npz,1.04,1.057
HNC_159,A4Ac,TRUE,3,1,train,train,C:/Users/LT/Desktop/Top2/data/dataset_update_NaH/HNC_159+A4Ac+MOS_19380.npz,1.032,1.051
HNC_160,15Ag,FALSE,3,1,train,train,C:/Users/LT/Desktop/Top2/data/dataset_update_NaH/HNC_160+15Ag+MOS_55579.npz,1.043,1.065
HNC_160,9Ag,FALSE,3,1,train,train,C:/Users/LT/Desktop/Top2/data/dataset_update_NaH/HNC_160+9Ag+MOS_55579.npz,1.044,1.062
HNC_160,A4Ac,TRUE,3,1,train,train,C:/Users/LT/Desktop/Top2/data/dataset_update_NaH/HNC_160+A4Ac+MOS_55579.npz,1.034,1.05
HNC_161,15Ag,FALSE,3,1,train,train,C:/Users/LT/Desktop/Top2/data/dataset_update_NaH/HNC_161+15Ag+MOS_44756.npz,1.034,1.074
HNC_161,9Ag,FALSE,3,1,train,train,C:/Users/LT/Desktop/Top2/data/dataset_update_NaH/HNC_161+9Ag+MOS_44756.npz,1.042,1.068
HNC_161,A4Ac,TRUE,3,1,train,train,C:/Users/LT/Desktop/Top2/data/dataset_update_NaH/HNC_161+A4Ac+MOS_44756.npz,1.03,1.048
HNC_162,15Ag,FALSE,3,1,train,train,C:/Users/LT/Desktop/Top2/data/dataset_update_NaH/HNC_162+15Ag+MOS_26353.npz,1.044,1.091
HNC_162,9Ag,FALSE,3,1,train,train,C:/Users/LT/Desktop/Top2/data/dataset_update_NaH/HNC_162+9Ag+MOS_26353.npz,1.043,1.103
HNC_162,A4Ac,TRUE,3,1,train,train,C:/Users/LT/Desktop/Top2/data/dataset_update_NaH/HNC_162+A4Ac+MOS_26353.npz,1.033,1.066
HNC_163,15Ag,FALSE,3,1,train,train,C:/Users/LT/Desktop/Top2/data/dataset_update_NaH/HNC_163+15Ag+MOS_12144.npz,1.044,1.086
HNC_163,9Ag,FALSE,3,1,train,train,C:/Users/LT/Desktop/Top2/data/dataset_update_NaH/HNC_163+9Ag+MOS_12144.npz,1.042,1.082
HNC_163,A4Ac,TRUE,3,1,train,train,C:/Users/LT/Desktop/Top2/data/dataset_update_NaH/HNC_163+A4Ac+MOS_12144.npz,1.032,1.083
HNC_165,15Ag,FALSE,3,1,train,train,C:/Users/LT/Desktop/Top2/data/dataset_update_NaH/HNC_165+15Ag+MOS_46381.npz,1.035,1.061
HNC_165,9Ag,FALSE,3,1,train,train,C:/Users/LT/Desktop/Top2/data/dataset_update_NaH/HNC_165+9Ag+MOS_46381.npz,1.04,1.068
HNC_165,A4Ac,TRUE,3,1,train,train,C:/Users/LT/Desktop/Top2/data/dataset_update_NaH/HNC_165+A4Ac+MOS_46381.npz,1.031,1.057
HNC_166,9Ag,FALSE,3,1,train,train,C:/Users/LT/Desktop/Top2/data/dataset_update_NaH/HNC_166+9Ag+MOS_28192.npz,1.045,1.08
HNC_167,9Ag,FALSE,3,1,train,train,C:/Users/LT/Desktop/Top2/data/dataset_update_NaH/HNC_167+9Ag+MOS_6268.npz,1.049,1.08
HNC_167,A4Ac,TRUE,3,1,train,train,C:/Users/LT/Desktop/Top2/data/dataset_update_NaH/HNC_167+A4Ac+MOS_6268.npz,1.05,1.081
HNC_168,15Ag,FALSE,3,1,train,train,C:/Users/LT/Desktop/Top2/data/dataset_update_NaH/HNC_168+15Ag+MOS_31266.npz,1.043,1.084
HNC_168,9Ag,FALSE,3,1,train,train,C:/Users/LT/Desktop/Top2/data/dataset_update_NaH/HNC_168+9Ag+MOS_31266.npz,1.054,1.116
HNC_168,A4Ac,TRUE,3,1,train,train,C:/Users/LT/Desktop/Top2/data/dataset_update_NaH/HNC_168+A4Ac+MOS_31266.npz,1.032,1.062
HNC_169,15Ag,FALSE,3,1,train,train,C:/Users/LT/Desktop/Top2/data/dataset_update_NaH/HNC_169+15Ag+MOS_33719.npz,1.055,1.102
HNC_169,9Ag,FALSE,3,1,train,train,C:/Users/LT/Desktop/Top2/data/dataset_update_NaH/HNC_169+9Ag+MOS_33719.npz,1.055,1.092
HNC_169,A4Ac,TRUE,3,1,train,train,C:/Users/LT/Desktop/Top2/data/dataset_update_NaH/HNC_169+A4Ac+MOS_33719.npz,1.035,1.059
HNC_170,15Ag,FALSE,3,1,train,train,C:/Users/LT/Desktop/Top2/data/dataset_update_NaH/HNC_170+15Ag+MOS_1169.npz,1.031,1.047
HNC_170,9Ag,FALSE,3,1,train,train,C:/Users/LT/Desktop/Top2/data/dataset_update_NaH/HNC_170+9Ag+MOS_1169.npz,1.032,1.048
HNC_170,A4Ac,TRUE,3,1,train,train,C:/Users/LT/Desktop/Top2/data/dataset_update_NaH/HNC_170+A4Ac+MOS_1169.npz,1.027,1.041
HNC_171,15Ag,FALSE,3,1,train,train,C:/Users/LT/Desktop/Top2/data/dataset_update_NaH/HNC_171+15Ag+MOS_31950.npz,1.039,1.061
HNC_171,9Ag,FALSE,3,1,train,train,C:/Users/LT/Desktop/Top2/data/dataset_update_NaH/HNC_171+9Ag+MOS_31950.npz,1.04,1.064
HNC_171,A4Ac,TRUE,3,1,train,train,C:/Users/LT/Desktop/Top2/data/dataset_update_NaH/HNC_171+A4Ac+MOS_31950.npz,1.03,1.054
HNC_172,15Ag,FALSE,3,1,train,train,C:/Users/LT/Desktop/Top2/data/dataset_update_NaH/HNC_172+15Ag+MOS_1873.npz,1.04,1.063
HNC_172,9Ag,FALSE,3,1,train,train,C:/Users/LT/Desktop/Top2/data/dataset_update_NaH/HNC_172+9Ag+MOS_1873.npz,1.041,1.068
HNC_172,A4Ac,TRUE,3,1,train,train,C:/Users/LT/Desktop/Top2/data/dataset_update_NaH/HNC_172+A4Ac+MOS_1873.npz,1.037,1.06
HNC_175,15Ag,FALSE,3,1,train,train,C:/Users/LT/Desktop/Top2/data/dataset_update_NaH/HNC_175+15Ag+MOS_46456.npz,1.043,1.106
HNC_175,9Ag,FALSE,3,1,train,train,C:/Users/LT/Desktop/Top2/data/dataset_update_NaH/HNC_175+9Ag+MOS_46456.npz,1.049,1.107
HNC_175,A4Ac,TRUE,3,1,train,train,C:/Users/LT/Desktop/Top2/data/dataset_update_NaH/HNC_175+A4Ac+MOS_46456.npz,1.043,1.066
HNC_176,15Ag,FALSE,3,1,train,train,C:/Users/LT/Desktop/Top2/data/dataset_update_NaH/HNC_176+15Ag+MOS_5603.npz,1.044,1.065
HNC_176,9Ag,FALSE,3,1,train,train,C:/Users/LT/Desktop/Top2/data/dataset_update_NaH/HNC_176+9Ag+MOS_5603.npz,1.044,1.072
HNC_176,A4Ac,TRUE,3,1,train,train,C:/Users/LT/Desktop/Top2/data/dataset_update_NaH/HNC_176+A4Ac+MOS_5603.npz,1.041,1.061
HNC_177,15Ag,FALSE,3,1,train,train,C:/Users/LT/Desktop/Top2/data/dataset_update_NaH/HNC_177+15Ag+MOS_19527.npz,1.033,1.068
HNC_177,9Ag,FALSE,3,1,train,train,C:/Users/LT/Desktop/Top2/data/dataset_update_NaH/HNC_177+9Ag+MOS_19527.npz,1.037,1.08
HNC_177,A4Ac,TRUE,3,1,train,train,C:/Users/LT/Desktop/Top2/data/dataset_update_NaH/HNC_177+A4Ac+MOS_19527.npz,1.03,1.058
HNC_180,15Ag,FALSE,3,1,train,train,C:/Users/LT/Desktop/Top2/data/dataset_update_NaH/HNC_180+15Ag+MOS_34418.npz,1.032,1.057
HNC_180,9Ag,FALSE,3,1,train,train,C:/Users/LT/Desktop/Top2/data/dataset_update_NaH/HNC_180+9Ag+MOS_34418.npz,1.035,1.062
HNC_180,A4Ac,TRUE,3,1,train,train,C:/Users/LT/Desktop/Top2/data/dataset_update_NaH/HNC_180+A4Ac+MOS_34418.npz,1.029,1.051
HNC_181,15Ag,FALSE,3,1,train,train,C:/Users/LT/Desktop/Top2/data/dataset_update_NaH/HNC_181+15Ag+MOS_46324.npz,1.034,1.074
HNC_181,9Ag,FALSE,3,1,train,train,C:/Users/LT/Desktop/Top2/data/dataset_update_NaH/HNC_181+9Ag+MOS_46324.npz,1.036,1.071
HNC_181,A4Ac,TRUE,3,1,train,train,C:/Users/LT/Desktop/Top2/data/dataset_update_NaH/HNC_181+A4Ac+MOS_46324.npz,1.03,1.05
HNC_182,15Ag,FALSE,3,1,train,train,C:/Users/LT/Desktop/Top2/data/dataset_update_NaH/HNC_182+15Ag+MOS_1529.npz,1.041,1.076
HNC_182,9Ag,FALSE,3,1,train,train,C:/Users/LT/Desktop/Top2/data/dataset_update_NaH/HNC_182+9Ag+MOS_1529.npz,1.04,1.075
HNC_182,A4Ac,TRUE,3,1,train,train,C:/Users/LT/Desktop/Top2/data/dataset_update_NaH/HNC_182+A4Ac+MOS_1529.npz,1.038,1.083
HNC_183,15Ag,FALSE,3,1,train,train,C:/Users/LT/Desktop/Top2/data/dataset_update_NaH/HNC_183+15Ag+MOS_22312.npz,1.041,1.103
HNC_183,9Ag,FALSE,3,1,train,train,C:/Users/LT/Desktop/Top2/data/dataset_update_NaH/HNC_183+9Ag+MOS_22312.npz,1.042,1.089
HNC_183,A4Ac,TRUE,3,1,train,train,C:/Users/LT/Desktop/Top2/data/dataset_update_NaH/HNC_183+A4Ac+MOS_22312.npz,1.032,1.046
HNC_186,15Ag,FALSE,3,1,train,train,C:/Users/LT/Desktop/Top2/data/dataset_update_NaH/HNC_186+15Ag+MOS_59880.npz,1.046,1.084
HNC_186,A4Ac,TRUE,3,1,train,train,C:/Users/LT/Desktop/Top2/data/dataset_update_NaH/HNC_186+A4Ac+MOS_59880.npz,1.038,1.067
HNC_187,15Ag,FALSE,3,1,train,train,C:/Users/LT/Desktop/Top2/data/dataset_update_NaH/HNC_187+15Ag+MOS_27534.npz,1.033,1.056
HNC_187,9Ag,FALSE,3,1,train,train,C:/Users/LT/Desktop/Top2/data/dataset_update_NaH/HNC_187+9Ag+MOS_27534.npz,1.039,1.057
HNC_187,A4Ac,TRUE,3,1,train,train,C:/Users/LT/Desktop/Top2/data/dataset_update_NaH/HNC_187+A4Ac+MOS_27534.npz,1.03,1.051
HNC_188,15Ag,FALSE,3,1,train,train,C:/Users/LT/Desktop/Top2/data/dataset_update_NaH/HNC_188+15Ag+MOS_57361.npz,1.04,1.093
HNC_188,9Ag,FALSE,3,1,train,train,C:/Users/LT/Desktop/Top2/data/dataset_update_NaH/HNC_188+9Ag+MOS_57361.npz,1.046,1.094
HNC_188,A4Ac,TRUE,3,1,train,train,C:/Users/LT/Desktop/Top2/data/dataset_update_NaH/HNC_188+A4Ac+MOS_57361.npz,1.035,1.079
HNC_189,15Ag,FALSE,3,1,train,train,C:/Users/LT/Desktop/Top2/data/dataset_update_NaH/HNC_189+15Ag+MOS_20547.npz,1.033,1.054
HNC_189,9Ag,FALSE,3,1,train,train,C:/Users/LT/Desktop/Top2/data/dataset_update_NaH/HNC_189+9Ag+MOS_20547.npz,1.035,1.057
HNC_189,A4Ac,TRUE,3,1,train,train,C:/Users/LT/Desktop/Top2/data/dataset_update_NaH/HNC_189+A4Ac+MOS_20547.npz,1.024,1.045
HNC_190,15Ag,FALSE,3,1,train,train,C:/Users/LT/Desktop/Top2/data/dataset_update_NaH/HNC_190+15Ag+MOS_14378.npz,1.038,1.063
HNC_190,9Ag,FALSE,3,1,train,train,C:/Users/LT/Desktop/Top2/data/dataset_update_NaH/HNC_190+9Ag+MOS_14378.npz,1.042,1.07
HNC_191,A4Ac,TRUE,3,1,train,train,C:/Users/LT/Desktop/Top2/data/dataset_update_NaH/HNC_191+A4Ac+MOS_13994.npz,1.039,1.072
HNC_192,15Ag,FALSE,3,1,train,train,C:/Users/LT/Desktop/Top2/data/dataset_update_NaH/HNC_192+15Ag+MOS_18363.npz,1.029,1.043
HNC_192,9Ag,FALSE,3,1,train,train,C:/Users/LT/Desktop/Top2/data/dataset_update_NaH/HNC_192+9Ag+MOS_18363.npz,1.032,1.053
HNC_192,A4Ac,TRUE,3,1,train,train,C:/Users/LT/Desktop/Top2/data/dataset_update_NaH/HNC_192+A4Ac+MOS_18363.npz,1.026,1.041
HNC_193,15Ag,FALSE,3,1,train,train,C:/Users/LT/Desktop/Top2/data/dataset_update_NaH/HNC_193+15Ag+MOS_3297.npz,1.052,1.089
HNC_193,A4Ac,TRUE,3,1,train,train,C:/Users/LT/Desktop/Top2/data/dataset_update_NaH/HNC_193+A4Ac+MOS_3297.npz,1.035,1.065
HNC_195,15Ag,FALSE,3,1,train,train,C:/Users/LT/Desktop/Top2/data/dataset_update_NaH/HNC_195+15Ag+MOS_31123.npz,1.042,1.095
HNC_195,9Ag,FALSE,3,1,train,train,C:/Users/LT/Desktop/Top2/data/dataset_update_NaH/HNC_195+9Ag+MOS_31123.npz,1.044,1.097
HNC_195,A4Ac,TRUE,3,1,train,train,C:/Users/LT/Desktop/Top2/data/dataset_update_NaH/HNC_195+A4Ac+MOS_31123.npz,1.034,1.074
HNC_196,15Ag,FALSE,3,1,train,train,C:/Users/LT/Desktop/Top2/data/dataset_update_NaH/HNC_196+15Ag+MOS_26806.npz,1.036,1.056
HNC_196,9Ag,FALSE,3,1,train,train,C:/Users/LT/Desktop/Top2/data/dataset_update_NaH/HNC_196+9Ag+MOS_26806.npz,1.038,1.059
HNC_196,A4Ac,TRUE,3,1,train,train,C:/Users/LT/Desktop/Top2/data/dataset_update_NaH/HNC_196+A4Ac+MOS_26806.npz,1.031,1.051
HNC_198,15Ag,FALSE,3,1,train,train,C:/Users/LT/Desktop/Top2/data/dataset_update_NaH/HNC_198+15Ag+MOS_394.npz,1.045,1.067
HNC_198,9Ag,FALSE,3,1,train,train,C:/Users/LT/Desktop/Top2/data/dataset_update_NaH/HNC_198+9Ag+MOS_394.npz,1.05,1.088
HNC_198,A4Ac,TRUE,3,1,train,train,C:/Users/LT/Desktop/Top2/data/dataset_update_NaH/HNC_198+A4Ac+MOS_394.npz,1.043,1.065
HNC_199,A4Ac,TRUE,3,1,train,train,C:/Users/LT/Desktop/Top2/data/dataset_update_NaH/HNC_199+A4Ac+MOS_357.npz,1.048,1.09
HNC_200,15Ag,FALSE,3,1,train,train,C:/Users/LT/Desktop/Top2/data/dataset_update_NaH/HNC_200+15Ag+MOS_56812.npz,1.036,1.054
HNC_200,9Ag,FALSE,3,1,train,train,C:/Users/LT/Desktop/Top2/data/dataset_update_NaH/HNC_200+9Ag+MOS_56812.npz,1.033,1.053
HNC_200,A4Ac,TRUE,3,1,train,train,C:/Users/LT/Desktop/Top2/data/dataset_update_NaH/HNC_200+A4Ac+MOS_56812.npz,1.031,1.046
HNC_202,15Ag,FALSE,3,1,train,train,C:/Users/LT/Desktop/Top2/data/dataset_update_NaH/HNC_202+15Ag+MOS_42361.npz,1.04,1.07
HNC_202,9Ag,FALSE,3,1,train,train,C:/Users/LT/Desktop/Top2/data/dataset_update_NaH/HNC_202+9Ag+MOS_42361.npz,1.036,1.079
HNC_202,A4Ac,TRUE,3,1,train,train,C:/Users/LT/Desktop/Top2/data/dataset_update_NaH/HNC_202+A4Ac+MOS_42361.npz,1.029,1.057
HNC_203,9Ag,FALSE,3,1,train,train,C:/Users/LT/Desktop/Top2/data/dataset_update_NaH/HNC_203+9Ag+MOS_33173.npz,1.051,1.186
HNC_203,A4Ac,TRUE,3,1,train,train,C:/Users/LT/Desktop/Top2/data/dataset_update_NaH/HNC_203+A4Ac+MOS_33173.npz,1.04,1.111
HNC_206,15Ag,FALSE,3,1,train,train,C:/Users/LT/Desktop/Top2/data/dataset_update_NaH/HNC_206+15Ag+MOS_22433.npz,1.032,1.052
HNC_206,9Ag,FALSE,3,1,train,train,C:/Users/LT/Desktop/Top2/data/dataset_update_NaH/HNC_206+9Ag+MOS_22433.npz,1.04,1.064
HNC_206,A4Ac,TRUE,3,1,train,train,C:/Users/LT/Desktop/Top2/data/dataset_update_NaH/HNC_206+A4Ac+MOS_22433.npz,1.023,1.032
HNC_207,15Ag,FALSE,3,1,train,train,C:/Users/LT/Desktop/Top2/data/dataset_update_NaH/HNC_207+15Ag+MOS_31879.npz,1.034,1.057
HNC_207,9Ag,FALSE,3,1,train,train,C:/Users/LT/Desktop/Top2/data/dataset_update_NaH/HNC_207+9Ag+MOS_31879.npz,1.037,1.062
HNC_207,A4Ac,TRUE,3,1,train,train,C:/Users/LT/Desktop/Top2/data/dataset_update_NaH/HNC_207+A4Ac+MOS_31879.npz,1.027,1.041
HNC_208,A4Ac,TRUE,3,1,train,train,C:/Users/LT/Desktop/Top2/data/dataset_update_NaH/HNC_208+A4Ac+MOS_32460.npz,1.043,1.115
HNC_209,15Ag,FALSE,3,1,train,train,C:/Users/LT/Desktop/Top2/data/dataset_update_NaH/HNC_209+15Ag+MOS_42622.npz,1.043,1.081
HNC_209,9Ag,FALSE,3,1,train,train,C:/Users/LT/Desktop/Top2/data/dataset_update_NaH/HNC_209+9Ag+MOS_42622.npz,1.052,1.093
HNC_209,A4Ac,TRUE,3,1,train,train,C:/Users/LT/Desktop/Top2/data/dataset_update_NaH/HNC_209+A4Ac+MOS_42622.npz,1.039,1.068
HNC_210,15Ag,FALSE,3,1,train,train,C:/Users/LT/Desktop/Top2/data/dataset_update_NaH/HNC_210+15Ag+MOS_1135.npz,1.048,1.096
HNC_210,9Ag,FALSE,3,1,train,train,C:/Users/LT/Desktop/Top2/data/dataset_update_NaH/HNC_210+9Ag+MOS_1135.npz,1.046,1.085
HNC_210,A4Ac,TRUE,3,1,train,train,C:/Users/LT/Desktop/Top2/data/dataset_update_NaH/HNC_210+A4Ac+MOS_1135.npz,1.044,1.069
HNC_211,15Ag,FALSE,3,1,train,train,C:/Users/LT/Desktop/Top2/data/dataset_update_NaH/HNC_211+15Ag+MOS_2926.npz,1.039,1.094
HNC_211,9Ag,FALSE,3,1,train,train,C:/Users/LT/Desktop/Top2/data/dataset_update_NaH/HNC_211+9Ag+MOS_2926.npz,1.038,1.079
HNC_211,A4Ac,TRUE,3,1,train,train,C:/Users/LT/Desktop/Top2/data/dataset_update_NaH/HNC_211+A4Ac+MOS_2926.npz,1.025,1.054
HNC_213,15Ag,FALSE,3,1,train,train,C:/Users/LT/Desktop/Top2/data/dataset_update_NaH/HNC_213+15Ag+MOS_22127.npz,1.031,1.053
HNC_213,9Ag,FALSE,3,1,train,train,C:/Users/LT/Desktop/Top2/data/dataset_update_NaH/HNC_213+9Ag+MOS_22127.npz,1.034,1.05
HNC_213,A4Ac,TRUE,3,1,train,train,C:/Users/LT/Desktop/Top2/data/dataset_update_NaH/HNC_213+A4Ac+MOS_22127.npz,1.032,1.049
HNSCC-01-0001,15Ag,FALSE,4,1,train,train,C:/Users/LT/Desktop/Top2/data/dataset_update_NaH/HNSCC-01-0001+15Ag+MOS_47313.npz,1.039,1.061
HNSCC-01-0001,9Ag,FALSE,4,1,train,train,C:/Users/LT/Desktop/Top2/data/dataset_update_NaH/HNSCC-01-0001+9Ag+MOS_47313.npz,1.042,1.072
HNSCC-01-0001,A4Ac,TRUE,4,1,train,train,C:/Users/LT/Desktop/Top2/data/dataset_update_NaH/HNSCC-01-0001+A4Ac+MOS_47313.npz,1.033,1.063
HNSCC-01-0003,15Ag,FALSE,4,1,train,train,C:/Users/LT/Desktop/Top2/data/dataset_update_NaH/HNSCC-01-0003+15Ag+MOS_13928.npz,1.033,1.052
HNSCC-01-0003,9Ag,FALSE,4,1,train,train,C:/Users/LT/Desktop/Top2/data/dataset_update_NaH/HNSCC-01-0003+9Ag+MOS_13928.npz,1.036,1.063
HNSCC-01-0003,A4Ac,TRUE,4,1,train,train,C:/Users/LT/Desktop/Top2/data/dataset_update_NaH/HNSCC-01-0003+A4Ac+MOS_13928.npz,1.032,1.055
HNSCC-01-0005,15Ag,FALSE,4,1,train,train,C:/Users/LT/Desktop/Top2/data/dataset_update_NaH/HNSCC-01-0005+15Ag+MOS_30911.npz,1.037,1.058
HNSCC-01-0005,9Ag,FALSE,4,1,train,train,C:/Users/LT/Desktop/Top2/data/dataset_update_NaH/HNSCC-01-0005+9Ag+MOS_30911.npz,1.043,1.076
HNSCC-01-0005,A4Ac,TRUE,4,1,train,train,C:/Users/LT/Desktop/Top2/data/dataset_update_NaH/HNSCC-01-0005+A4Ac+MOS_30911.npz,1.038,1.056
HNSCC-01-0006,15Ag,FALSE,4,1,train,train,C:/Users/LT/Desktop/Top2/data/dataset_update_NaH/HNSCC-01-0006+15Ag+MOS_15521.npz,1.028,1.052
HNSCC-01-0006,9Ag,FALSE,4,1,train,train,C:/Users/LT/Desktop/Top2/data/dataset_update_NaH/HNSCC-01-0006+9Ag+MOS_15521.npz,1.032,1.048
HNSCC-01-0006,A4Ac,TRUE,4,1,train,train,C:/Users/LT/Desktop/Top2/data/dataset_update_NaH/HNSCC-01-0006+A4Ac+MOS_15521.npz,1.026,1.041
HNSCC-01-0007,15Ag,FALSE,4,1,train,train,C:/Users/LT/Desktop/Top2/data/dataset_update_NaH/HNSCC-01-0007+15Ag+MOS_32710.npz,1.036,1.081
HNSCC-01-0007,9Ag,FALSE,4,1,train,train,C:/Users/LT/Desktop/Top2/data/dataset_update_NaH/HNSCC-01-0007+9Ag+MOS_32710.npz,1.039,1.069
HNSCC-01-0007,A4Ac,TRUE,4,1,train,train,C:/Users/LT/Desktop/Top2/data/dataset_update_NaH/HNSCC-01-0007+A4Ac+MOS_32710.npz,1.028,1.055
HNSCC-01-0008,15Ag,FALSE,4,1,train,train,C:/Users/LT/Desktop/Top2/data/dataset_update_NaH/HNSCC-01-0008+15Ag+MOS_30671.npz,1.029,1.047
HNSCC-01-0008,9Ag,FALSE,4,1,train,train,C:/Users/LT/Desktop/Top2/data/dataset_update_NaH/HNSCC-01-0008+9Ag+MOS_30671.npz,1.035,1.064
HNSCC-01-0008,A4Ac,TRUE,4,1,train,train,C:/Users/LT/Desktop/Top2/data/dataset_update_NaH/HNSCC-01-0008+A4Ac+MOS_30671.npz,1.027,1.042
HNSCC-01-0009,15Ag,FALSE,4,1,train,train,C:/Users/LT/Desktop/Top2/data/dataset_update_NaH/HNSCC-01-0009+15Ag+MOS_56603.npz,1.034,1.058
HNSCC-01-0009,9Ag,FALSE,4,1,train,train,C:/Users/LT/Desktop/Top2/data/dataset_update_NaH/HNSCC-01-0009+9Ag+MOS_56603.npz,1.035,1.068
HNSCC-01-0009,A4Ac,TRUE,4,1,train,train,C:/Users/LT/Desktop/Top2/data/dataset_update_NaH/HNSCC-01-0009+A4Ac+MOS_56603.npz,1.023,1.042
HNSCC-01-0013,15Ag,FALSE,4,1,train,train,C:/Users/LT/Desktop/Top2/data/dataset_update_NaH/HNSCC-01-0013+15Ag+MOS_48456.npz,1.025,1.048
HNSCC-01-0013,9Ag,FALSE,4,1,train,train,C:/Users/LT/Desktop/Top2/data/dataset_update_NaH/HNSCC-01-0013+9Ag+MOS_48456.npz,1.027,1.047
HNSCC-01-0013,A4Ac,TRUE,4,1,train,train,C:/Users/LT/Desktop/Top2/data/dataset_update_NaH/HNSCC-01-0013+A4Ac+MOS_48456.npz,1.024,1.035
HNSCC-01-0014,15Ag,FALSE,4,1,train,train,C:/Users/LT/Desktop/Top2/data/dataset_update_NaH/HNSCC-01-0014+15Ag+MOS_39938.npz,1.029,1.042
HNSCC-01-0014,9Ag,FALSE,4,1,train,train,C:/Users/LT/Desktop/Top2/data/dataset_update_NaH/HNSCC-01-0014+9Ag+MOS_39938.npz,1.033,1.053
HNSCC-01-0014,A4Ac,TRUE,4,1,train,train,C:/Users/LT/Desktop/Top2/data/dataset_update_NaH/HNSCC-01-0014+A4Ac+MOS_39938.npz,1.026,1.043
HNSCC-01-0015,15Ag,FALSE,4,1,train,train,C:/Users/LT/Desktop/Top2/data/dataset_update_NaH/HNSCC-01-0015+15Ag+MOS_34213.npz,1.161,1.191
HNSCC-01-0015,9Ag,FALSE,4,1,train,train,C:/Users/LT/Desktop/Top2/data/dataset_update_NaH/HNSCC-01-0015+9Ag+MOS_34213.npz,1.123,1.144
HNSCC-01-0015,A4Ac,TRUE,4,1,train,train,C:/Users/LT/Desktop/Top2/data/dataset_update_NaH/HNSCC-01-0015+A4Ac+MOS_34213.npz,1.136,1.157
HNSCC-01-0016,15Ag,FALSE,4,1,train,train,C:/Users/LT/Desktop/Top2/data/dataset_update_NaH/HNSCC-01-0016+15Ag+MOS_0868.npz,1.031,1.054
HNSCC-01-0016,9Ag,FALSE,4,1,train,train,C:/Users/LT/Desktop/Top2/data/dataset_update_NaH/HNSCC-01-0016+9Ag+MOS_0868.npz,1.035,1.057
HNSCC-01-0016,A4Ac,TRUE,4,1,train,train,C:/Users/LT/Desktop/Top2/data/dataset_update_NaH/HNSCC-01-0016+A4Ac+MOS_0868.npz,1.029,1.048
HNSCC-01-0017,15Ag,FALSE,4,1,train,train,C:/Users/LT/Desktop/Top2/data/dataset_update_NaH/HNSCC-01-0017+15Ag+MOS_36780.npz,1.028,1.043
HNSCC-01-0017,9Ag,FALSE,4,1,train,train,C:/Users/LT/Desktop/Top2/data/dataset_update_NaH/HNSCC-01-0017+9Ag+MOS_36780.npz,1.028,1.039
HNSCC-01-0017,A4Ac,TRUE,4,1,train,train,C:/Users/LT/Desktop/Top2/data/dataset_update_NaH/HNSCC-01-0017+A4Ac+MOS_36780.npz,1.022,1.033
HNSCC-01-0019,15Ag,FALSE,4,1,train,train,C:/Users/LT/Desktop/Top2/data/dataset_update_NaH/HNSCC-01-0019+15Ag+MOS_21247.npz,1.038,1.07
HNSCC-01-0019,9Ag,FALSE,4,1,train,train,C:/Users/LT/Desktop/Top2/data/dataset_update_NaH/HNSCC-01-0019+9Ag+MOS_21247.npz,1.046,1.086
HNSCC-01-0019,A4Ac,TRUE,4,1,train,train,C:/Users/LT/Desktop/Top2/data/dataset_update_NaH/HNSCC-01-0019+A4Ac+MOS_21247.npz,1.035,1.073
HNSCC-01-0020,15Ag,FALSE,4,1,train,train,C:/Users/LT/Desktop/Top2/data/dataset_update_NaH/HNSCC-01-0020+15Ag+MOS_17279.npz,1.036,1.06
HNSCC-01-0020,9Ag,FALSE,4,1,train,train,C:/Users/LT/Desktop/Top2/data/dataset_update_NaH/HNSCC-01-0020+9Ag+MOS_17279.npz,1.042,1.069
HNSCC-01-0020,A4Ac,TRUE,4,1,train,train,C:/Users/LT/Desktop/Top2/data/dataset_update_NaH/HNSCC-01-0020+A4Ac+MOS_17279.npz,1.031,1.056
HNSCC-01-0021,15Ag,FALSE,4,1,train,train,C:/Users/LT/Desktop/Top2/data/dataset_update_NaH/HNSCC-01-0021+15Ag+MOS_16929.npz,1.032,1.051
HNSCC-01-0021,9Ag,FALSE,4,1,train,train,C:/Users/LT/Desktop/Top2/data/dataset_update_NaH/HNSCC-01-0021+9Ag+MOS_16929.npz,1.032,1.05
HNSCC-01-0021,A4Ac,TRUE,4,1,train,train,C:/Users/LT/Desktop/Top2/data/dataset_update_NaH/HNSCC-01-0021+A4Ac+MOS_16929.npz,1.026,1.04
HNSCC-01-0026,15Ag,FALSE,4,1,train,train,C:/Users/LT/Desktop/Top2/data/dataset_update_NaH/HNSCC-01-0026+15Ag+MOS_5856.npz,1.035,1.058
HNSCC-01-0026,9Ag,FALSE,4,1,train,train,C:/Users/LT/Desktop/Top2/data/dataset_update_NaH/HNSCC-01-0026+9Ag+MOS_5856.npz,1.035,1.054
HNSCC-01-0026,A4Ac,TRUE,4,1,train,train,C:/Users/LT/Desktop/Top2/data/dataset_update_NaH/HNSCC-01-0026+A4Ac+MOS_5856.npz,1.026,1.043
HNSCC-01-0027,15Ag,FALSE,4,1,train,train,C:/Users/LT/Desktop/Top2/data/dataset_update_NaH/HNSCC-01-0027+15Ag+MOS_21359.npz,1.033,1.052
HNSCC-01-0027,9Ag,FALSE,4,1,train,train,C:/Users/LT/Desktop/Top2/data/dataset_update_NaH/HNSCC-01-0027+9Ag+MOS_21359.npz,1.035,1.051
HNSCC-01-0027,A4Ac,TRUE,4,1,train,train,C:/Users/LT/Desktop/Top2/data/dataset_update_NaH/HNSCC-01-0027+A4Ac+MOS_21359.npz,1.027,1.044
HNSCC-01-0029,15Ag,FALSE,4,1,train,train,C:/Users/LT/Desktop/Top2/data/dataset_update_NaH/HNSCC-01-0029+15Ag+MOS_43682.npz,1.027,1.045
HNSCC-01-0029,9Ag,FALSE,4,1,train,train,C:/Users/LT/Desktop/Top2/data/dataset_update_NaH/HNSCC-01-0029+9Ag+MOS_43682.npz,1.031,1.046
HNSCC-01-0029,A4Ac,TRUE,4,1,train,train,C:/Users/LT/Desktop/Top2/data/dataset_update_NaH/HNSCC-01-0029+A4Ac+MOS_43682.npz,1.024,1.034
HNSCC-01-0030,15Ag,FALSE,4,1,train,train,C:/Users/LT/Desktop/Top2/data/dataset_update_NaH/HNSCC-01-0030+15Ag+MOS_58348.npz,1.033,1.051
HNSCC-01-0030,9Ag,FALSE,4,1,train,train,C:/Users/LT/Desktop/Top2/data/dataset_update_NaH/HNSCC-01-0030+9Ag+MOS_58348.npz,1.035,1.061
HNSCC-01-0030,A4Ac,TRUE,4,1,train,train,C:/Users/LT/Desktop/Top2/data/dataset_update_NaH/HNSCC-01-0030+A4Ac+MOS_58348.npz,1.034,1.069
HNSCC-01-0031,15Ag,FALSE,4,1,train,train,C:/Users/LT/Desktop/Top2/data/dataset_update_NaH/HNSCC-01-0031+15Ag+MOS_32932.npz,1.029,1.042
HNSCC-01-0031,9Ag,FALSE,4,1,train,train,C:/Users/LT/Desktop/Top2/data/dataset_update_NaH/HNSCC-01-0031+9Ag+MOS_32932.npz,1.036,1.052
HNSCC-01-0031,A4Ac,TRUE,4,1,train,train,C:/Users/LT/Desktop/Top2/data/dataset_update_NaH/HNSCC-01-0031+A4Ac+MOS_32932.npz,1.027,1.042
HNSCC-01-0033,15Ag,FALSE,4,1,train,train,C:/Users/LT/Desktop/Top2/data/dataset_update_NaH/HNSCC-01-0033+15Ag+MOS_50724.npz,1.042,1.069
HNSCC-01-0033,9Ag,FALSE,4,1,train,train,C:/Users/LT/Desktop/Top2/data/dataset_update_NaH/HNSCC-01-0033+9Ag+MOS_50724.npz,1.045,1.072
HNSCC-01-0033,A4Ac,TRUE,4,1,train,train,C:/Users/LT/Desktop/Top2/data/dataset_update_NaH/HNSCC-01-0033+A4Ac+MOS_50724.npz,1.031,1.054
HNSCC-01-0034,15Ag,FALSE,4,1,train,train,C:/Users/LT/Desktop/Top2/data/dataset_update_NaH/HNSCC-01-0034+15Ag+MOS_33599.npz,1.037,1.067
HNSCC-01-0034,9Ag,FALSE,4,1,train,train,C:/Users/LT/Desktop/Top2/data/dataset_update_NaH/HNSCC-01-0034+9Ag+MOS_33599.npz,1.041,1.077
HNSCC-01-0034,A4Ac,TRUE,4,1,train,train,C:/Users/LT/Desktop/Top2/data/dataset_update_NaH/HNSCC-01-0034+A4Ac+MOS_33599.npz,1.036,1.066
HNSCC-01-0035,15Ag,FALSE,4,1,train,train,C:/Users/LT/Desktop/Top2/data/dataset_update_NaH/HNSCC-01-0035+15Ag+MOS_49150.npz,1.039,1.09
HNSCC-01-0035,9Ag,FALSE,4,1,train,train,C:/Users/LT/Desktop/Top2/data/dataset_update_NaH/HNSCC-01-0035+9Ag+MOS_49150.npz,1.044,1.085
HNSCC-01-0035,A4Ac,TRUE,4,1,train,train,C:/Users/LT/Desktop/Top2/data/dataset_update_NaH/HNSCC-01-0035+A4Ac+MOS_49150.npz,1.036,1.074
HNSCC-01-0038,15Ag,FALSE,4,1,train,train,C:/Users/LT/Desktop/Top2/data/dataset_update_NaH/HNSCC-01-0038+15Ag+MOS_31138.npz,1.034,1.056
HNSCC-01-0038,9Ag,FALSE,4,1,train,train,C:/Users/LT/Desktop/Top2/data/dataset_update_NaH/HNSCC-01-0038+9Ag+MOS_31138.npz,1.039,1.061
HNSCC-01-0038,A4Ac,TRUE,4,1,train,train,C:/Users/LT/Desktop/Top2/data/dataset_update_NaH/HNSCC-01-0038+A4Ac+MOS_31138.npz,1.032,1.063
HNSCC-01-0040,15Ag,FALSE,4,1,train,train,C:/Users/LT/Desktop/Top2/data/dataset_update_NaH/HNSCC-01-0040+15Ag+MOS_42786.npz,1.03,1.049
HNSCC-01-0040,9Ag,FALSE,4,1,train,train,C:/Users/LT/Desktop/Top2/data/dataset_update_NaH/HNSCC-01-0040+9Ag+MOS_42786.npz,1.035,1.06
HNSCC-01-0040,A4Ac,TRUE,4,1,train,train,C:/Users/LT/Desktop/Top2/data/dataset_update_NaH/HNSCC-01-0040+A4Ac+MOS_42786.npz,1.027,1.041
HNSCC-01-0041,15Ag,FALSE,4,1,train,train,C:/Users/LT/Desktop/Top2/data/dataset_update_NaH/HNSCC-01-0041+15Ag+MOS_37593.npz,1.029,1.048
HNSCC-01-0041,9Ag,FALSE,4,1,train,train,C:/Users/LT/Desktop/Top2/data/dataset_update_NaH/HNSCC-01-0041+9Ag+MOS_37593.npz,1.038,1.058
HNSCC-01-0041,A4Ac,TRUE,4,1,train,train,C:/Users/LT/Desktop/Top2/data/dataset_update_NaH/HNSCC-01-0041+A4Ac+MOS_37593.npz,1.028,1.038
HNSCC-01-0043,15Ag,FALSE,4,1,train,train,C:/Users/LT/Desktop/Top2/data/dataset_update_NaH/HNSCC-01-0043+15Ag+MOS_36478.npz,1.034,1.073
HNSCC-01-0043,9Ag,FALSE,4,1,train,train,C:/Users/LT/Desktop/Top2/data/dataset_update_NaH/HNSCC-01-0043+9Ag+MOS_36478.npz,1.041,1.072
HNSCC-01-0045,15Ag,FALSE,4,1,train,train,C:/Users/LT/Desktop/Top2/data/dataset_update_NaH/HNSCC-01-0045+15Ag+MOS_31931.npz,1.029,1.044
HNSCC-01-0045,9Ag,FALSE,4,1,train,train,C:/Users/LT/Desktop/Top2/data/dataset_update_NaH/HNSCC-01-0045+9Ag+MOS_31931.npz,1.032,1.046
HNSCC-01-0045,A4Ac,TRUE,4,1,train,train,C:/Users/LT/Desktop/Top2/data/dataset_update_NaH/HNSCC-01-0045+A4Ac+MOS_31931.npz,1.024,1.04
HNSCC-01-0046,15Ag,FALSE,4,1,train,train,C:/Users/LT/Desktop/Top2/data/dataset_update_NaH/HNSCC-01-0046+15Ag+MOS_20585.npz,1.033,1.065
HNSCC-01-0046,9Ag,FALSE,4,1,train,train,C:/Users/LT/Desktop/Top2/data/dataset_update_NaH/HNSCC-01-0046+9Ag+MOS_20585.npz,1.037,1.07
HNSCC-01-0047,15Ag,FALSE,4,1,train,train,C:/Users/LT/Desktop/Top2/data/dataset_update_NaH/HNSCC-01-0047+15Ag+MOS_49858.npz,1.039,1.067
HNSCC-01-0047,9Ag,FALSE,4,1,train,train,C:/Users/LT/Desktop/Top2/data/dataset_update_NaH/HNSCC-01-0047+9Ag+MOS_49858.npz,1.038,1.054
HNSCC-01-0047,A4Ac,TRUE,4,1,train,train,C:/Users/LT/Desktop/Top2/data/dataset_update_NaH/HNSCC-01-0047+A4Ac+MOS_49858.npz,1.039,1.055
HNSCC-01-0048,15Ag,FALSE,4,1,train,train,C:/Users/LT/Desktop/Top2/data/dataset_update_NaH/HNSCC-01-0048+15Ag+MOS_3681.npz,1.03,1.056
HNSCC-01-0048,9Ag,FALSE,4,1,train,train,C:/Users/LT/Desktop/Top2/data/dataset_update_NaH/HNSCC-01-0048+9Ag+MOS_3681.npz,1.03,1.044
HNSCC-01-0053,15Ag,FALSE,4,1,train,train,C:/Users/LT/Desktop/Top2/data/dataset_update_NaH/HNSCC-01-0053+15Ag+MOS_40427.npz,1.034,1.059
HNSCC-01-0053,9Ag,FALSE,4,1,train,train,C:/Users/LT/Desktop/Top2/data/dataset_update_NaH/HNSCC-01-0053+9Ag+MOS_40427.npz,1.036,1.059
HNSCC-01-0053,A4Ac,TRUE,4,1,train,train,C:/Users/LT/Desktop/Top2/data/dataset_update_NaH/HNSCC-01-0053+A4Ac+MOS_40427.npz,1.032,1.053
HNSCC-01-0054,15Ag,FALSE,4,1,train,train,C:/Users/LT/Desktop/Top2/data/dataset_update_NaH/HNSCC-01-0054+15Ag+MOS_0511.npz,1.03,1.05
HNSCC-01-0054,9Ag,FALSE,4,1,train,train,C:/Users/LT/Desktop/Top2/data/dataset_update_NaH/HNSCC-01-0054+9Ag+MOS_0511.npz,1.038,1.057
HNSCC-01-0054,A4Ac,TRUE,4,1,train,train,C:/Users/LT/Desktop/Top2/data/dataset_update_NaH/HNSCC-01-0054+A4Ac+MOS_0511.npz,1.026,1.044
HNSCC-01-0055,15Ag,FALSE,4,1,train,train,C:/Users/LT/Desktop/Top2/data/dataset_update_NaH/HNSCC-01-0055+15Ag+MOS_50239.npz,1.027,1.042
HNSCC-01-0055,9Ag,FALSE,4,1,train,train,C:/Users/LT/Desktop/Top2/data/dataset_update_NaH/HNSCC-01-0055+9Ag+MOS_50239.npz,1.027,1.038
HNSCC-01-0055,A4Ac,TRUE,4,1,train,train,C:/Users/LT/Desktop/Top2/data/dataset_update_NaH/HNSCC-01-0055+A4Ac+MOS_50239.npz,1.023,1.035
HNSCC-01-0056,15Ag,FALSE,4,1,train,train,C:/Users/LT/Desktop/Top2/data/dataset_update_NaH/HNSCC-01-0056+15Ag+MOS_11864.npz,1.035,1.059
HNSCC-01-0056,9Ag,FALSE,4,1,train,train,C:/Users/LT/Desktop/Top2/data/dataset_update_NaH/HNSCC-01-0056+9Ag+MOS_11864.npz,1.04,1.063
HNSCC-01-0056,A4Ac,TRUE,4,1,train,train,C:/Users/LT/Desktop/Top2/data/dataset_update_NaH/HNSCC-01-0056+A4Ac+MOS_11864.npz,1.032,1.064
HNSCC-01-0057,15Ag,FALSE,4,1,train,train,C:/Users/LT/Desktop/Top2/data/dataset_update_NaH/HNSCC-01-0057+15Ag+MOS_50995.npz,1.029,1.049
HNSCC-01-0057,9Ag,FALSE,4,1,train,train,C:/Users/LT/Desktop/Top2/data/dataset_update_NaH/HNSCC-01-0057+9Ag+MOS_50995.npz,1.033,1.051
HNSCC-01-0057,A4Ac,TRUE,4,1,train,train,C:/Users/LT/Desktop/Top2/data/dataset_update_NaH/HNSCC-01-0057+A4Ac+MOS_50995.npz,1.024,1.036
HNSCC-01-0059,15Ag,FALSE,4,1,train,train,C:/Users/LT/Desktop/Top2/data/dataset_update_NaH/HNSCC-01-0059+15Ag+MOS_1685.npz,1.034,1.061
HNSCC-01-0059,9Ag,FALSE,4,1,train,train,C:/Users/LT/Desktop/Top2/data/dataset_update_NaH/HNSCC-01-0059+9Ag+MOS_1685.npz,1.039,1.058
HNSCC-01-0059,A4Ac,TRUE,4,1,train,train,C:/Users/LT/Desktop/Top2/data/dataset_update_NaH/HNSCC-01-0059+A4Ac+MOS_1685.npz,1.033,1.058
HNSCC-01-0060,15Ag,FALSE,4,1,train,train,C:/Users/LT/Desktop/Top2/data/dataset_update_NaH/HNSCC-01-0060+15Ag+MOS_19273.npz,1.031,1.05
HNSCC-01-0060,9Ag,FALSE,4,1,train,train,C:/Users/LT/Desktop/Top2/data/dataset_update_NaH/HNSCC-01-0060+9Ag+MOS_19273.npz,1.033,1.059
HNSCC-01-0060,A4Ac,TRUE,4,1,train,train,C:/Users/LT/Desktop/Top2/data/dataset_update_NaH/HNSCC-01-0060+A4Ac+MOS_19273.npz,1.03,1.05
HNSCC-01-0061,15Ag,FALSE,4,1,train,train,C:/Users/LT/Desktop/Top2/data/dataset_update_NaH/HNSCC-01-0061+15Ag+MOS_6661.npz,1.028,1.046
HNSCC-01-0061,9Ag,FALSE,4,1,train,train,C:/Users/LT/Desktop/Top2/data/dataset_update_NaH/HNSCC-01-0061+9Ag+MOS_6661.npz,1.037,1.054
HNSCC-01-0061,A4Ac,TRUE,4,1,train,train,C:/Users/LT/Desktop/Top2/data/dataset_update_NaH/HNSCC-01-0061+A4Ac+MOS_6661.npz,1.027,1.04
HNSCC-01-0064,15Ag,FALSE,4,1,train,train,C:/Users/LT/Desktop/Top2/data/dataset_update_NaH/HNSCC-01-0064+15Ag+MOS_55919.npz,1.037,1.057
HNSCC-01-0064,9Ag,FALSE,4,1,train,train,C:/Users/LT/Desktop/Top2/data/dataset_update_NaH/HNSCC-01-0064+9Ag+MOS_55919.npz,1.035,1.049
HNSCC-01-0064,A4Ac,TRUE,4,1,train,train,C:/Users/LT/Desktop/Top2/data/dataset_update_NaH/HNSCC-01-0064+A4Ac+MOS_55919.npz,1.026,1.045
HNSCC-01-0065,15Ag,FALSE,4,1,train,train,C:/Users/LT/Desktop/Top2/data/dataset_update_NaH/HNSCC-01-0065+15Ag+MOS_50898.npz,1.035,1.06
HNSCC-01-0065,9Ag,FALSE,4,1,train,train,C:/Users/LT/Desktop/Top2/data/dataset_update_NaH/HNSCC-01-0065+9Ag+MOS_50898.npz,1.035,1.058
HNSCC-01-0065,A4Ac,TRUE,4,1,train,train,C:/Users/LT/Desktop/Top2/data/dataset_update_NaH/HNSCC-01-0065+A4Ac+MOS_50898.npz,1.034,1.056
HNSCC-01-0067,15Ag,FALSE,4,1,train,train,C:/Users/LT/Desktop/Top2/data/dataset_update_NaH/HNSCC-01-0067+15Ag+MOS_30701.npz,1.044,1.077
HNSCC-01-0067,9Ag,FALSE,4,1,train,train,C:/Users/LT/Desktop/Top2/data/dataset_update_NaH/HNSCC-01-0067+9Ag+MOS_30701.npz,1.046,1.091
HNSCC-01-0068,15Ag,FALSE,4,1,train,train,C:/Users/LT/Desktop/Top2/data/dataset_update_NaH/HNSCC-01-0068+15Ag+MOS_25537.npz,1.041,1.082
HNSCC-01-0068,9Ag,FALSE,4,1,train,train,C:/Users/LT/Desktop/Top2/data/dataset_update_NaH/HNSCC-01-0068+9Ag+MOS_25537.npz,1.043,1.076
HNSCC-01-0068,A4Ac,TRUE,4,1,train,train,C:/Users/LT/Desktop/Top2/data/dataset_update_NaH/HNSCC-01-0068+A4Ac+MOS_25537.npz,1.031,1.055
HNSCC-01-0069,15Ag,FALSE,4,1,train,train,C:/Users/LT/Desktop/Top2/data/dataset_update_NaH/HNSCC-01-0069+15Ag+MOS_3547.npz,1.035,1.061
HNSCC-01-0069,9Ag,FALSE,4,1,train,train,C:/Users/LT/Desktop/Top2/data/dataset_update_NaH/HNSCC-01-0069+9Ag+MOS_3547.npz,1.041,1.061
HNSCC-01-0069,A4Ac,TRUE,4,1,train,train,C:/Users/LT/Desktop/Top2/data/dataset_update_NaH/HNSCC-01-0069+A4Ac+MOS_3547.npz,1.032,1.056
HNSCC-01-0071,15Ag,FALSE,4,1,train,train,C:/Users/LT/Desktop/Top2/data/dataset_update_NaH/HNSCC-01-0071+15Ag+MOS_4789.npz,1.034,1.051
HNSCC-01-0071,9Ag,FALSE,4,1,train,train,C:/Users/LT/Desktop/Top2/data/dataset_update_NaH/HNSCC-01-0071+9Ag+MOS_4789.npz,1.038,1.055
HNSCC-01-0071,A4Ac,TRUE,4,1,train,train,C:/Users/LT/Desktop/Top2/data/dataset_update_NaH/HNSCC-01-0071+A4Ac+MOS_4789.npz,1.032,1.057
HNSCC-01-0075,15Ag,FALSE,4,1,train,train,C:/Users/LT/Desktop/Top2/data/dataset_update_NaH/HNSCC-01-0075+15Ag+MOS_2272.npz,1.033,1.058
HNSCC-01-0075,9Ag,FALSE,4,1,train,train,C:/Users/LT/Desktop/Top2/data/dataset_update_NaH/HNSCC-01-0075+9Ag+MOS_2272.npz,1.036,1.062
HNSCC-01-0075,A4Ac,TRUE,4,1,train,train,C:/Users/LT/Desktop/Top2/data/dataset_update_NaH/HNSCC-01-0075+A4Ac+MOS_2272.npz,1.028,1.044
HNSCC-01-0076,15Ag,FALSE,4,1,train,train,C:/Users/LT/Desktop/Top2/data/dataset_update_NaH/HNSCC-01-0076+15Ag+MOS_45290.npz,1.026,1.041
HNSCC-01-0076,9Ag,FALSE,4,1,train,train,C:/Users/LT/Desktop/Top2/data/dataset_update_NaH/HNSCC-01-0076+9Ag+MOS_45290.npz,1.027,1.042
HNSCC-01-0076,A4Ac,TRUE,4,1,train,train,C:/Users/LT/Desktop/Top2/data/dataset_update_NaH/HNSCC-01-0076+A4Ac+MOS_45290.npz,1.024,1.036
HNSCC-01-0077,15Ag,FALSE,4,1,train,train,C:/Users/LT/Desktop/Top2/data/dataset_update_NaH/HNSCC-01-0077+15Ag+MOS_56771.npz,1.04,1.077
HNSCC-01-0077,9Ag,FALSE,4,1,train,train,C:/Users/LT/Desktop/Top2/data/dataset_update_NaH/HNSCC-01-0077+9Ag+MOS_56771.npz,1.043,1.071
HNSCC-01-0078,15Ag,FALSE,4,1,train,train,C:/Users/LT/Desktop/Top2/data/dataset_update_NaH/HNSCC-01-0078+15Ag+MOS_12319.npz,1.029,1.045
HNSCC-01-0078,9Ag,FALSE,4,1,train,train,C:/Users/LT/Desktop/Top2/data/dataset_update_NaH/HNSCC-01-0078+9Ag+MOS_12319.npz,1.029,1.045
HNSCC-01-0078,A4Ac,TRUE,4,1,train,train,C:/Users/LT/Desktop/Top2/data/dataset_update_NaH/HNSCC-01-0078+A4Ac+MOS_12319.npz,1.031,1.043
HNSCC-01-0081,15Ag,FALSE,4,1,train,train,C:/Users/LT/Desktop/Top2/data/dataset_update_NaH/HNSCC-01-0081+15Ag+MOS_33307.npz,1.036,1.056
HNSCC-01-0081,9Ag,FALSE,4,1,train,train,C:/Users/LT/Desktop/Top2/data/dataset_update_NaH/HNSCC-01-0081+9Ag+MOS_33307.npz,1.036,1.056
HNSCC-01-0081,A4Ac,TRUE,4,1,train,train,C:/Users/LT/Desktop/Top2/data/dataset_update_NaH/HNSCC-01-0081+A4Ac+MOS_33307.npz,1.031,1.049
HNSCC-01-0084,15Ag,FALSE,4,1,train,train,C:/Users/LT/Desktop/Top2/data/dataset_update_NaH/HNSCC-01-0084+15Ag+MOS_44704.npz,1.031,1.061
HNSCC-01-0084,9Ag,FALSE,4,1,train,train,C:/Users/LT/Desktop/Top2/data/dataset_update_NaH/HNSCC-01-0084+9Ag+MOS_44704.npz,1.034,1.075
HNSCC-01-0084,A4Ac,TRUE,4,1,train,train,C:/Users/LT/Desktop/Top2/data/dataset_update_NaH/HNSCC-01-0084+A4Ac+MOS_44704.npz,1.028,1.055
HNSCC-01-0085,15Ag,FALSE,4,1,train,train,C:/Users/LT/Desktop/Top2/data/dataset_update_NaH/HNSCC-01-0085+15Ag+MOS_647.npz,1.031,1.052
HNSCC-01-0085,9Ag,FALSE,4,1,train,train,C:/Users/LT/Desktop/Top2/data/dataset_update_NaH/HNSCC-01-0085+9Ag+MOS_647.npz,1.034,1.051
HNSCC-01-0085,A4Ac,TRUE,4,1,train,train,C:/Users/LT/Desktop/Top2/data/dataset_update_NaH/HNSCC-01-0085+A4Ac+MOS_647.npz,1.028,1.045
HNSCC-01-0086,15Ag,FALSE,4,1,train,train,C:/Users/LT/Desktop/Top2/data/dataset_update_NaH/HNSCC-01-0086+15Ag+MOS_27559.npz,1.033,1.055
HNSCC-01-0086,9Ag,FALSE,4,1,train,train,C:/Users/LT/Desktop/Top2/data/dataset_update_NaH/HNSCC-01-0086+9Ag+MOS_27559.npz,1.038,1.068
HNSCC-01-0088,15Ag,FALSE,4,1,train,train,C:/Users/LT/Desktop/Top2/data/dataset_update_NaH/HNSCC-01-0088+15Ag+MOS_7225.npz,1.033,1.056
HNSCC-01-0088,9Ag,FALSE,4,1,train,train,C:/Users/LT/Desktop/Top2/data/dataset_update_NaH/HNSCC-01-0088+9Ag+MOS_7225.npz,1.039,1.069
HNSCC-01-0088,A4Ac,TRUE,4,1,train,train,C:/Users/LT/Desktop/Top2/data/dataset_update_NaH/HNSCC-01-0088+A4Ac+MOS_7225.npz,1.029,1.055
HNSCC-01-0089,15Ag,FALSE,4,1,train,train,C:/Users/LT/Desktop/Top2/data/dataset_update_NaH/HNSCC-01-0089+15Ag+MOS_6527.npz,1.032,1.046
HNSCC-01-0089,9Ag,FALSE,4,1,train,train,C:/Users/LT/Desktop/Top2/data/dataset_update_NaH/HNSCC-01-0089+9Ag+MOS_6527.npz,1.035,1.052
HNSCC-01-0089,A4Ac,TRUE,4,1,train,train,C:/Users/LT/Desktop/Top2/data/dataset_update_NaH/HNSCC-01-0089+A4Ac+MOS_6527.npz,1.033,1.052
HNSCC-01-0090,15Ag,FALSE,4,1,train,train,C:/Users/LT/Desktop/Top2/data/dataset_update_NaH/HNSCC-01-0090+15Ag+MOS_36890.npz,1.028,1.044
HNSCC-01-0090,9Ag,FALSE,4,1,train,train,C:/Users/LT/Desktop/Top2/data/dataset_update_NaH/HNSCC-01-0090+9Ag+MOS_36890.npz,1.034,1.052
HNSCC-01-0090,A4Ac,TRUE,4,1,train,train,C:/Users/LT/Desktop/Top2/data/dataset_update_NaH/HNSCC-01-0090+A4Ac+MOS_36890.npz,1.025,1.037
HNSCC-01-0091,15Ag,FALSE,4,1,train,train,C:/Users/LT/Desktop/Top2/data/dataset_update_NaH/HNSCC-01-0091+15Ag+MOS_43410.npz,1.03,1.062
HNSCC-01-0091,9Ag,FALSE,4,1,train,train,C:/Users/LT/Desktop/Top2/data/dataset_update_NaH/HNSCC-01-0091+9Ag+MOS_43410.npz,1.04,1.061
HNSCC-01-0091,A4Ac,TRUE,4,1,train,train,C:/Users/LT/Desktop/Top2/data/dataset_update_NaH/HNSCC-01-0091+A4Ac+MOS_43410.npz,1.028,1.049
HNSCC-01-0093,15Ag,FALSE,4,1,train,train,C:/Users/LT/Desktop/Top2/data/dataset_update_NaH/HNSCC-01-0093+15Ag+MOS_41948.npz,1.032,1.049
HNSCC-01-0093,9Ag,FALSE,4,1,train,train,C:/Users/LT/Desktop/Top2/data/dataset_update_NaH/HNSCC-01-0093+9Ag+MOS_41948.npz,1.034,1.056
HNSCC-01-0093,A4Ac,TRUE,4,1,train,train,C:/Users/LT/Desktop/Top2/data/dataset_update_NaH/HNSCC-01-0093+A4Ac+MOS_41948.npz,1.031,1.055
HNSCC-01-0095,15Ag,FALSE,4,1,train,train,C:/Users/LT/Desktop/Top2/data/dataset_update_NaH/HNSCC-01-0095+15Ag+MOS_50509.npz,1.031,1.048
HNSCC-01-0095,9Ag,FALSE,4,1,train,train,C:/Users/LT/Desktop/Top2/data/dataset_update_NaH/HNSCC-01-0095+9Ag+MOS_50509.npz,1.033,1.048
HNSCC-01-0095,A4Ac,TRUE,4,1,train,train,C:/Users/LT/Desktop/Top2/data/dataset_update_NaH/HNSCC-01-0095+A4Ac+MOS_50509.npz,1.026,1.038
HNSCC-01-0096,15Ag,FALSE,4,1,train,train,C:/Users/LT/Desktop/Top2/data/dataset_update_NaH/HNSCC-01-0096+15Ag+MOS_12651.npz,1.031,1.056
HNSCC-01-0096,9Ag,FALSE,4,1,train,train,C:/Users/LT/Desktop/Top2/data/dataset_update_NaH/HNSCC-01-0096+9Ag+MOS_12651.npz,1.037,1.074
HNSCC-01-0097,15Ag,FALSE,4,1,train,train,C:/Users/LT/Desktop/Top2/data/dataset_update_NaH/HNSCC-01-0097+15Ag+MOS_5204.npz,1.041,1.068
HNSCC-01-0097,9Ag,FALSE,4,1,train,train,C:/Users/LT/Desktop/Top2/data/dataset_update_NaH/HNSCC-01-0097+9Ag+MOS_5204.npz,1.047,1.084
HNSCC-01-0097,A4Ac,TRUE,4,1,train,train,C:/Users/LT/Desktop/Top2/data/dataset_update_NaH/HNSCC-01-0097+A4Ac+MOS_5204.npz,1.032,1.054
HNSCC-01-0098,15Ag,FALSE,4,1,train,train,C:/Users/LT/Desktop/Top2/data/dataset_update_NaH/HNSCC-01-0098+15Ag+MOS_9425.npz,1.051,1.058
HNSCC-01-0098,9Ag,FALSE,4,1,train,train,C:/Users/LT/Desktop/Top2/data/dataset_update_NaH/HNSCC-01-0098+9Ag+MOS_9425.npz,1.057,1.068
HNSCC-01-0098,A4Ac,TRUE,4,1,train,train,C:/Users/LT/Desktop/Top2/data/dataset_update_NaH/HNSCC-01-0098+A4Ac+MOS_9425.npz,1.04,1.049
HNSCC-01-0099,15Ag,FALSE,4,1,train,train,C:/Users/LT/Desktop/Top2/data/dataset_update_NaH/HNSCC-01-0099+15Ag+MOS_4648.npz,1.039,1.063
HNSCC-01-0099,9Ag,FALSE,4,1,train,train,C:/Users/LT/Desktop/Top2/data/dataset_update_NaH/HNSCC-01-0099+9Ag+MOS_4648.npz,1.038,1.064
HNSCC-01-0099,A4Ac,TRUE,4,1,train,train,C:/Users/LT/Desktop/Top2/data/dataset_update_NaH/HNSCC-01-0099+A4Ac+MOS_4648.npz,1.027,1.04
HNSCC-01-0100,15Ag,FALSE,4,1,train,train,C:/Users/LT/Desktop/Top2/data/dataset_update_NaH/HNSCC-01-0100+15Ag+MOS_32120.npz,1.038,1.069
HNSCC-01-0100,9Ag,FALSE,4,1,train,train,C:/Users/LT/Desktop/Top2/data/dataset_update_NaH/HNSCC-01-0100+9Ag+MOS_32120.npz,1.044,1.076
HNSCC-01-0100,A4Ac,TRUE,4,1,train,train,C:/Users/LT/Desktop/Top2/data/dataset_update_NaH/HNSCC-01-0100+A4Ac+MOS_32120.npz,1.03,1.066
HNSCC-01-0103,15Ag,FALSE,4,1,train,train,C:/Users/LT/Desktop/Top2/data/dataset_update_NaH/HNSCC-01-0103+15Ag+MOS_29326.npz,1.028,1.044
HNSCC-01-0103,9Ag,FALSE,4,1,train,train,C:/Users/LT/Desktop/Top2/data/dataset_update_NaH/HNSCC-01-0103+9Ag+MOS_29326.npz,1.035,1.05
HNSCC-01-0104,15Ag,FALSE,4,1,train,train,C:/Users/LT/Desktop/Top2/data/dataset_update_NaH/HNSCC-01-0104+15Ag+MOS_4811.npz,1.038,1.06
HNSCC-01-0104,9Ag,FALSE,4,1,train,train,C:/Users/LT/Desktop/Top2/data/dataset_update_NaH/HNSCC-01-0104+9Ag+MOS_4811.npz,1.036,1.053
HNSCC-01-0104,A4Ac,TRUE,4,1,train,train,C:/Users/LT/Desktop/Top2/data/dataset_update_NaH/HNSCC-01-0104+A4Ac+MOS_4811.npz,1.028,1.04
HNSCC-01-0105,15Ag,FALSE,4,1,train,train,C:/Users/LT/Desktop/Top2/data/dataset_update_NaH/HNSCC-01-0105+15Ag+MOS_38611.npz,1.036,1.057
HNSCC-01-0105,9Ag,FALSE,4,1,train,train,C:/Users/LT/Desktop/Top2/data/dataset_update_NaH/HNSCC-01-0105+9Ag+MOS_38611.npz,1.039,1.08
HNSCC-01-0105,A4Ac,TRUE,4,1,train,train,C:/Users/LT/Desktop/Top2/data/dataset_update_NaH/HNSCC-01-0105+A4Ac+MOS_38611.npz,1.031,1.061
HNSCC-01-0106,15Ag,FALSE,4,1,train,train,C:/Users/LT/Desktop/Top2/data/dataset_update_NaH/HNSCC-01-0106+15Ag+MOS_57971.npz,1.029,1.045
HNSCC-01-0106,9Ag,FALSE,4,1,train,train,C:/Users/LT/Desktop/Top2/data/dataset_update_NaH/HNSCC-01-0106+9Ag+MOS_57971.npz,1.029,1.047
HNSCC-01-0106,A4Ac,TRUE,4,1,train,train,C:/Users/LT/Desktop/Top2/data/dataset_update_NaH/HNSCC-01-0106+A4Ac+MOS_57971.npz,1.025,1.038
HNSCC-01-0107,15Ag,FALSE,4,1,train,train,C:/Users/LT/Desktop/Top2/data/dataset_update_NaH/HNSCC-01-0107+15Ag+MOS_56771.npz,1.03,1.051
HNSCC-01-0107,9Ag,FALSE,4,1,train,train,C:/Users/LT/Desktop/Top2/data/dataset_update_NaH/HNSCC-01-0107+9Ag+MOS_56771.npz,1.036,1.058
HNSCC-01-0107,A4Ac,TRUE,4,1,train,train,C:/Users/LT/Desktop/Top2/data/dataset_update_NaH/HNSCC-01-0107+A4Ac+MOS_56771.npz,1.026,1.044
HNSCC-01-0109,15Ag,FALSE,4,1,train,train,C:/Users/LT/Desktop/Top2/data/dataset_update_NaH/HNSCC-01-0109+15Ag+MOS_42365.npz,1.034,1.067
HNSCC-01-0109,9Ag,FALSE,4,1,train,train,C:/Users/LT/Desktop/Top2/data/dataset_update_NaH/HNSCC-01-0109+9Ag+MOS_42365.npz,1.038,1.065
HNSCC-01-0109,A4Ac,TRUE,4,1,train,train,C:/Users/LT/Desktop/Top2/data/dataset_update_NaH/HNSCC-01-0109+A4Ac+MOS_42365.npz,1.038,1.069
HNSCC-01-0110,15Ag,FALSE,4,1,train,train,C:/Users/LT/Desktop/Top2/data/dataset_update_NaH/HNSCC-01-0110+15Ag+MOS_2587.npz,1.032,1.054
HNSCC-01-0110,9Ag,FALSE,4,1,train,train,C:/Users/LT/Desktop/Top2/data/dataset_update_NaH/HNSCC-01-0110+9Ag+MOS_2587.npz,1.035,1.067
HNSCC-01-0110,A4Ac,TRUE,4,1,train,train,C:/Users/LT/Desktop/Top2/data/dataset_update_NaH/HNSCC-01-0110+A4Ac+MOS_2587.npz,1.033,1.058
HNSCC-01-0111,15Ag,FALSE,4,1,train,train,C:/Users/LT/Desktop/Top2/data/dataset_update_NaH/HNSCC-01-0111+15Ag+MOS_58257.npz,1.032,1.05
HNSCC-01-0111,9Ag,FALSE,4,1,train,train,C:/Users/LT/Desktop/Top2/data/dataset_update_NaH/HNSCC-01-0111+9Ag+MOS_58257.npz,1.039,1.064
HNSCC-01-0111,A4Ac,TRUE,4,1,train,train,C:/Users/LT/Desktop/Top2/data/dataset_update_NaH/HNSCC-01-0111+A4Ac+MOS_58257.npz,1.028,1.054
HNSCC-01-0113,15Ag,FALSE,4,1,train,train,C:/Users/LT/Desktop/Top2/data/dataset_update_NaH/HNSCC-01-0113+15Ag+MOS_556.npz,1.035,1.066
HNSCC-01-0113,9Ag,FALSE,4,1,train,train,C:/Users/LT/Desktop/Top2/data/dataset_update_NaH/HNSCC-01-0113+9Ag+MOS_556.npz,1.038,1.058
HNSCC-01-0113,A4Ac,TRUE,4,1,train,train,C:/Users/LT/Desktop/Top2/data/dataset_update_NaH/HNSCC-01-0113+A4Ac+MOS_556.npz,1.031,1.059
HNSCC-01-0115,15Ag,FALSE,4,1,train,train,C:/Users/LT/Desktop/Top2/data/dataset_update_NaH/HNSCC-01-0115+15Ag+MOS_21384.npz,1.029,1.05
HNSCC-01-0115,9Ag,FALSE,4,1,train,train,C:/Users/LT/Desktop/Top2/data/dataset_update_NaH/HNSCC-01-0115+9Ag+MOS_21384.npz,1.033,1.053
HNSCC-01-0115,A4Ac,TRUE,4,1,train,train,C:/Users/LT/Desktop/Top2/data/dataset_update_NaH/HNSCC-01-0115+A4Ac+MOS_21384.npz,1.027,1.046
HNSCC-01-0117,15Ag,FALSE,4,1,train,train,C:/Users/LT/Desktop/Top2/data/dataset_update_NaH/HNSCC-01-0117+15Ag+MOS_20885.npz,1.029,1.06
HNSCC-01-0117,9Ag,FALSE,4,1,train,train,C:/Users/LT/Desktop/Top2/data/dataset_update_NaH/HNSCC-01-0117+9Ag+MOS_20885.npz,1.035,1.056
HNSCC-01-0117,A4Ac,TRUE,4,1,train,train,C:/Users/LT/Desktop/Top2/data/dataset_update_NaH/HNSCC-01-0117+A4Ac+MOS_20885.npz,1.027,1.045
HNSCC-01-0118,15Ag,FALSE,4,1,train,train,C:/Users/LT/Desktop/Top2/data/dataset_update_NaH/HNSCC-01-0118+15Ag+MOS_5289.npz,1.034,1.062
HNSCC-01-0118,9Ag,FALSE,4,1,train,train,C:/Users/LT/Desktop/Top2/data/dataset_update_NaH/HNSCC-01-0118+9Ag+MOS_5289.npz,1.035,1.062
HNSCC-01-0118,A4Ac,TRUE,4,1,train,train,C:/Users/LT/Desktop/Top2/data/dataset_update_NaH/HNSCC-01-0118+A4Ac+MOS_5289.npz,1.03,1.045
HNSCC-01-0119,15Ag,FALSE,4,1,train,train,C:/Users/LT/Desktop/Top2/data/dataset_update_NaH/HNSCC-01-0119+15Ag+MOS_32745.npz,1.03,1.043
HNSCC-01-0119,9Ag,FALSE,4,1,train,train,C:/Users/LT/Desktop/Top2/data/dataset_update_NaH/HNSCC-01-0119+9Ag+MOS_32745.npz,1.031,1.044
HNSCC-01-0119,A4Ac,TRUE,4,1,train,train,C:/Users/LT/Desktop/Top2/data/dataset_update_NaH/HNSCC-01-0119+A4Ac+MOS_32745.npz,1.026,1.042
HNSCC-01-0120,15Ag,FALSE,4,1,train,train,C:/Users/LT/Desktop/Top2/data/dataset_update_NaH/HNSCC-01-0120+15Ag+MOS_39386.npz,1.03,1.05
HNSCC-01-0120,9Ag,FALSE,4,1,train,train,C:/Users/LT/Desktop/Top2/data/dataset_update_NaH/HNSCC-01-0120+9Ag+MOS_39386.npz,1.038,1.068
HNSCC-01-0120,A4Ac,TRUE,4,1,train,train,C:/Users/LT/Desktop/Top2/data/dataset_update_NaH/HNSCC-01-0120+A4Ac+MOS_39386.npz,1.031,1.065
HNSCC-01-0121,15Ag,FALSE,4,1,train,train,C:/Users/LT/Desktop/Top2/data/dataset_update_NaH/HNSCC-01-0121+15Ag+MOS_16766.npz,1.038,1.101
HNSCC-01-0121,9Ag,FALSE,4,1,train,train,C:/Users/LT/Desktop/Top2/data/dataset_update_NaH/HNSCC-01-0121+9Ag+MOS_16766.npz,1.042,1.076
HNSCC-01-0121,A4Ac,TRUE,4,1,train,train,C:/Users/LT/Desktop/Top2/data/dataset_update_NaH/HNSCC-01-0121+A4Ac+MOS_16766.npz,1.035,1.067
HNSCC-01-0123,9Ag,FALSE,4,1,train,train,C:/Users/LT/Desktop/Top2/data/dataset_update_NaH/HNSCC-01-0123+9Ag+MOS_19685.npz,1.04,1.064
HNSCC-01-0123,A4Ac,TRUE,4,1,train,train,C:/Users/LT/Desktop/Top2/data/dataset_update_NaH/HNSCC-01-0123+A4Ac+MOS_19685.npz,1.041,1.066
HNSCC-01-0125,15Ag,FALSE,4,1,train,train,C:/Users/LT/Desktop/Top2/data/dataset_update_NaH/HNSCC-01-0125+15Ag+MOS_10800.npz,1.035,1.053
HNSCC-01-0125,9Ag,FALSE,4,1,train,train,C:/Users/LT/Desktop/Top2/data/dataset_update_NaH/HNSCC-01-0125+9Ag+MOS_10800.npz,1.04,1.064
HNSCC-01-0125,A4Ac,TRUE,4,1,train,train,C:/Users/LT/Desktop/Top2/data/dataset_update_NaH/HNSCC-01-0125+A4Ac+MOS_10800.npz,1.029,1.042
HNSCC-01-0126,15Ag,FALSE,4,1,train,train,C:/Users/LT/Desktop/Top2/data/dataset_update_NaH/HNSCC-01-0126+15Ag+MOS_10613.npz,1.026,1.041
HNSCC-01-0126,9Ag,FALSE,4,1,train,train,C:/Users/LT/Desktop/Top2/data/dataset_update_NaH/HNSCC-01-0126+9Ag+MOS_10613.npz,1.031,1.066
HNSCC-01-0126,A4Ac,TRUE,4,1,train,train,C:/Users/LT/Desktop/Top2/data/dataset_update_NaH/HNSCC-01-0126+A4Ac+MOS_10613.npz,1.025,1.038
HNSCC-01-0127,15Ag,FALSE,4,1,train,train,C:/Users/LT/Desktop/Top2/data/dataset_update_NaH/HNSCC-01-0127+15Ag+MOS_3750.npz,1.03,1.046
HNSCC-01-0127,9Ag,FALSE,4,1,train,train,C:/Users/LT/Desktop/Top2/data/dataset_update_NaH/HNSCC-01-0127+9Ag+MOS_3750.npz,1.032,1.047
HNSCC-01-0127,A4Ac,TRUE,4,1,train,train,C:/Users/LT/Desktop/Top2/data/dataset_update_NaH/HNSCC-01-0127+A4Ac+MOS_3750.npz,1.026,1.035
HNSCC-01-0129,15Ag,FALSE,4,1,train,train,C:/Users/LT/Desktop/Top2/data/dataset_update_NaH/HNSCC-01-0129+15Ag+MOS_33628.npz,1.035,1.067
HNSCC-01-0129,9Ag,FALSE,4,1,train,train,C:/Users/LT/Desktop/Top2/data/dataset_update_NaH/HNSCC-01-0129+9Ag+MOS_33628.npz,1.037,1.058
HNSCC-01-0130,15Ag,FALSE,4,1,train,train,C:/Users/LT/Desktop/Top2/data/dataset_update_NaH/HNSCC-01-0130+15Ag+MOS_42171.npz,1.039,1.079
HNSCC-01-0130,9Ag,FALSE,4,1,train,train,C:/Users/LT/Desktop/Top2/data/dataset_update_NaH/HNSCC-01-0130+9Ag+MOS_42171.npz,1.048,1.091
HNSCC-01-0130,A4Ac,TRUE,4,1,train,train,C:/Users/LT/Desktop/Top2/data/dataset_update_NaH/HNSCC-01-0130+A4Ac+MOS_42171.npz,1.04,1.101
HNSCC-01-0131,15Ag,FALSE,4,1,train,train,C:/Users/LT/Desktop/Top2/data/dataset_update_NaH/HNSCC-01-0131+15Ag+MOS_57396.npz,1.037,1.066
HNSCC-01-0131,9Ag,FALSE,4,1,train,train,C:/Users/LT/Desktop/Top2/data/dataset_update_NaH/HNSCC-01-0131+9Ag+MOS_57396.npz,1.043,1.071
HNSCC-01-0131,A4Ac,TRUE,4,1,train,train,C:/Users/LT/Desktop/Top2/data/dataset_update_NaH/HNSCC-01-0131+A4Ac+MOS_57396.npz,1.034,1.059
HNSCC-01-0133,15Ag,FALSE,4,1,train,train,C:/Users/LT/Desktop/Top2/data/dataset_update_NaH/HNSCC-01-0133+15Ag+MOS_22927.npz,1.031,1.053
HNSCC-01-0133,9Ag,FALSE,4,1,train,train,C:/Users/LT/Desktop/Top2/data/dataset_update_NaH/HNSCC-01-0133+9Ag+MOS_22927.npz,1.035,1.054
HNSCC-01-0133,A4Ac,TRUE,4,1,train,train,C:/Users/LT/Desktop/Top2/data/dataset_update_NaH/HNSCC-01-0133+A4Ac+MOS_22927.npz,1.029,1.054
HNSCC-01-0134,15Ag,FALSE,4,1,train,train,C:/Users/LT/Desktop/Top2/data/dataset_update_NaH/HNSCC-01-0134+15Ag+MOS_27611.npz,1.031,1.054
HNSCC-01-0134,9Ag,FALSE,4,1,train,train,C:/Users/LT/Desktop/Top2/data/dataset_update_NaH/HNSCC-01-0134+9Ag+MOS_27611.npz,1.036,1.053
HNSCC-01-0134,A4Ac,TRUE,4,1,train,train,C:/Users/LT/Desktop/Top2/data/dataset_update_NaH/HNSCC-01-0134+A4Ac+MOS_27611.npz,1.029,1.043
HNSCC-01-0137,15Ag,FALSE,4,1,train,train,C:/Users/LT/Desktop/Top2/data/dataset_update_NaH/HNSCC-01-0137+15Ag+MOS_2132.npz,1.036,1.064
HNSCC-01-0137,9Ag,FALSE,4,1,train,train,C:/Users/LT/Desktop/Top2/data/dataset_update_NaH/HNSCC-01-0137+9Ag+MOS_2132.npz,1.044,1.085
HNSCC-01-0137,A4Ac,TRUE,4,1,train,train,C:/Users/LT/Desktop/Top2/data/dataset_update_NaH/HNSCC-01-0137+A4Ac+MOS_2132.npz,1.038,1.066
HNSCC-01-0140,15Ag,FALSE,4,1,train,train,C:/Users/LT/Desktop/Top2/data/dataset_update_NaH/HNSCC-01-0140+15Ag+MOS_31144.npz,1.036,1.07
HNSCC-01-0140,9Ag,FALSE,4,1,train,train,C:/Users/LT/Desktop/Top2/data/dataset_update_NaH/HNSCC-01-0140+9Ag+MOS_31144.npz,1.037,1.061
HNSCC-01-0140,A4Ac,TRUE,4,1,train,train,C:/Users/LT/Desktop/Top2/data/dataset_update_NaH/HNSCC-01-0140+A4Ac+MOS_31144.npz,1.031,1.05
HNSCC-01-0141,15Ag,FALSE,4,1,train,train,C:/Users/LT/Desktop/Top2/data/dataset_update_NaH/HNSCC-01-0141+15Ag+MOS_50584.npz,1.028,1.045
HNSCC-01-0141,9Ag,FALSE,4,1,train,train,C:/Users/LT/Desktop/Top2/data/dataset_update_NaH/HNSCC-01-0141+9Ag+MOS_50584.npz,1.031,1.046
HNSCC-01-0145,15Ag,FALSE,4,1,train,train,C:/Users/LT/Desktop/Top2/data/dataset_update_NaH/HNSCC-01-0145+15Ag+MOS_3468.npz,1.038,1.06
HNSCC-01-0145,9Ag,FALSE,4,1,train,train,C:/Users/LT/Desktop/Top2/data/dataset_update_NaH/HNSCC-01-0145+9Ag+MOS_3468.npz,1.037,1.062
HNSCC-01-0145,A4Ac,TRUE,4,1,train,train,C:/Users/LT/Desktop/Top2/data/dataset_update_NaH/HNSCC-01-0145+A4Ac+MOS_3468.npz,1.031,1.063
HNSCC-01-0148,15Ag,FALSE,4,1,train,train,C:/Users/LT/Desktop/Top2/data/dataset_update_NaH/HNSCC-01-0148+15Ag+MOS_29447.npz,1.036,1.06
HNSCC-01-0148,9Ag,FALSE,4,1,train,train,C:/Users/LT/Desktop/Top2/data/dataset_update_NaH/HNSCC-01-0148+9Ag+MOS_29447.npz,1.037,1.071
HNSCC-01-0149,15Ag,FALSE,4,1,train,train,C:/Users/LT/Desktop/Top2/data/dataset_update_NaH/HNSCC-01-0149+15Ag+MOS_32688.npz,1.031,1.047
HNSCC-01-0149,9Ag,FALSE,4,1,train,train,C:/Users/LT/Desktop/Top2/data/dataset_update_NaH/HNSCC-01-0149+9Ag+MOS_32688.npz,1.036,1.057
HNSCC-01-0149,A4Ac,TRUE,4,1,train,train,C:/Users/LT/Desktop/Top2/data/dataset_update_NaH/HNSCC-01-0149+A4Ac+MOS_32688.npz,1.027,1.046
HNSCC-01-0150,15Ag,FALSE,4,1,train,train,C:/Users/LT/Desktop/Top2/data/dataset_update_NaH/HNSCC-01-0150+15Ag+MOS_1218.npz,1.033,1.058
HNSCC-01-0150,9Ag,FALSE,4,1,train,train,C:/Users/LT/Desktop/Top2/data/dataset_update_NaH/HNSCC-01-0150+9Ag+MOS_1218.npz,1.04,1.069
HNSCC-01-0150,A4Ac,TRUE,4,1,train,train,C:/Users/LT/Desktop/Top2/data/dataset_update_NaH/HNSCC-01-0150+A4Ac+MOS_1218.npz,1.033,1.056
HNSCC-01-0151,15Ag,FALSE,4,1,train,train,C:/Users/LT/Desktop/Top2/data/dataset_update_NaH/HNSCC-01-0151+15Ag+MOS_20604.npz,1.032,1.053
HNSCC-01-0151,9Ag,FALSE,4,1,train,train,C:/Users/LT/Desktop/Top2/data/dataset_update_NaH/HNSCC-01-0151+9Ag+MOS_20604.npz,1.036,1.054
HNSCC-01-0151,A4Ac,TRUE,4,1,train,train,C:/Users/LT/Desktop/Top2/data/dataset_update_NaH/HNSCC-01-0151+A4Ac+MOS_20604.npz,1.028,1.061
HNSCC-01-0153,15Ag,FALSE,4,1,train,train,C:/Users/LT/Desktop/Top2/data/dataset_update_NaH/HNSCC-01-0153+15Ag+MOS_5898.npz,1.048,1.079
HNSCC-01-0153,9Ag,FALSE,4,1,train,train,C:/Users/LT/Desktop/Top2/data/dataset_update_NaH/HNSCC-01-0153+9Ag+MOS_5898.npz,1.047,1.11
HNSCC-01-0153,A4Ac,TRUE,4,1,train,train,C:/Users/LT/Desktop/Top2/data/dataset_update_NaH/HNSCC-01-0153+A4Ac+MOS_5898.npz,1.035,1.058
HNSCC-01-0154,15Ag,FALSE,4,1,train,train,C:/Users/LT/Desktop/Top2/data/dataset_update_NaH/HNSCC-01-0154+15Ag+MOS_3577.npz,1.023,1.036
HNSCC-01-0154,9Ag,FALSE,4,1,train,train,C:/Users/LT/Desktop/Top2/data/dataset_update_NaH/HNSCC-01-0154+9Ag+MOS_3577.npz,1.026,1.036
HNSCC-01-0154,A4Ac,TRUE,4,1,train,train,C:/Users/LT/Desktop/Top2/data/dataset_update_NaH/HNSCC-01-0154+A4Ac+MOS_3577.npz,1.023,1.029
HNSCC-01-0155,15Ag,FALSE,4,1,train,train,C:/Users/LT/Desktop/Top2/data/dataset_update_NaH/HNSCC-01-0155+15Ag+MOS_17295.npz,1.039,1.07
HNSCC-01-0155,9Ag,FALSE,4,1,train,train,C:/Users/LT/Desktop/Top2/data/dataset_update_NaH/HNSCC-01-0155+9Ag+MOS_17295.npz,1.05,1.079
HNSCC-01-0155,A4Ac,TRUE,4,1,train,train,C:/Users/LT/Desktop/Top2/data/dataset_update_NaH/HNSCC-01-0155+A4Ac+MOS_17295.npz,1.033,1.061
HNSCC-01-0158,15Ag,FALSE,4,1,train,train,C:/Users/LT/Desktop/Top2/data/dataset_update_NaH/HNSCC-01-0158+15Ag+MOS_42472.npz,1.035,1.063
HNSCC-01-0158,9Ag,FALSE,4,1,train,train,C:/Users/LT/Desktop/Top2/data/dataset_update_NaH/HNSCC-01-0158+9Ag+MOS_42472.npz,1.042,1.077
HNSCC-01-0158,A4Ac,TRUE,4,1,train,train,C:/Users/LT/Desktop/Top2/data/dataset_update_NaH/HNSCC-01-0158+A4Ac+MOS_42472.npz,1.031,1.064
HNSCC-01-0159,15Ag,FALSE,4,1,train,train,C:/Users/LT/Desktop/Top2/data/dataset_update_NaH/HNSCC-01-0159+15Ag+MOS_18222.npz,1.04,1.081
HNSCC-01-0159,9Ag,FALSE,4,1,train,train,C:/Users/LT/Desktop/Top2/data/dataset_update_NaH/HNSCC-01-0159+9Ag+MOS_18222.npz,1.041,1.07
HNSCC-01-0159,A4Ac,TRUE,4,1,train,train,C:/Users/LT/Desktop/Top2/data/dataset_update_NaH/HNSCC-01-0159+A4Ac+MOS_18222.npz,1.027,1.052
HNSCC-01-0160,15Ag,FALSE,4,1,train,train,C:/Users/LT/Desktop/Top2/data/dataset_update_NaH/HNSCC-01-0160+15Ag+MOS_38564.npz,1.031,1.059
HNSCC-01-0160,9Ag,FALSE,4,1,train,train,C:/Users/LT/Desktop/Top2/data/dataset_update_NaH/HNSCC-01-0160+9Ag+MOS_38564.npz,1.036,1.058
HNSCC-01-0160,A4Ac,TRUE,4,1,train,train,C:/Users/LT/Desktop/Top2/data/dataset_update_NaH/HNSCC-01-0160+A4Ac+MOS_38564.npz,1.029,1.045
HNSCC-01-0161,15Ag,FALSE,4,1,train,train,C:/Users/LT/Desktop/Top2/data/dataset_update_NaH/HNSCC-01-0161+15Ag+MOS_6983.npz,1.025,1.036
HNSCC-01-0161,9Ag,FALSE,4,1,train,train,C:/Users/LT/Desktop/Top2/data/dataset_update_NaH/HNSCC-01-0161+9Ag+MOS_6983.npz,1.027,1.036
HNSCC-01-0161,A4Ac,TRUE,4,1,train,train,C:/Users/LT/Desktop/Top2/data/dataset_update_NaH/HNSCC-01-0161+A4Ac+MOS_6983.npz,1.023,1.028
HNSCC-01-0163,15Ag,FALSE,4,1,train,train,C:/Users/LT/Desktop/Top2/data/dataset_update_NaH/HNSCC-01-0163+15Ag+MOS_50499.npz,1.032,1.055
HNSCC-01-0163,9Ag,FALSE,4,1,train,train,C:/Users/LT/Desktop/Top2/data/dataset_update_NaH/HNSCC-01-0163+9Ag+MOS_50499.npz,1.038,1.061
HNSCC-01-0163,A4Ac,TRUE,4,1,train,train,C:/Users/LT/Desktop/Top2/data/dataset_update_NaH/HNSCC-01-0163+A4Ac+MOS_50499.npz,1.027,1.047
HNSCC-01-0164,15Ag,FALSE,4,1,train,train,C:/Users/LT/Desktop/Top2/data/dataset_update_NaH/HNSCC-01-0164+15Ag+MOS_52248.npz,1.024,1.032
HNSCC-01-0164,9Ag,FALSE,4,1,train,train,C:/Users/LT/Desktop/Top2/data/dataset_update_NaH/HNSCC-01-0164+9Ag+MOS_52248.npz,1.023,1.036
HNSCC-01-0164,A4Ac,TRUE,4,1,train,train,C:/Users/LT/Desktop/Top2/data/dataset_update_NaH/HNSCC-01-0164+A4Ac+MOS_52248.npz,1.02,1.028
HNSCC-01-0165,15Ag,FALSE,4,1,train,train,C:/Users/LT/Desktop/Top2/data/dataset_update_NaH/HNSCC-01-0165+15Ag+MOS_49209.npz,1.042,1.071
HNSCC-01-0165,9Ag,FALSE,4,1,train,train,C:/Users/LT/Desktop/Top2/data/dataset_update_NaH/HNSCC-01-0165+9Ag+MOS_49209.npz,1.04,1.074
HNSCC-01-0165,A4Ac,TRUE,4,1,train,train,C:/Users/LT/Desktop/Top2/data/dataset_update_NaH/HNSCC-01-0165+A4Ac+MOS_49209.npz,1.032,1.056
HNSCC-01-0166,15Ag,FALSE,4,1,train,train,C:/Users/LT/Desktop/Top2/data/dataset_update_NaH/HNSCC-01-0166+15Ag+MOS_203.npz,1.035,1.058
HNSCC-01-0166,9Ag,FALSE,4,1,train,train,C:/Users/LT/Desktop/Top2/data/dataset_update_NaH/HNSCC-01-0166+9Ag+MOS_203.npz,1.039,1.061
HNSCC-01-0166,A4Ac,TRUE,4,1,train,train,C:/Users/LT/Desktop/Top2/data/dataset_update_NaH/HNSCC-01-0166+A4Ac+MOS_203.npz,1.031,1.06
HNSCC-01-0168,15Ag,FALSE,4,1,train,train,C:/Users/LT/Desktop/Top2/data/dataset_update_NaH/HNSCC-01-0168+15Ag+MOS_30925.npz,1.047,1.072
HNSCC-01-0168,9Ag,FALSE,4,1,train,train,C:/Users/LT/Desktop/Top2/data/dataset_update_NaH/HNSCC-01-0168+9Ag+MOS_30925.npz,1.05,1.086
HNSCC-01-0168,A4Ac,TRUE,4,1,train,train,C:/Users/LT/Desktop/Top2/data/dataset_update_NaH/HNSCC-01-0168+A4Ac+MOS_30925.npz,1.045,1.086
HNSCC-01-0170,15Ag,FALSE,4,1,train,train,C:/Users/LT/Desktop/Top2/data/dataset_update_NaH/HNSCC-01-0170+15Ag+MOS_6837.npz,1.033,1.059
HNSCC-01-0170,9Ag,FALSE,4,1,train,train,C:/Users/LT/Desktop/Top2/data/dataset_update_NaH/HNSCC-01-0170+9Ag+MOS_6837.npz,1.039,1.07
HNSCC-01-0170,A4Ac,TRUE,4,1,train,train,C:/Users/LT/Desktop/Top2/data/dataset_update_NaH/HNSCC-01-0170+A4Ac+MOS_6837.npz,1.034,1.063
HNSCC-01-0171,15Ag,FALSE,4,1,train,train,C:/Users/LT/Desktop/Top2/data/dataset_update_NaH/HNSCC-01-0171+15Ag+MOS_16923.npz,1.038,1.069
HNSCC-01-0171,9Ag,FALSE,4,1,train,train,C:/Users/LT/Desktop/Top2/data/dataset_update_NaH/HNSCC-01-0171+9Ag+MOS_16923.npz,1.042,1.063
HNSCC-01-0171,A4Ac,TRUE,4,1,train,train,C:/Users/LT/Desktop/Top2/data/dataset_update_NaH/HNSCC-01-0171+A4Ac+MOS_16923.npz,1.031,1.042
HNSCC-01-0173,15Ag,FALSE,4,1,train,train,C:/Users/LT/Desktop/Top2/data/dataset_update_NaH/HNSCC-01-0173+15Ag+MOS_18129.npz,1.04,1.065
HNSCC-01-0173,9Ag,FALSE,4,1,train,train,C:/Users/LT/Desktop/Top2/data/dataset_update_NaH/HNSCC-01-0173+9Ag+MOS_18129.npz,1.041,1.072
HNSCC-01-0173,A4Ac,TRUE,4,1,train,train,C:/Users/LT/Desktop/Top2/data/dataset_update_NaH/HNSCC-01-0173+A4Ac+MOS_18129.npz,1.037,1.069
HNSCC-01-0174,15Ag,FALSE,4,1,train,train,C:/Users/LT/Desktop/Top2/data/dataset_update_NaH/HNSCC-01-0174+15Ag+MOS_48998.npz,1.037,1.064
HNSCC-01-0174,9Ag,FALSE,4,1,train,train,C:/Users/LT/Desktop/Top2/data/dataset_update_NaH/HNSCC-01-0174+9Ag+MOS_48998.npz,1.039,1.057
HNSCC-01-0174,A4Ac,TRUE,4,1,train,train,C:/Users/LT/Desktop/Top2/data/dataset_update_NaH/HNSCC-01-0174+A4Ac+MOS_48998.npz,1.029,1.05
HNSCC-01-0175,15Ag,FALSE,4,1,train,train,C:/Users/LT/Desktop/Top2/data/dataset_update_NaH/HNSCC-01-0175+15Ag+MOS_7110.npz,1.03,1.047
HNSCC-01-0175,9Ag,FALSE,4,1,train,train,C:/Users/LT/Desktop/Top2/data/dataset_update_NaH/HNSCC-01-0175+9Ag+MOS_7110.npz,1.037,1.077
HNSCC-01-0175,A4Ac,TRUE,4,1,train,train,C:/Users/LT/Desktop/Top2/data/dataset_update_NaH/HNSCC-01-0175+A4Ac+MOS_7110.npz,1.03,1.054
HNSCC-01-0177,15Ag,FALSE,4,1,train,train,C:/Users/LT/Desktop/Top2/data/dataset_update_NaH/HNSCC-01-0177+15Ag+MOS_13457.npz,1.034,1.064
HNSCC-01-0177,9Ag,FALSE,4,1,train,train,C:/Users/LT/Desktop/Top2/data/dataset_update_NaH/HNSCC-01-0177+9Ag+MOS_13457.npz,1.04,1.065
HNSCC-01-0177,A4Ac,TRUE,4,1,train,train,C:/Users/LT/Desktop/Top2/data/dataset_update_NaH/HNSCC-01-0177+A4Ac+MOS_13457.npz,1.031,1.072
HNSCC-01-0178,15Ag,FALSE,4,1,train,train,C:/Users/LT/Desktop/Top2/data/dataset_update_NaH/HNSCC-01-0178+15Ag+MOS_3327.npz,1.042,1.078
HNSCC-01-0178,9Ag,FALSE,4,1,train,train,C:/Users/LT/Desktop/Top2/data/dataset_update_NaH/HNSCC-01-0178+9Ag+MOS_3327.npz,1.045,1.075
HNSCC-01-0178,A4Ac,TRUE,4,1,train,train,C:/Users/LT/Desktop/Top2/data/dataset_update_NaH/HNSCC-01-0178+A4Ac+MOS_3327.npz,1.04,1.086
HNSCC-01-0180,15Ag,FALSE,4,1,train,train,C:/Users/LT/Desktop/Top2/data/dataset_update_NaH/HNSCC-01-0180+15Ag+MOS_46195.npz,1.031,1.051
HNSCC-01-0180,9Ag,FALSE,4,1,train,train,C:/Users/LT/Desktop/Top2/data/dataset_update_NaH/HNSCC-01-0180+9Ag+MOS_46195.npz,1.039,1.066
HNSCC-01-0180,A4Ac,TRUE,4,1,train,train,C:/Users/LT/Desktop/Top2/data/dataset_update_NaH/HNSCC-01-0180+A4Ac+MOS_46195.npz,1.03,1.052
HNSCC-01-0181,A4Ac,TRUE,4,1,train,train,C:/Users/LT/Desktop/Top2/data/dataset_update_NaH/HNSCC-01-0181+A4Ac+MOS_49928.npz,1.046,1.092
HNSCC-01-0183,15Ag,FALSE,4,1,train,train,C:/Users/LT/Desktop/Top2/data/dataset_update_NaH/HNSCC-01-0183+15Ag+MOS_27201.npz,1.044,1.072
HNSCC-01-0183,9Ag,FALSE,4,1,train,train,C:/Users/LT/Desktop/Top2/data/dataset_update_NaH/HNSCC-01-0183+9Ag+MOS_27201.npz,1.047,1.076
HNSCC-01-0183,A4Ac,TRUE,4,1,train,train,C:/Users/LT/Desktop/Top2/data/dataset_update_NaH/HNSCC-01-0183+A4Ac+MOS_27201.npz,1.033,1.079
HNSCC-01-0184,15Ag,FALSE,4,1,train,train,C:/Users/LT/Desktop/Top2/data/dataset_update_NaH/HNSCC-01-0184+15Ag+MOS_36221.npz,1.04,1.072
HNSCC-01-0184,9Ag,FALSE,4,1,train,train,C:/Users/LT/Desktop/Top2/data/dataset_update_NaH/HNSCC-01-0184+9Ag+MOS_36221.npz,1.044,1.074
HNSCC-01-0184,A4Ac,TRUE,4,1,train,train,C:/Users/LT/Desktop/Top2/data/dataset_update_NaH/HNSCC-01-0184+A4Ac+MOS_36221.npz,1.036,1.066
HNSCC-01-0185,15Ag,FALSE,4,1,train,train,C:/Users/LT/Desktop/Top2/data/dataset_update_NaH/HNSCC-01-0185+15Ag+MOS_33333.npz,1.041,1.079
HNSCC-01-0185,9Ag,FALSE,4,1,train,train,C:/Users/LT/Desktop/Top2/data/dataset_update_NaH/HNSCC-01-0185+9Ag+MOS_33333.npz,1.048,1.084
HNSCC-01-0185,A4Ac,TRUE,4,1,train,train,C:/Users/LT/Desktop/Top2/data/dataset_update_NaH/HNSCC-01-0185+A4Ac+MOS_33333.npz,1.036,1.06
HNSCC-01-0186,15Ag,FALSE,4,1,train,train,C:/Users/LT/Desktop/Top2/data/dataset_update_NaH/HNSCC-01-0186+15Ag+MOS_29168.npz,1.025,1.042
HNSCC-01-0186,9Ag,FALSE,4,1,train,train,C:/Users/LT/Desktop/Top2/data/dataset_update_NaH/HNSCC-01-0186+9Ag+MOS_29168.npz,1.033,1.056
HNSCC-01-0186,A4Ac,TRUE,4,1,train,train,C:/Users/LT/Desktop/Top2/data/dataset_update_NaH/HNSCC-01-0186+A4Ac+MOS_29168.npz,1.026,1.039
HNSCC-01-0187,15Ag,FALSE,4,1,train,train,C:/Users/LT/Desktop/Top2/data/dataset_update_NaH/HNSCC-01-0187+15Ag+MOS_3237.npz,1.04,1.059
HNSCC-01-0187,9Ag,FALSE,4,1,train,train,C:/Users/LT/Desktop/Top2/data/dataset_update_NaH/HNSCC-01-0187+9Ag+MOS_3237.npz,1.044,1.067
HNSCC-01-0187,A4Ac,TRUE,4,1,train,train,C:/Users/LT/Desktop/Top2/data/dataset_update_NaH/HNSCC-01-0187+A4Ac+MOS_3237.npz,1.032,1.052
HNSCC-01-0188,15Ag,FALSE,4,1,train,train,C:/Users/LT/Desktop/Top2/data/dataset_update_NaH/HNSCC-01-0188+15Ag+MOS_27275.npz,1.033,1.057
HNSCC-01-0188,9Ag,FALSE,4,1,train,train,C:/Users/LT/Desktop/Top2/data/dataset_update_NaH/HNSCC-01-0188+9Ag+MOS_27275.npz,1.041,1.07
HNSCC-01-0188,A4Ac,TRUE,4,1,train,train,C:/Users/LT/Desktop/Top2/data/dataset_update_NaH/HNSCC-01-0188+A4Ac+MOS_27275.npz,1.036,1.062
HNSCC-01-0189,15Ag,FALSE,4,1,train,train,C:/Users/LT/Desktop/Top2/data/dataset_update_NaH/HNSCC-01-0189+15Ag+MOS_5580.npz,1.029,1.044
HNSCC-01-0189,9Ag,FALSE,4,1,train,train,C:/Users/LT/Desktop/Top2/data/dataset_update_NaH/HNSCC-01-0189+9Ag+MOS_5580.npz,1.033,1.052
HNSCC-01-0189,A4Ac,TRUE,4,1,train,train,C:/Users/LT/Desktop/Top2/data/dataset_update_NaH/HNSCC-01-0189+A4Ac+MOS_5580.npz,1.027,1.044
HNSCC-01-0190,15Ag,FALSE,4,1,train,train,C:/Users/LT/Desktop/Top2/data/dataset_update_NaH/HNSCC-01-0190+15Ag+MOS_2379.npz,1.05,1.093
HNSCC-01-0190,9Ag,FALSE,4,1,train,train,C:/Users/LT/Desktop/Top2/data/dataset_update_NaH/HNSCC-01-0190+9Ag+MOS_2379.npz,1.055,1.119
HNSCC-01-0190,A4Ac,TRUE,4,1,train,train,C:/Users/LT/Desktop/Top2/data/dataset_update_NaH/HNSCC-01-0190+A4Ac+MOS_2379.npz,1.037,1.078
HNSCC-01-0191,15Ag,FALSE,4,1,train,train,C:/Users/LT/Desktop/Top2/data/dataset_update_NaH/HNSCC-01-0191+15Ag+MOS_1374.npz,1.037,1.059
HNSCC-01-0191,9Ag,FALSE,4,1,train,train,C:/Users/LT/Desktop/Top2/data/dataset_update_NaH/HNSCC-01-0191+9Ag+MOS_1374.npz,1.042,1.074
HNSCC-01-0191,A4Ac,TRUE,4,1,train,train,C:/Users/LT/Desktop/Top2/data/dataset_update_NaH/HNSCC-01-0191+A4Ac+MOS_1374.npz,1.036,1.065
HNSCC-01-0194,15Ag,FALSE,4,1,train,train,C:/Users/LT/Desktop/Top2/data/dataset_update_NaH/HNSCC-01-0194+15Ag+MOS_13648.npz,1.044,1.079
HNSCC-01-0194,9Ag,FALSE,4,1,train,train,C:/Users/LT/Desktop/Top2/data/dataset_update_NaH/HNSCC-01-0194+9Ag+MOS_13648.npz,1.043,1.085
HNSCC-01-0194,A4Ac,TRUE,4,1,train,train,C:/Users/LT/Desktop/Top2/data/dataset_update_NaH/HNSCC-01-0194+A4Ac+MOS_13648.npz,1.029,1.049
HNSCC-01-0195,15Ag,FALSE,4,1,train,train,C:/Users/LT/Desktop/Top2/data/dataset_update_NaH/HNSCC-01-0195+15Ag+MOS_58481.npz,1.028,1.041
HNSCC-01-0195,9Ag,FALSE,4,1,train,train,C:/Users/LT/Desktop/Top2/data/dataset_update_NaH/HNSCC-01-0195+9Ag+MOS_58481.npz,1.029,1.04
HNSCC-01-0195,A4Ac,TRUE,4,1,train,train,C:/Users/LT/Desktop/Top2/data/dataset_update_NaH/HNSCC-01-0195+A4Ac+MOS_58481.npz,1.025,1.034
HNSCC-01-0196,15Ag,FALSE,4,1,train,train,C:/Users/LT/Desktop/Top2/data/dataset_update_NaH/HNSCC-01-0196+15Ag+MOS_59748.npz,1.03,1.054
HNSCC-01-0196,9Ag,FALSE,4,1,train,train,C:/Users/LT/Desktop/Top2/data/dataset_update_NaH/HNSCC-01-0196+9Ag+MOS_59748.npz,1.035,1.059
HNSCC-01-0196,A4Ac,TRUE,4,1,train,train,C:/Users/LT/Desktop/Top2/data/dataset_update_NaH/HNSCC-01-0196+A4Ac+MOS_59748.npz,1.032,1.056
HNSCC-01-0197,15Ag,FALSE,4,1,train,train,C:/Users/LT/Desktop/Top2/data/dataset_update_NaH/HNSCC-01-0197+15Ag+MOS_8811.npz,1.028,1.047
HNSCC-01-0197,9Ag,FALSE,4,1,train,train,C:/Users/LT/Desktop/Top2/data/dataset_update_NaH/HNSCC-01-0197+9Ag+MOS_8811.npz,1.03,1.054
HNSCC-01-0197,A4Ac,TRUE,4,1,train,train,C:/Users/LT/Desktop/Top2/data/dataset_update_NaH/HNSCC-01-0197+A4Ac+MOS_8811.npz,1.029,1.047
HNSCC-01-0198,15Ag,FALSE,4,1,train,train,C:/Users/LT/Desktop/Top2/data/dataset_update_NaH/HNSCC-01-0198+15Ag+MOS_11862.npz,1.029,1.046
HNSCC-01-0198,9Ag,FALSE,4,1,train,train,C:/Users/LT/Desktop/Top2/data/dataset_update_NaH/HNSCC-01-0198+9Ag+MOS_11862.npz,1.041,1.061
HNSCC-01-0198,A4Ac,TRUE,4,1,train,train,C:/Users/LT/Desktop/Top2/data/dataset_update_NaH/HNSCC-01-0198+A4Ac+MOS_11862.npz,1.026,1.04
HNSCC-01-0199,15Ag,FALSE,4,1,train,train,C:/Users/LT/Desktop/Top2/data/dataset_update_NaH/HNSCC-01-0199+15Ag+MOS_5870.npz,1.039,1.077
HNSCC-01-0199,9Ag,FALSE,4,1,train,train,C:/Users/LT/Desktop/Top2/data/dataset_update_NaH/HNSCC-01-0199+9Ag+MOS_5870.npz,1.044,1.077
HNSCC-01-0199,A4Ac,TRUE,4,1,train,train,C:/Users/LT/Desktop/Top2/data/dataset_update_NaH/HNSCC-01-0199+A4Ac+MOS_5870.npz,1.047,1.09
HNSCC-01-0200,15Ag,FALSE,4,1,train,train,C:/Users/LT/Desktop/Top2/data/dataset_update_NaH/HNSCC-01-0200+15Ag+MOS_27105.npz,1.037,1.062
HNSCC-01-0200,9Ag,FALSE,4,1,train,train,C:/Users/LT/Desktop/Top2/data/dataset_update_NaH/HNSCC-01-0200+9Ag+MOS_27105.npz,1.04,1.066
HNSCC-01-0200,A4Ac,TRUE,4,1,train,train,C:/Users/LT/Desktop/Top2/data/dataset_update_NaH/HNSCC-01-0200+A4Ac+MOS_27105.npz,1.035,1.063
HNSCC-01-0201,15Ag,FALSE,4,1,train,train,C:/Users/LT/Desktop/Top2/data/dataset_update_NaH/HNSCC-01-0201+15Ag+MOS_2863.npz,1.135,1.167
HNSCC-01-0201,A4Ac,TRUE,4,1,train,train,C:/Users/LT/Desktop/Top2/data/dataset_update_NaH/HNSCC-01-0201+A4Ac+MOS_2863.npz,1.133,1.167
HNSCC-01-0203,15Ag,FALSE,4,1,train,train,C:/Users/LT/Desktop/Top2/data/dataset_update_NaH/HNSCC-01-0203+15Ag+MOS_47924.npz,1.034,1.056
HNSCC-01-0203,9Ag,FALSE,4,1,train,train,C:/Users/LT/Desktop/Top2/data/dataset_update_NaH/HNSCC-01-0203+9Ag+MOS_47924.npz,1.039,1.062
HNSCC-01-0203,A4Ac,TRUE,4,1,train,train,C:/Users/LT/Desktop/Top2/data/dataset_update_NaH/HNSCC-01-0203+A4Ac+MOS_47924.npz,1.034,1.055
HNSCC-01-0204,15Ag,FALSE,4,1,train,train,C:/Users/LT/Desktop/Top2/data/dataset_update_NaH/HNSCC-01-0204+15Ag+MOS_49262.npz,1.031,1.054
HNSCC-01-0204,9Ag,FALSE,4,1,train,train,C:/Users/LT/Desktop/Top2/data/dataset_update_NaH/HNSCC-01-0204+9Ag+MOS_49262.npz,1.041,1.068
HNSCC-01-0204,A4Ac,TRUE,4,1,train,train,C:/Users/LT/Desktop/Top2/data/dataset_update_NaH/HNSCC-01-0204+A4Ac+MOS_49262.npz,1.03,1.071
HNSCC-01-0205,9Ag,FALSE,4,1,train,train,C:/Users/LT/Desktop/Top2/data/dataset_update_NaH/HNSCC-01-0205+9Ag+MOS_57263.npz,1.09,1.132
HNSCC-01-0205,A4Ac,TRUE,4,1,train,train,C:/Users/LT/Desktop/Top2/data/dataset_update_NaH/HNSCC-01-0205+A4Ac+MOS_57263.npz,1.091,1.122
HNSCC-01-0206,15Ag,FALSE,4,1,train,train,C:/Users/LT/Desktop/Top2/data/dataset_update_NaH/HNSCC-01-0206+15Ag+MOS_26365.npz,1.053,1.084
HNSCC-01-0206,9Ag,FALSE,4,1,train,train,C:/Users/LT/Desktop/Top2/data/dataset_update_NaH/HNSCC-01-0206+9Ag+MOS_26365.npz,1.049,1.085
HNSCC-01-0206,A4Ac,TRUE,4,1,train,train,C:/Users/LT/Desktop/Top2/data/dataset_update_NaH/HNSCC-01-0206+A4Ac+MOS_26365.npz,1.051,1.099
HNSCC-01-0207,15Ag,FALSE,4,1,train,train,C:/Users/LT/Desktop/Top2/data/dataset_update_NaH/HNSCC-01-0207+15Ag+MOS_9585.npz,1.029,1.051
HNSCC-01-0207,9Ag,FALSE,4,1,train,train,C:/Users/LT/Desktop/Top2/data/dataset_update_NaH/HNSCC-01-0207+9Ag+MOS_9585.npz,1.037,1.065
HNSCC-01-0207,A4Ac,TRUE,4,1,train,train,C:/Users/LT/Desktop/Top2/data/dataset_update_NaH/HNSCC-01-0207+A4Ac+MOS_9585.npz,1.029,1.042
HNSCC-01-0208,15Ag,FALSE,4,1,train,train,C:/Users/LT/Desktop/Top2/data/dataset_update_NaH/HNSCC-01-0208+15Ag+MOS_20117.npz,1.046,1.076
HNSCC-01-0208,9Ag,FALSE,4,1,train,train,C:/Users/LT/Desktop/Top2/data/dataset_update_NaH/HNSCC-01-0208+9Ag+MOS_20117.npz,1.052,1.086
HNSCC-01-0208,A4Ac,TRUE,4,1,train,train,C:/Users/LT/Desktop/Top2/data/dataset_update_NaH/HNSCC-01-0208+A4Ac+MOS_20117.npz,1.045,1.083
HNSCC-01-0209,15Ag,FALSE,4,1,train,train,C:/Users/LT/Desktop/Top2/data/dataset_update_NaH/HNSCC-01-0209+15Ag+MOS_25555.npz,1.033,1.06
HNSCC-01-0209,9Ag,FALSE,4,1,train,train,C:/Users/LT/Desktop/Top2/data/dataset_update_NaH/HNSCC-01-0209+9Ag+MOS_25555.npz,1.038,1.065
HNSCC-01-0209,A4Ac,TRUE,4,1,train,train,C:/Users/LT/Desktop/Top2/data/dataset_update_NaH/HNSCC-01-0209+A4Ac+MOS_25555.npz,1.03,1.055
HNSCC-01-0210,15Ag,FALSE,4,1,train,train,C:/Users/LT/Desktop/Top2/data/dataset_update_NaH/HNSCC-01-0210+15Ag+MOS_14952.npz,1.037,1.06
HNSCC-01-0210,9Ag,FALSE,4,1,train,train,C:/Users/LT/Desktop/Top2/data/dataset_update_NaH/HNSCC-01-0210+9Ag+MOS_14952.npz,1.045,1.084
HNSCC-01-0210,A4Ac,TRUE,4,1,train,train,C:/Users/LT/Desktop/Top2/data/dataset_update_NaH/HNSCC-01-0210+A4Ac+MOS_14952.npz,1.04,1.069
HNSCC-01-0211,15Ag,FALSE,4,1,train,train,C:/Users/LT/Desktop/Top2/data/dataset_update_NaH/HNSCC-01-0211+15Ag+MOS_2570.npz,1.067,1.111
HNSCC-01-0211,9Ag,FALSE,4,1,train,train,C:/Users/LT/Desktop/Top2/data/dataset_update_NaH/HNSCC-01-0211+9Ag+MOS_2570.npz,1.066,1.112
HNSCC-01-0211,A4Ac,TRUE,4,1,train,train,C:/Users/LT/Desktop/Top2/data/dataset_update_NaH/HNSCC-01-0211+A4Ac+MOS_2570.npz,1.068,1.12
HNSCC-01-0213,15Ag,FALSE,4,1,train,train,C:/Users/LT/Desktop/Top2/data/dataset_update_NaH/HNSCC-01-0213+15Ag+MOS_14459.npz,1.04,1.064
HNSCC-01-0213,9Ag,FALSE,4,1,train,train,C:/Users/LT/Desktop/Top2/data/dataset_update_NaH/HNSCC-01-0213+9Ag+MOS_14459.npz,1.041,1.072
HNSCC-01-0213,A4Ac,TRUE,4,1,train,train,C:/Users/LT/Desktop/Top2/data/dataset_update_NaH/HNSCC-01-0213+A4Ac+MOS_14459.npz,1.035,1.066
HNSCC-01-0214,15Ag,FALSE,4,1,train,train,C:/Users/LT/Desktop/Top2/data/dataset_update_NaH/HNSCC-01-0214+15Ag+MOS_28787.npz,1.03,1.045
HNSCC-01-0214,9Ag,FALSE,4,1,train,train,C:/Users/LT/Desktop/Top2/data/dataset_update_NaH/HNSCC-01-0214+9Ag+MOS_28787.npz,1.033,1.046
HNSCC-01-0214,A4Ac,TRUE,4,1,train,train,C:/Users/LT/Desktop/Top2/data/dataset_update_NaH/HNSCC-01-0214+A4Ac+MOS_28787.npz,1.027,1.043
0522c0001,15Ag,FALSE,1,1,train,valid,C:/Users/LT/Desktop/Top2/data/dataset_update_NaH/0522c0001+15Ag+MOS_23629.npz,1.044,1.083
0522c0001,9Ag,FALSE,1,1,train,valid,C:/Users/LT/Desktop/Top2/data/dataset_update_NaH/0522c0001+9Ag+MOS_23629.npz,1.045,1.07
0522c0001,A4Ac,TRUE,1,1,train,valid,C:/Users/LT/Desktop/Top2/data/dataset_update_NaH/0522c0001+A4Ac+MOS_23629.npz,1.039,1.071
0522c0252,15Ag,FALSE,1,1,train,valid,C:/Users/LT/Desktop/Top2/data/dataset_update_NaH/0522c0252+15Ag+MOS_5311.npz,1.033,1.058
0522c0252,9Ag,FALSE,1,1,train,valid,C:/Users/LT/Desktop/Top2/data/dataset_update_NaH/0522c0252+9Ag+MOS_5311.npz,1.036,1.064
0522c0252,A4Ac,TRUE,1,1,train,valid,C:/Users/LT/Desktop/Top2/data/dataset_update_NaH/0522c0252+A4Ac+MOS_5311.npz,1.031,1.056
0522c0555,15Ag,FALSE,1,1,train,valid,C:/Users/LT/Desktop/Top2/data/dataset_update_NaH/0522c0555+15Ag+MOS_22329.npz,1.033,1.057
0522c0555,9Ag,FALSE,1,1,train,valid,C:/Users/LT/Desktop/Top2/data/dataset_update_NaH/0522c0555+9Ag+MOS_22329.npz,1.035,1.061
0522c0555,A4Ac,TRUE,1,1,train,valid,C:/Users/LT/Desktop/Top2/data/dataset_update_NaH/0522c0555+A4Ac+MOS_22329.npz,1.03,1.045
0522c0839,15Ag,FALSE,1,1,train,valid,C:/Users/LT/Desktop/Top2/data/dataset_update_NaH/0522c0839+15Ag+MOS_25473.npz,1.035,1.055
0522c0839,9Ag,FALSE,1,1,train,valid,C:/Users/LT/Desktop/Top2/data/dataset_update_NaH/0522c0839+9Ag+MOS_25473.npz,1.037,1.061
0522c0839,A4Ac,TRUE,1,1,train,valid,C:/Users/LT/Desktop/Top2/data/dataset_update_NaH/0522c0839+A4Ac+MOS_25473.npz,1.028,1.055
HN-CHUM-019,S215Ag,FALSE,2,1,train,valid,C:/Users/LT/Desktop/Top2/data/dataset_update_NaH/HN-CHUM-019+S215Ag+MOS_3811.npz,1.043,1.075
HN-CHUM-019,S29Ag,FALSE,2,1,train,valid,C:/Users/LT/Desktop/Top2/data/dataset_update_NaH/HN-CHUM-019+S29Ag+MOS_3811.npz,1.048,1.079
HN-CHUM-019,S2A4Ac,TRUE,2,1,train,valid,C:/Users/LT/Desktop/Top2/data/dataset_update_NaH/HN-CHUM-019+S2A4Ac+MOS_3811.npz,1.035,1.078
HN-CHUM-049,S215Ag,FALSE,2,1,train,valid,C:/Users/LT/Desktop/Top2/data/dataset_update_NaH/HN-CHUM-049+S215Ag+MOS_51245.npz,1.043,1.077
HN-CHUM-049,S29Ag,FALSE,2,1,train,valid,C:/Users/LT/Desktop/Top2/data/dataset_update_NaH/HN-CHUM-049+S29Ag+MOS_51245.npz,1.04,1.082
HN-CHUM-049,S2A4Ac,TRUE,2,1,train,valid,C:/Users/LT/Desktop/Top2/data/dataset_update_NaH/HN-CHUM-049+S2A4Ac+MOS_51245.npz,1.035,1.084
HN-HGJ-010,S215Ag,FALSE,2,1,train,valid,C:/Users/LT/Desktop/Top2/data/dataset_update_NaH/HN-HGJ-010+S215Ag+MOS_34928.npz,1.052,1.101
HN-HGJ-010,S29Ag,FALSE,2,1,train,valid,C:/Users/LT/Desktop/Top2/data/dataset_update_NaH/HN-HGJ-010+S29Ag+MOS_34928.npz,1.05,1.086
HN-HGJ-010,S2A4Ac,TRUE,2,1,train,valid,C:/Users/LT/Desktop/Top2/data/dataset_update_NaH/HN-HGJ-010+S2A4Ac+MOS_34928.npz,1.034,1.072
HN-HGJ-064,S215Ag,FALSE,2,1,train,valid,C:/Users/LT/Desktop/Top2/data/dataset_update_NaH/HN-HGJ-064+S215Ag+MOS_40817.npz,1.041,1.086
HN-HGJ-064,S29Ag,FALSE,2,1,train,valid,C:/Users/LT/Desktop/Top2/data/dataset_update_NaH/HN-HGJ-064+S29Ag+MOS_40817.npz,1.044,1.096
HN-HGJ-064,S2A4Ac,TRUE,2,1,train,valid,C:/Users/LT/Desktop/Top2/data/dataset_update_NaH/HN-HGJ-064+S2A4Ac+MOS_40817.npz,1.034,1.084
HN-HMR-009,S215Ag,FALSE,2,1,train,valid,C:/Users/LT/Desktop/Top2/data/dataset_update_NaH/HN-HMR-009+S215Ag+MOS_41448.npz,1.031,1.045
HN-HMR-009,S29Ag,FALSE,2,1,train,valid,C:/Users/LT/Desktop/Top2/data/dataset_update_NaH/HN-HMR-009+S29Ag+MOS_41448.npz,1.037,1.056
HN-HMR-009,S2A4Ac,TRUE,2,1,train,valid,C:/Users/LT/Desktop/Top2/data/dataset_update_NaH/HN-HMR-009+S2A4Ac+MOS_41448.npz,1.025,1.039
HN-HMR-033,S215Ag,FALSE,2,1,train,valid,C:/Users/LT/Desktop/Top2/data/dataset_update_NaH/HN-HMR-033+S215Ag+MOS_9759.npz,1.032,1.057
HN-HMR-033,S29Ag,FALSE,2,1,train,valid,C:/Users/LT/Desktop/Top2/data/dataset_update_NaH/HN-HMR-033+S29Ag+MOS_9759.npz,1.038,1.059
HN-HMR-033,S2A4Ac,TRUE,2,1,train,valid,C:/Users/LT/Desktop/Top2/data/dataset_update_NaH/HN-HMR-033+S2A4Ac+MOS_9759.npz,1.031,1.048
HNC_021,15Ag,FALSE,3,1,train,valid,C:/Users/LT/Desktop/Top2/data/dataset_update_NaH/HNC_021+15Ag+MOS_4264.npz,1.033,1.056
HNC_021,9Ag,FALSE,3,1,train,valid,C:/Users/LT/Desktop/Top2/data/dataset_update_NaH/HNC_021+9Ag+MOS_4264.npz,1.034,1.056
HNC_021,A4Ac,TRUE,3,1,train,valid,C:/Users/LT/Desktop/Top2/data/dataset_update_NaH/HNC_021+A4Ac+MOS_4264.npz,1.027,1.044
HNC_044,15Ag,FALSE,3,1,train,valid,C:/Users/LT/Desktop/Top2/data/dataset_update_NaH/HNC_044+15Ag+MOS_5466.npz,1.033,1.054
HNC_044,9Ag,FALSE,3,1,train,valid,C:/Users/LT/Desktop/Top2/data/dataset_update_NaH/HNC_044+9Ag+MOS_5466.npz,1.04,1.068
HNC_044,A4Ac,TRUE,3,1,train,valid,C:/Users/LT/Desktop/Top2/data/dataset_update_NaH/HNC_044+A4Ac+MOS_5466.npz,1.028,1.052
HNC_071,15Ag,FALSE,3,1,train,valid,C:/Users/LT/Desktop/Top2/data/dataset_update_NaH/HNC_071+15Ag+MOS_47228.npz,1.036,1.067
HNC_071,9Ag,FALSE,3,1,train,valid,C:/Users/LT/Desktop/Top2/data/dataset_update_NaH/HNC_071+9Ag+MOS_47228.npz,1.036,1.076
HNC_071,A4Ac,TRUE,3,1,train,valid,C:/Users/LT/Desktop/Top2/data/dataset_update_NaH/HNC_071+A4Ac+MOS_47228.npz,1.03,1.055
HNC_099,15Ag,FALSE,3,1,train,valid,C:/Users/LT/Desktop/Top2/data/dataset_update_NaH/HNC_099+15Ag+MOS_40838.npz,1.045,1.094
HNC_099,9Ag,FALSE,3,1,train,valid,C:/Users/LT/Desktop/Top2/data/dataset_update_NaH/HNC_099+9Ag+MOS_40838.npz,1.048,1.116
HNC_099,A4Ac,TRUE,3,1,train,valid,C:/Users/LT/Desktop/Top2/data/dataset_update_NaH/HNC_099+A4Ac+MOS_40838.npz,1.032,1.071
HNC_125,15Ag,FALSE,3,1,train,valid,C:/Users/LT/Desktop/Top2/data/dataset_update_NaH/HNC_125+15Ag+MOS_57961.npz,1.039,1.074
HNC_125,9Ag,FALSE,3,1,train,valid,C:/Users/LT/Desktop/Top2/data/dataset_update_NaH/HNC_125+9Ag+MOS_57961.npz,1.041,1.082
HNC_125,A4Ac,TRUE,3,1,train,valid,C:/Users/LT/Desktop/Top2/data/dataset_update_NaH/HNC_125+A4Ac+MOS_57961.npz,1.033,1.053
HNC_153,15Ag,FALSE,3,1,train,valid,C:/Users/LT/Desktop/Top2/data/dataset_update_NaH/HNC_153+15Ag+MOS_12823.npz,1.04,1.067
HNC_153,9Ag,FALSE,3,1,train,valid,C:/Users/LT/Desktop/Top2/data/dataset_update_NaH/HNC_153+9Ag+MOS_12823.npz,1.041,1.069
HNC_153,A4Ac,TRUE,3,1,train,valid,C:/Users/LT/Desktop/Top2/data/dataset_update_NaH/HNC_153+A4Ac+MOS_12823.npz,1.034,1.066
HNC_178,A4Ac,TRUE,3,1,train,valid,C:/Users/LT/Desktop/Top2/data/dataset_update_NaH/HNC_178+A4Ac+MOS_223.npz,1.046,1.16
HNC_205,15Ag,FALSE,3,1,train,valid,C:/Users/LT/Desktop/Top2/data/dataset_update_NaH/HNC_205+15Ag+MOS_23820.npz,1.036,1.071
HNC_205,9Ag,FALSE,3,1,train,valid,C:/Users/LT/Desktop/Top2/data/dataset_update_NaH/HNC_205+9Ag+MOS_23820.npz,1.039,1.064
HNC_205,A4Ac,TRUE,3,1,train,valid,C:/Users/LT/Desktop/Top2/data/dataset_update_NaH/HNC_205+A4Ac+MOS_23820.npz,1.029,1.059
HNSCC-01-0018,15Ag,FALSE,4,1,train,valid,C:/Users/LT/Desktop/Top2/data/dataset_update_NaH/HNSCC-01-0018+15Ag+MOS_10366.npz,1.042,1.097
HNSCC-01-0018,9Ag,FALSE,4,1,train,valid,C:/Users/LT/Desktop/Top2/data/dataset_update_NaH/HNSCC-01-0018+9Ag+MOS_10366.npz,1.047,1.081
HNSCC-01-0018,A4Ac,TRUE,4,1,train,valid,C:/Users/LT/Desktop/Top2/data/dataset_update_NaH/HNSCC-01-0018+A4Ac+MOS_10366.npz,1.04,1.093
HNSCC-01-0050,15Ag,FALSE,4,1,train,valid,C:/Users/LT/Desktop/Top2/data/dataset_update_NaH/HNSCC-01-0050+15Ag+MOS_18412.npz,1.039,1.059
HNSCC-01-0050,9Ag,FALSE,4,1,train,valid,C:/Users/LT/Desktop/Top2/data/dataset_update_NaH/HNSCC-01-0050+9Ag+MOS_18412.npz,1.039,1.057
HNSCC-01-0050,A4Ac,TRUE,4,1,train,valid,C:/Users/LT/Desktop/Top2/data/dataset_update_NaH/HNSCC-01-0050+A4Ac+MOS_18412.npz,1.024,1.036
HNSCC-01-0083,15Ag,FALSE,4,1,train,valid,C:/Users/LT/Desktop/Top2/data/dataset_update_NaH/HNSCC-01-0083+15Ag+MOS_4392.npz,1.036,1.062
HNSCC-01-0083,9Ag,FALSE,4,1,train,valid,C:/Users/LT/Desktop/Top2/data/dataset_update_NaH/HNSCC-01-0083+9Ag+MOS_4392.npz,1.037,1.06
HNSCC-01-0083,A4Ac,TRUE,4,1,train,valid,C:/Users/LT/Desktop/Top2/data/dataset_update_NaH/HNSCC-01-0083+A4Ac+MOS_4392.npz,1.025,1.054
HNSCC-01-0108,15Ag,FALSE,4,1,train,valid,C:/Users/LT/Desktop/Top2/data/dataset_update_NaH/HNSCC-01-0108+15Ag+MOS_25553.npz,1.031,1.06
HNSCC-01-0108,9Ag,FALSE,4,1,train,valid,C:/Users/LT/Desktop/Top2/data/dataset_update_NaH/HNSCC-01-0108+9Ag+MOS_25553.npz,1.036,1.062
HNSCC-01-0108,A4Ac,TRUE,4,1,train,valid,C:/Users/LT/Desktop/Top2/data/dataset_update_NaH/HNSCC-01-0108+A4Ac+MOS_25553.npz,1.03,1.065
HNSCC-01-0136,15Ag,FALSE,4,1,train,valid,C:/Users/LT/Desktop/Top2/data/dataset_update_NaH/HNSCC-01-0136+15Ag+MOS_3828.npz,1.034,1.059
HNSCC-01-0136,9Ag,FALSE,4,1,train,valid,C:/Users/LT/Desktop/Top2/data/dataset_update_NaH/HNSCC-01-0136+9Ag+MOS_3828.npz,1.044,1.075
HNSCC-01-0136,A4Ac,TRUE,4,1,train,valid,C:/Users/LT/Desktop/Top2/data/dataset_update_NaH/HNSCC-01-0136+A4Ac+MOS_3828.npz,1.037,1.072
HNSCC-01-0167,15Ag,FALSE,4,1,train,valid,C:/Users/LT/Desktop/Top2/data/dataset_update_NaH/HNSCC-01-0167+15Ag+MOS_54572.npz,1.037,1.056
HNSCC-01-0167,9Ag,FALSE,4,1,train,valid,C:/Users/LT/Desktop/Top2/data/dataset_update_NaH/HNSCC-01-0167+9Ag+MOS_54572.npz,1.042,1.066
HNSCC-01-0167,A4Ac,TRUE,4,1,train,valid,C:/Users/LT/Desktop/Top2/data/dataset_update_NaH/HNSCC-01-0167+A4Ac+MOS_54572.npz,1.031,1.045
HNSCC-01-0193,15Ag,FALSE,4,1,train,valid,C:/Users/LT/Desktop/Top2/data/dataset_update_NaH/HNSCC-01-0193+15Ag+MOS_8767.npz,1.03,1.061
HNSCC-01-0193,9Ag,FALSE,4,1,train,valid,C:/Users/LT/Desktop/Top2/data/dataset_update_NaH/HNSCC-01-0193+9Ag+MOS_8767.npz,1.034,1.065
HNSCC-01-0193,A4Ac,TRUE,4,1,train,valid,C:/Users/LT/Desktop/Top2/data/dataset_update_NaH/HNSCC-01-0193+A4Ac+MOS_8767.npz,1.035,1.06
HNSCC-01-0215,15Ag,FALSE,4,1,train,valid,C:/Users/LT/Desktop/Top2/data/dataset_update_NaH/HNSCC-01-0215+15Ag+MOS_41891.npz,1.034,1.06
HNSCC-01-0215,9Ag,FALSE,4,1,train,valid,C:/Users/LT/Desktop/Top2/data/dataset_update_NaH/HNSCC-01-0215+9Ag+MOS_41891.npz,1.04,1.069
0522c0002,15Ag,FALSE,1,1,valid,test,C:/Users/LT/Desktop/Top2/data/dataset_update_NaH/0522c0002+15Ag+MOS_21176.npz,,
0522c0002,9Ag,FALSE,1,1,valid,test,C:/Users/LT/Desktop/Top2/data/dataset_update_NaH/0522c0002+9Ag+MOS_21176.npz,,
0522c0002,A4Ac,TRUE,1,1,valid,test,C:/Users/LT/Desktop/Top2/data/dataset_update_NaH/0522c0002+A4Ac+MOS_21176.npz,,
0522c0149,15Ag,FALSE,1,1,valid,test,C:/Users/LT/Desktop/Top2/data/dataset_update_NaH/0522c0149+15Ag+MOS_19199.npz,,
0522c0149,9Ag,FALSE,1,1,valid,test,C:/Users/LT/Desktop/Top2/data/dataset_update_NaH/0522c0149+9Ag+MOS_19199.npz,,
0522c0149,A4Ac,TRUE,1,1,valid,test,C:/Users/LT/Desktop/Top2/data/dataset_update_NaH/0522c0149+A4Ac+MOS_19199.npz,,
0522c0248,15Ag,FALSE,1,1,valid,test,C:/Users/LT/Desktop/Top2/data/dataset_update_NaH/0522c0248+15Ag+MOS_35667.npz,,
0522c0248,9Ag,FALSE,1,1,valid,test,C:/Users/LT/Desktop/Top2/data/dataset_update_NaH/0522c0248+9Ag+MOS_35667.npz,,
0522c0248,A4Ac,TRUE,1,1,valid,test,C:/Users/LT/Desktop/Top2/data/dataset_update_NaH/0522c0248+A4Ac+MOS_35667.npz,,
0522c0330,15Ag,FALSE,1,1,valid,test,C:/Users/LT/Desktop/Top2/data/dataset_update_NaH/0522c0330+15Ag+MOS_59394.npz,,
0522c0330,9Ag,FALSE,1,1,valid,test,C:/Users/LT/Desktop/Top2/data/dataset_update_NaH/0522c0330+9Ag+MOS_59394.npz,,
0522c0330,A4Ac,TRUE,1,1,valid,test,C:/Users/LT/Desktop/Top2/data/dataset_update_NaH/0522c0330+A4Ac+MOS_59394.npz,,
0522c0455,15Ag,FALSE,1,1,valid,test,C:/Users/LT/Desktop/Top2/data/dataset_update_NaH/0522c0455+15Ag+MOS_0299.npz,,
0522c0455,9Ag,FALSE,1,1,valid,test,C:/Users/LT/Desktop/Top2/data/dataset_update_NaH/0522c0455+9Ag+MOS_0299.npz,,
0522c0455,A4Ac,TRUE,1,1,valid,test,C:/Users/LT/Desktop/Top2/data/dataset_update_NaH/0522c0455+A4Ac+MOS_0299.npz,,
0522c0657,15Ag,FALSE,1,1,valid,test,C:/Users/LT/Desktop/Top2/data/dataset_update_NaH/0522c0657+15Ag+MOS_56570.npz,,
0522c0657,9Ag,FALSE,1,1,valid,test,C:/Users/LT/Desktop/Top2/data/dataset_update_NaH/0522c0657+9Ag+MOS_56570.npz,,
0522c0657,A4Ac,TRUE,1,1,valid,test,C:/Users/LT/Desktop/Top2/data/dataset_update_NaH/0522c0657+A4Ac+MOS_56570.npz,,
0522c0726,15Ag,FALSE,1,1,valid,test,C:/Users/LT/Desktop/Top2/data/dataset_update_NaH/0522c0726+15Ag+MOS_21795.npz,,
0522c0726,9Ag,FALSE,1,1,valid,test,C:/Users/LT/Desktop/Top2/data/dataset_update_NaH/0522c0726+9Ag+MOS_21795.npz,,
0522c0726,A4Ac,TRUE,1,1,valid,test,C:/Users/LT/Desktop/Top2/data/dataset_update_NaH/0522c0726+A4Ac+MOS_21795.npz,,
0522c0806,15Ag,FALSE,1,1,valid,test,C:/Users/LT/Desktop/Top2/data/dataset_update_NaH/0522c0806+15Ag+MOS_26428.npz,,
0522c0806,9Ag,FALSE,1,1,valid,test,C:/Users/LT/Desktop/Top2/data/dataset_update_NaH/0522c0806+9Ag+MOS_26428.npz,,
0522c0806,A4Ac,TRUE,1,1,valid,test,C:/Users/LT/Desktop/Top2/data/dataset_update_NaH/0522c0806+A4Ac+MOS_26428.npz,,
HN-CHUM-002,S215Ag,FALSE,2,1,valid,test,C:/Users/LT/Desktop/Top2/data/dataset_update_NaH/HN-CHUM-002+S215Ag+MOS_4718.npz,,
HN-CHUM-002,S29Ag,FALSE,2,1,valid,test,C:/Users/LT/Desktop/Top2/data/dataset_update_NaH/HN-CHUM-002+S29Ag+MOS_4718.npz,,
HN-CHUM-002,S2A4Ac,TRUE,2,1,valid,test,C:/Users/LT/Desktop/Top2/data/dataset_update_NaH/HN-CHUM-002+S2A4Ac+MOS_4718.npz,,
HN-CHUM-012,S215Ag,FALSE,2,1,valid,test,C:/Users/LT/Desktop/Top2/data/dataset_update_NaH/HN-CHUM-012+S215Ag+MOS_31285.npz,,
HN-CHUM-012,S29Ag,FALSE,2,1,valid,test,C:/Users/LT/Desktop/Top2/data/dataset_update_NaH/HN-CHUM-012+S29Ag+MOS_31285.npz,,
HN-CHUM-012,S2A4Ac,TRUE,2,1,valid,test,C:/Users/LT/Desktop/Top2/data/dataset_update_NaH/HN-CHUM-012+S2A4Ac+MOS_31285.npz,,
HN-CHUM-022,S215Ag,FALSE,2,1,valid,test,C:/Users/LT/Desktop/Top2/data/dataset_update_NaH/HN-CHUM-022+S215Ag+MOS_8675.npz,,
HN-CHUM-022,S29Ag,FALSE,2,1,valid,test,C:/Users/LT/Desktop/Top2/data/dataset_update_NaH/HN-CHUM-022+S29Ag+MOS_8675.npz,,
HN-CHUM-022,S2A4Ac,TRUE,2,1,valid,test,C:/Users/LT/Desktop/Top2/data/dataset_update_NaH/HN-CHUM-022+S2A4Ac+MOS_8675.npz,,
HN-CHUM-032,S215Ag,FALSE,2,1,valid,test,C:/Users/LT/Desktop/Top2/data/dataset_update_NaH/HN-CHUM-032+S215Ag+MOS_55581.npz,,
HN-CHUM-032,S29Ag,FALSE,2,1,valid,test,C:/Users/LT/Desktop/Top2/data/dataset_update_NaH/HN-CHUM-032+S29Ag+MOS_55581.npz,,
HN-CHUM-032,S2A4Ac,TRUE,2,1,valid,test,C:/Users/LT/Desktop/Top2/data/dataset_update_NaH/HN-CHUM-032+S2A4Ac+MOS_55581.npz,,
HN-CHUM-042,S215Ag,FALSE,2,1,valid,test,C:/Users/LT/Desktop/Top2/data/dataset_update_NaH/HN-CHUM-042+S215Ag+MOS_18810.npz,,
HN-CHUM-042,S29Ag,FALSE,2,1,valid,test,C:/Users/LT/Desktop/Top2/data/dataset_update_NaH/HN-CHUM-042+S29Ag+MOS_18810.npz,,
HN-CHUM-042,S2A4Ac,TRUE,2,1,valid,test,C:/Users/LT/Desktop/Top2/data/dataset_update_NaH/HN-CHUM-042+S2A4Ac+MOS_18810.npz,,
HN-CHUM-052,S215Ag,FALSE,2,1,valid,test,C:/Users/LT/Desktop/Top2/data/dataset_update_NaH/HN-CHUM-052+S215Ag+MOS_0878.npz,,
HN-CHUM-052,S29Ag,FALSE,2,1,valid,test,C:/Users/LT/Desktop/Top2/data/dataset_update_NaH/HN-CHUM-052+S29Ag+MOS_0878.npz,,
HN-CHUM-052,S2A4Ac,TRUE,2,1,valid,test,C:/Users/LT/Desktop/Top2/data/dataset_update_NaH/HN-CHUM-052+S2A4Ac+MOS_0878.npz,,
HN-CHUM-062,S215Ag,FALSE,2,1,valid,test,C:/Users/LT/Desktop/Top2/data/dataset_update_NaH/HN-CHUM-062+S215Ag+MOS_16618.npz,,
HN-CHUM-062,S29Ag,FALSE,2,1,valid,test,C:/Users/LT/Desktop/Top2/data/dataset_update_NaH/HN-CHUM-062+S29Ag+MOS_16618.npz,,
HN-CHUM-062,S2A4Ac,TRUE,2,1,valid,test,C:/Users/LT/Desktop/Top2/data/dataset_update_NaH/HN-CHUM-062+S2A4Ac+MOS_16618.npz,,
HN-HGJ-066,S215Ag,FALSE,2,1,valid,test,C:/Users/LT/Desktop/Top2/data/dataset_update_NaH/HN-HGJ-066+S215Ag+MOS_7133.npz,,
HN-HGJ-066,S29Ag,FALSE,2,1,valid,test,C:/Users/LT/Desktop/Top2/data/dataset_update_NaH/HN-HGJ-066+S29Ag+MOS_7133.npz,,
HN-HGJ-066,S2A4Ac,TRUE,2,1,valid,test,C:/Users/LT/Desktop/Top2/data/dataset_update_NaH/HN-HGJ-066+S2A4Ac+MOS_7133.npz,,
HN-HGJ-077,S215Ag,FALSE,2,1,valid,test,C:/Users/LT/Desktop/Top2/data/dataset_update_NaH/HN-HGJ-077+S215Ag+MOS_22288.npz,,
HN-HGJ-077,S29Ag,FALSE,2,1,valid,test,C:/Users/LT/Desktop/Top2/data/dataset_update_NaH/HN-HGJ-077+S29Ag+MOS_22288.npz,,
HN-HGJ-077,S2A4Ac,TRUE,2,1,valid,test,C:/Users/LT/Desktop/Top2/data/dataset_update_NaH/HN-HGJ-077+S2A4Ac+MOS_22288.npz,,
HN-HMR-005,S215Ag,FALSE,2,1,valid,test,C:/Users/LT/Desktop/Top2/data/dataset_update_NaH/HN-HMR-005+S215Ag+MOS_398.npz,,
HN-HMR-005,S29Ag,FALSE,2,1,valid,test,C:/Users/LT/Desktop/Top2/data/dataset_update_NaH/HN-HMR-005+S29Ag+MOS_398.npz,,
HN-HMR-005,S2A4Ac,TRUE,2,1,valid,test,C:/Users/LT/Desktop/Top2/data/dataset_update_NaH/HN-HMR-005+S2A4Ac+MOS_398.npz,,
HN-HMR-015,S215Ag,FALSE,2,1,valid,test,C:/Users/LT/Desktop/Top2/data/dataset_update_NaH/HN-HMR-015+S215Ag+MOS_1375.npz,,
HN-HMR-015,S29Ag,FALSE,2,1,valid,test,C:/Users/LT/Desktop/Top2/data/dataset_update_NaH/HN-HMR-015+S29Ag+MOS_1375.npz,,
HN-HMR-015,S2A4Ac,TRUE,2,1,valid,test,C:/Users/LT/Desktop/Top2/data/dataset_update_NaH/HN-HMR-015+S2A4Ac+MOS_1375.npz,,
HN-HMR-025,S215Ag,FALSE,2,1,valid,test,C:/Users/LT/Desktop/Top2/data/dataset_update_NaH/HN-HMR-025+S215Ag+MOS_5644.npz,,
HN-HMR-025,S29Ag,FALSE,2,1,valid,test,C:/Users/LT/Desktop/Top2/data/dataset_update_NaH/HN-HMR-025+S29Ag+MOS_5644.npz,,
HN-HMR-025,S2A4Ac,TRUE,2,1,valid,test,C:/Users/LT/Desktop/Top2/data/dataset_update_NaH/HN-HMR-025+S2A4Ac+MOS_5644.npz,,
HN-HMR-035,S215Ag,FALSE,2,1,valid,test,C:/Users/LT/Desktop/Top2/data/dataset_update_NaH/HN-HMR-035+S215Ag+MOS_31394.npz,,
HN-HMR-035,S29Ag,FALSE,2,1,valid,test,C:/Users/LT/Desktop/Top2/data/dataset_update_NaH/HN-HMR-035+S29Ag+MOS_31394.npz,,
HN-HMR-035,S2A4Ac,TRUE,2,1,valid,test,C:/Users/LT/Desktop/Top2/data/dataset_update_NaH/HN-HMR-035+S2A4Ac+MOS_31394.npz,,
HNC_002,15Ag,FALSE,3,1,valid,test,C:/Users/LT/Desktop/Top2/data/dataset_update_NaH/HNC_002+15Ag+MOS_3810.npz,,
HNC_002,9Ag,FALSE,3,1,valid,test,C:/Users/LT/Desktop/Top2/data/dataset_update_NaH/HNC_002+9Ag+MOS_3810.npz,,
HNC_002,A4Ac,TRUE,3,1,valid,test,C:/Users/LT/Desktop/Top2/data/dataset_update_NaH/HNC_002+A4Ac+MOS_3810.npz,,
HNC_012,15Ag,FALSE,3,1,valid,test,C:/Users/LT/Desktop/Top2/data/dataset_update_NaH/HNC_012+15Ag+MOS_52380.npz,,
HNC_012,9Ag,FALSE,3,1,valid,test,C:/Users/LT/Desktop/Top2/data/dataset_update_NaH/HNC_012+9Ag+MOS_52380.npz,,
HNC_012,A4Ac,TRUE,3,1,valid,test,C:/Users/LT/Desktop/Top2/data/dataset_update_NaH/HNC_012+A4Ac+MOS_52380.npz,,
HNC_022,15Ag,FALSE,3,1,valid,test,C:/Users/LT/Desktop/Top2/data/dataset_update_NaH/HNC_022+15Ag+MOS_53845.npz,,
HNC_022,9Ag,FALSE,3,1,valid,test,C:/Users/LT/Desktop/Top2/data/dataset_update_NaH/HNC_022+9Ag+MOS_53845.npz,,
HNC_022,A4Ac,TRUE,3,1,valid,test,C:/Users/LT/Desktop/Top2/data/dataset_update_NaH/HNC_022+A4Ac+MOS_53845.npz,,
HNC_032,15Ag,FALSE,3,1,valid,test,C:/Users/LT/Desktop/Top2/data/dataset_update_NaH/HNC_032+15Ag+MOS_59198.npz,,
HNC_032,9Ag,FALSE,3,1,valid,test,C:/Users/LT/Desktop/Top2/data/dataset_update_NaH/HNC_032+9Ag+MOS_59198.npz,,
HNC_032,A4Ac,TRUE,3,1,valid,test,C:/Users/LT/Desktop/Top2/data/dataset_update_NaH/HNC_032+A4Ac+MOS_59198.npz,,
HNC_042,15Ag,FALSE,3,1,valid,test,C:/Users/LT/Desktop/Top2/data/dataset_update_NaH/HNC_042+15Ag+MOS_52944.npz,,
HNC_042,9Ag,FALSE,3,1,valid,test,C:/Users/LT/Desktop/Top2/data/dataset_update_NaH/HNC_042+9Ag+MOS_52944.npz,,
HNC_042,A4Ac,TRUE,3,1,valid,test,C:/Users/LT/Desktop/Top2/data/dataset_update_NaH/HNC_042+A4Ac+MOS_52944.npz,,
HNC_052,15Ag,FALSE,3,1,valid,test,C:/Users/LT/Desktop/Top2/data/dataset_update_NaH/HNC_052+15Ag+MOS_10560.npz,,
HNC_052,9Ag,FALSE,3,1,valid,test,C:/Users/LT/Desktop/Top2/data/dataset_update_NaH/HNC_052+9Ag+MOS_10560.npz,,
HNC_052,A4Ac,TRUE,3,1,valid,test,C:/Users/LT/Desktop/Top2/data/dataset_update_NaH/HNC_052+A4Ac+MOS_10560.npz,,
HNC_062,15Ag,FALSE,3,1,valid,test,C:/Users/LT/Desktop/Top2/data/dataset_update_NaH/HNC_062+15Ag+MOS_568.npz,,
HNC_062,9Ag,FALSE,3,1,valid,test,C:/Users/LT/Desktop/Top2/data/dataset_update_NaH/HNC_062+9Ag+MOS_568.npz,,
HNC_062,A4Ac,TRUE,3,1,valid,test,C:/Users/LT/Desktop/Top2/data/dataset_update_NaH/HNC_062+A4Ac+MOS_568.npz,,
HNC_073,15Ag,FALSE,3,1,valid,test,C:/Users/LT/Desktop/Top2/data/dataset_update_NaH/HNC_073+15Ag+MOS_58793.npz,,
HNC_073,9Ag,FALSE,3,1,valid,test,C:/Users/LT/Desktop/Top2/data/dataset_update_NaH/HNC_073+9Ag+MOS_58793.npz,,
HNC_073,A4Ac,TRUE,3,1,valid,test,C:/Users/LT/Desktop/Top2/data/dataset_update_NaH/HNC_073+A4Ac+MOS_58793.npz,,
HNC_083,15Ag,FALSE,3,1,valid,test,C:/Users/LT/Desktop/Top2/data/dataset_update_NaH/HNC_083+15Ag+MOS_55838.npz,,
HNC_083,9Ag,FALSE,3,1,valid,test,C:/Users/LT/Desktop/Top2/data/dataset_update_NaH/HNC_083+9Ag+MOS_55838.npz,,
HNC_083,A4Ac,TRUE,3,1,valid,test,C:/Users/LT/Desktop/Top2/data/dataset_update_NaH/HNC_083+A4Ac+MOS_55838.npz,,
HNC_093,15Ag,FALSE,3,1,valid,test,C:/Users/LT/Desktop/Top2/data/dataset_update_NaH/HNC_093+15Ag+MOS_23707.npz,,
HNC_093,9Ag,FALSE,3,1,valid,test,C:/Users/LT/Desktop/Top2/data/dataset_update_NaH/HNC_093+9Ag+MOS_23707.npz,,
HNC_093,A4Ac,TRUE,3,1,valid,test,C:/Users/LT/Desktop/Top2/data/dataset_update_NaH/HNC_093+A4Ac+MOS_23707.npz,,
HNC_103,15Ag,FALSE,3,1,valid,test,C:/Users/LT/Desktop/Top2/data/dataset_update_NaH/HNC_103+15Ag+MOS_57502.npz,,
HNC_103,9Ag,FALSE,3,1,valid,test,C:/Users/LT/Desktop/Top2/data/dataset_update_NaH/HNC_103+9Ag+MOS_57502.npz,,
HNC_103,A4Ac,TRUE,3,1,valid,test,C:/Users/LT/Desktop/Top2/data/dataset_update_NaH/HNC_103+A4Ac+MOS_57502.npz,,
HNC_124,15Ag,FALSE,3,1,valid,test,C:/Users/LT/Desktop/Top2/data/dataset_update_NaH/HNC_124+15Ag+MOS_30300.npz,,
HNC_124,9Ag,FALSE,3,1,valid,test,C:/Users/LT/Desktop/Top2/data/dataset_update_NaH/HNC_124+9Ag+MOS_30300.npz,,
HNC_124,A4Ac,TRUE,3,1,valid,test,C:/Users/LT/Desktop/Top2/data/dataset_update_NaH/HNC_124+A4Ac+MOS_30300.npz,,
HNC_134,15Ag,FALSE,3,1,valid,test,C:/Users/LT/Desktop/Top2/data/dataset_update_NaH/HNC_134+15Ag+MOS_56919.npz,,
HNC_134,9Ag,FALSE,3,1,valid,test,C:/Users/LT/Desktop/Top2/data/dataset_update_NaH/HNC_134+9Ag+MOS_56919.npz,,
HNC_134,A4Ac,TRUE,3,1,valid,test,C:/Users/LT/Desktop/Top2/data/dataset_update_NaH/HNC_134+A4Ac+MOS_56919.npz,,
HNC_154,15Ag,FALSE,3,1,valid,test,C:/Users/LT/Desktop/Top2/data/dataset_update_NaH/HNC_154+15Ag+MOS_34515.npz,,
HNC_154,9Ag,FALSE,3,1,valid,test,C:/Users/LT/Desktop/Top2/data/dataset_update_NaH/HNC_154+9Ag+MOS_34515.npz,,
HNC_154,A4Ac,TRUE,3,1,valid,test,C:/Users/LT/Desktop/Top2/data/dataset_update_NaH/HNC_154+A4Ac+MOS_34515.npz,,
HNC_164,15Ag,FALSE,3,1,valid,test,C:/Users/LT/Desktop/Top2/data/dataset_update_NaH/HNC_164+15Ag+MOS_43334.npz,,
HNC_164,9Ag,FALSE,3,1,valid,test,C:/Users/LT/Desktop/Top2/data/dataset_update_NaH/HNC_164+9Ag+MOS_43334.npz,,
HNC_164,A4Ac,TRUE,3,1,valid,test,C:/Users/LT/Desktop/Top2/data/dataset_update_NaH/HNC_164+A4Ac+MOS_43334.npz,,
HNC_174,15Ag,FALSE,3,1,valid,test,C:/Users/LT/Desktop/Top2/data/dataset_update_NaH/HNC_174+15Ag+MOS_2982.npz,,
HNC_174,9Ag,FALSE,3,1,valid,test,C:/Users/LT/Desktop/Top2/data/dataset_update_NaH/HNC_174+9Ag+MOS_2982.npz,,
HNC_174,A4Ac,TRUE,3,1,valid,test,C:/Users/LT/Desktop/Top2/data/dataset_update_NaH/HNC_174+A4Ac+MOS_2982.npz,,
HNC_184,A4Ac,TRUE,3,1,valid,test,C:/Users/LT/Desktop/Top2/data/dataset_update_NaH/HNC_184+A4Ac+MOS_32779.npz,,
HNC_194,15Ag,FALSE,3,1,valid,test,C:/Users/LT/Desktop/Top2/data/dataset_update_NaH/HNC_194+15Ag+MOS_44393.npz,,
HNC_194,9Ag,FALSE,3,1,valid,test,C:/Users/LT/Desktop/Top2/data/dataset_update_NaH/HNC_194+9Ag+MOS_44393.npz,,
HNC_194,A4Ac,TRUE,3,1,valid,test,C:/Users/LT/Desktop/Top2/data/dataset_update_NaH/HNC_194+A4Ac+MOS_44393.npz,,
HNSCC-01-0002,15Ag,FALSE,4,1,valid,test,C:/Users/LT/Desktop/Top2/data/dataset_update_NaH/HNSCC-01-0002+15Ag+MOS_50349.npz,,
HNSCC-01-0002,9Ag,FALSE,4,1,valid,test,C:/Users/LT/Desktop/Top2/data/dataset_update_NaH/HNSCC-01-0002+9Ag+MOS_50349.npz,,
HNSCC-01-0002,A4Ac,TRUE,4,1,valid,test,C:/Users/LT/Desktop/Top2/data/dataset_update_NaH/HNSCC-01-0002+A4Ac+MOS_50349.npz,,
HNSCC-01-0012,15Ag,FALSE,4,1,valid,test,C:/Users/LT/Desktop/Top2/data/dataset_update_NaH/HNSCC-01-0012+15Ag+MOS_13679.npz,,
HNSCC-01-0012,9Ag,FALSE,4,1,valid,test,C:/Users/LT/Desktop/Top2/data/dataset_update_NaH/HNSCC-01-0012+9Ag+MOS_13679.npz,,
HNSCC-01-0012,A4Ac,TRUE,4,1,valid,test,C:/Users/LT/Desktop/Top2/data/dataset_update_NaH/HNSCC-01-0012+A4Ac+MOS_13679.npz,,
HNSCC-01-0022,15Ag,FALSE,4,1,valid,test,C:/Users/LT/Desktop/Top2/data/dataset_update_NaH/HNSCC-01-0022+15Ag+MOS_17906.npz,,
HNSCC-01-0022,9Ag,FALSE,4,1,valid,test,C:/Users/LT/Desktop/Top2/data/dataset_update_NaH/HNSCC-01-0022+9Ag+MOS_17906.npz,,
HNSCC-01-0022,A4Ac,TRUE,4,1,valid,test,C:/Users/LT/Desktop/Top2/data/dataset_update_NaH/HNSCC-01-0022+A4Ac+MOS_17906.npz,,
HNSCC-01-0032,15Ag,FALSE,4,1,valid,test,C:/Users/LT/Desktop/Top2/data/dataset_update_NaH/HNSCC-01-0032+15Ag+MOS_28516.npz,,
HNSCC-01-0032,9Ag,FALSE,4,1,valid,test,C:/Users/LT/Desktop/Top2/data/dataset_update_NaH/HNSCC-01-0032+9Ag+MOS_28516.npz,,
HNSCC-01-0032,A4Ac,TRUE,4,1,valid,test,C:/Users/LT/Desktop/Top2/data/dataset_update_NaH/HNSCC-01-0032+A4Ac+MOS_28516.npz,,
HNSCC-01-0072,15Ag,FALSE,4,1,valid,test,C:/Users/LT/Desktop/Top2/data/dataset_update_NaH/HNSCC-01-0072+15Ag+MOS_48687.npz,,
HNSCC-01-0072,9Ag,FALSE,4,1,valid,test,C:/Users/LT/Desktop/Top2/data/dataset_update_NaH/HNSCC-01-0072+9Ag+MOS_48687.npz,,
HNSCC-01-0072,A4Ac,TRUE,4,1,valid,test,C:/Users/LT/Desktop/Top2/data/dataset_update_NaH/HNSCC-01-0072+A4Ac+MOS_48687.npz,,
HNSCC-01-0092,15Ag,FALSE,4,1,valid,test,C:/Users/LT/Desktop/Top2/data/dataset_update_NaH/HNSCC-01-0092+15Ag+MOS_1717.npz,,
HNSCC-01-0092,9Ag,FALSE,4,1,valid,test,C:/Users/LT/Desktop/Top2/data/dataset_update_NaH/HNSCC-01-0092+9Ag+MOS_1717.npz,,
HNSCC-01-0092,A4Ac,TRUE,4,1,valid,test,C:/Users/LT/Desktop/Top2/data/dataset_update_NaH/HNSCC-01-0092+A4Ac+MOS_1717.npz,,
HNSCC-01-0102,15Ag,FALSE,4,1,valid,test,C:/Users/LT/Desktop/Top2/data/dataset_update_NaH/HNSCC-01-0102+15Ag+MOS_3958.npz,,
HNSCC-01-0102,9Ag,FALSE,4,1,valid,test,C:/Users/LT/Desktop/Top2/data/dataset_update_NaH/HNSCC-01-0102+9Ag+MOS_3958.npz,,
HNSCC-01-0102,A4Ac,TRUE,4,1,valid,test,C:/Users/LT/Desktop/Top2/data/dataset_update_NaH/HNSCC-01-0102+A4Ac+MOS_3958.npz,,
HNSCC-01-0112,15Ag,FALSE,4,1,valid,test,C:/Users/LT/Desktop/Top2/data/dataset_update_NaH/HNSCC-01-0112+15Ag+MOS_54227.npz,,
HNSCC-01-0112,9Ag,FALSE,4,1,valid,test,C:/Users/LT/Desktop/Top2/data/dataset_update_NaH/HNSCC-01-0112+9Ag+MOS_54227.npz,,
HNSCC-01-0112,A4Ac,TRUE,4,1,valid,test,C:/Users/LT/Desktop/Top2/data/dataset_update_NaH/HNSCC-01-0112+A4Ac+MOS_54227.npz,,
HNSCC-01-0142,15Ag,FALSE,4,1,valid,test,C:/Users/LT/Desktop/Top2/data/dataset_update_NaH/HNSCC-01-0142+15Ag+MOS_40956.npz,,
HNSCC-01-0142,9Ag,FALSE,4,1,valid,test,C:/Users/LT/Desktop/Top2/data/dataset_update_NaH/HNSCC-01-0142+9Ag+MOS_40956.npz,,
HNSCC-01-0142,A4Ac,TRUE,4,1,valid,test,C:/Users/LT/Desktop/Top2/data/dataset_update_NaH/HNSCC-01-0142+A4Ac+MOS_40956.npz,,
HNSCC-01-0152,15Ag,FALSE,4,1,valid,test,C:/Users/LT/Desktop/Top2/data/dataset_update_NaH/HNSCC-01-0152+15Ag+MOS_4794.npz,,
HNSCC-01-0152,9Ag,FALSE,4,1,valid,test,C:/Users/LT/Desktop/Top2/data/dataset_update_NaH/HNSCC-01-0152+9Ag+MOS_4794.npz,,
HNSCC-01-0152,A4Ac,TRUE,4,1,valid,test,C:/Users/LT/Desktop/Top2/data/dataset_update_NaH/HNSCC-01-0152+A4Ac+MOS_4794.npz,,
HNSCC-01-0162,15Ag,FALSE,4,1,valid,test,C:/Users/LT/Desktop/Top2/data/dataset_update_NaH/HNSCC-01-0162+15Ag+MOS_1626.npz,,
HNSCC-01-0162,9Ag,FALSE,4,1,valid,test,C:/Users/LT/Desktop/Top2/data/dataset_update_NaH/HNSCC-01-0162+9Ag+MOS_1626.npz,,
HNSCC-01-0162,A4Ac,TRUE,4,1,valid,test,C:/Users/LT/Desktop/Top2/data/dataset_update_NaH/HNSCC-01-0162+A4Ac+MOS_1626.npz,,
HNSCC-01-0182,15Ag,FALSE,4,1,valid,test,C:/Users/LT/Desktop/Top2/data/dataset_update_NaH/HNSCC-01-0182+15Ag+MOS_40942.npz,,
HNSCC-01-0182,9Ag,FALSE,4,1,valid,test,C:/Users/LT/Desktop/Top2/data/dataset_update_NaH/HNSCC-01-0182+9Ag+MOS_40942.npz,,
HNSCC-01-0192,15Ag,FALSE,4,1,valid,test,C:/Users/LT/Desktop/Top2/data/dataset_update_NaH/HNSCC-01-0192+15Ag+MOS_19335.npz,,
HNSCC-01-0192,9Ag,FALSE,4,1,valid,test,C:/Users/LT/Desktop/Top2/data/dataset_update_NaH/HNSCC-01-0192+9Ag+MOS_19335.npz,,
HNSCC-01-0192,A4Ac,TRUE,4,1,valid,test,C:/Users/LT/Desktop/Top2/data/dataset_update_NaH/HNSCC-01-0192+A4Ac+MOS_19335.npz,,
HNSCC-01-0202,15Ag,FALSE,4,1,valid,test,C:/Users/LT/Desktop/Top2/data/dataset_update_NaH/HNSCC-01-0202+15Ag+MOS_0776.npz,,
HNSCC-01-0202,9Ag,FALSE,4,1,valid,test,C:/Users/LT/Desktop/Top2/data/dataset_update_NaH/HNSCC-01-0202+9Ag+MOS_0776.npz,,
HNSCC-01-0202,A4Ac,TRUE,4,1,valid,test,C:/Users/LT/Desktop/Top2/data/dataset_update_NaH/HNSCC-01-0202+A4Ac+MOS_0776.npz,,
HN_P001,15Ag,FALSE,5,1,valid,test,C:/Users/LT/Desktop/Top2/data/dataset_update_NaH/HN_P001+15Ag+MOS_15846.npz,,
HN_P001,9Ag,FALSE,5,1,valid,test,C:/Users/LT/Desktop/Top2/data/dataset_update_NaH/HN_P001+9Ag+MOS_15846.npz,,
HN_P001,A4Ac,TRUE,5,1,valid,test,C:/Users/LT/Desktop/Top2/data/dataset_update_NaH/HN_P001+A4Ac+MOS_15846.npz,,
HN_P002,15Ag,FALSE,5,1,valid,test,C:/Users/LT/Desktop/Top2/data/dataset_update_NaH/HN_P002+15Ag+MOS_31265.npz,,
HN_P002,9Ag,FALSE,5,1,valid,test,C:/Users/LT/Desktop/Top2/data/dataset_update_NaH/HN_P002+9Ag+MOS_31265.npz,,
HN_P002,A4Ac,TRUE,5,1,valid,test,C:/Users/LT/Desktop/Top2/data/dataset_update_NaH/HN_P002+A4Ac+MOS_31265.npz,,
HN_P003,15Ag,FALSE,5,1,valid,test,C:/Users/LT/Desktop/Top2/data/dataset_update_NaH/HN_P003+15Ag+MOS_24677.npz,,
HN_P003,9Ag,FALSE,5,1,valid,test,C:/Users/LT/Desktop/Top2/data/dataset_update_NaH/HN_P003+9Ag+MOS_24677.npz,,
HN_P003,A4Ac,TRUE,5,1,valid,test,C:/Users/LT/Desktop/Top2/data/dataset_update_NaH/HN_P003+A4Ac+MOS_24677.npz,,
HN_P004,15Ag,FALSE,5,1,valid,test,C:/Users/LT/Desktop/Top2/data/dataset_update_NaH/HN_P004+15Ag+MOS_11545.npz,,
HN_P004,9Ag,FALSE,5,1,valid,test,C:/Users/LT/Desktop/Top2/data/dataset_update_NaH/HN_P004+9Ag+MOS_11545.npz,,
HN_P004,A4Ac,TRUE,5,1,valid,test,C:/Users/LT/Desktop/Top2/data/dataset_update_NaH/HN_P004+A4Ac+MOS_11545.npz,,
HN_P005,9Ag,FALSE,5,1,valid,test,C:/Users/LT/Desktop/Top2/data/dataset_update_NaH/HN_P005+9Ag+MOS_28880.npz,,
HN_P005,A4Ac,TRUE,5,1,valid,test,C:/Users/LT/Desktop/Top2/data/dataset_update_NaH/HN_P005+A4Ac+MOS_28880.npz,,
HN_P007,15Ag,FALSE,5,1,valid,test,C:/Users/LT/Desktop/Top2/data/dataset_update_NaH/HN_P007+15Ag+MOS_3989.npz,,
HN_P007,9Ag,FALSE,5,1,valid,test,C:/Users/LT/Desktop/Top2/data/dataset_update_NaH/HN_P007+9Ag+MOS_3989.npz,,
HN_P007,A4Ac,TRUE,5,1,valid,test,C:/Users/LT/Desktop/Top2/data/dataset_update_NaH/HN_P007+A4Ac+MOS_3989.npz,,
HN_P008,15Ag,FALSE,5,1,valid,test,C:/Users/LT/Desktop/Top2/data/dataset_update_NaH/HN_P008+15Ag+MOS_23724.npz,,
HN_P008,9Ag,FALSE,5,1,valid,test,C:/Users/LT/Desktop/Top2/data/dataset_update_NaH/HN_P008+9Ag+MOS_23724.npz,,
HN_P008,A4Ac,TRUE,5,1,valid,test,C:/Users/LT/Desktop/Top2/data/dataset_update_NaH/HN_P008+A4Ac+MOS_23724.npz,,
HN_P009,15Ag,FALSE,5,1,valid,test,C:/Users/LT/Desktop/Top2/data/dataset_update_NaH/HN_P009+15Ag+MOS_48561.npz,,
HN_P009,9Ag,FALSE,5,1,valid,test,C:/Users/LT/Desktop/Top2/data/dataset_update_NaH/HN_P009+9Ag+MOS_48561.npz,,
HN_P009,A4Ac,TRUE,5,1,valid,test,C:/Users/LT/Desktop/Top2/data/dataset_update_NaH/HN_P009+A4Ac+MOS_48561.npz,,
HN_P010,15Ag,FALSE,5,1,valid,test,C:/Users/LT/Desktop/Top2/data/dataset_update_NaH/HN_P010+15Ag+MOS_20568.npz,,
HN_P010,9Ag,FALSE,5,1,valid,test,C:/Users/LT/Desktop/Top2/data/dataset_update_NaH/HN_P010+9Ag+MOS_20568.npz,,
HN_P010,A4Ac,TRUE,5,1,valid,test,C:/Users/LT/Desktop/Top2/data/dataset_update_NaH/HN_P010+A4Ac+MOS_20568.npz,,
HN_P011,15Ag,FALSE,5,1,valid,test,C:/Users/LT/Desktop/Top2/data/dataset_update_NaH/HN_P011+15Ag+MOS_35340.npz,,
HN_P011,9Ag,FALSE,5,1,valid,test,C:/Users/LT/Desktop/Top2/data/dataset_update_NaH/HN_P011+9Ag+MOS_35340.npz,,
HN_P011,A4Ac,TRUE,5,1,valid,test,C:/Users/LT/Desktop/Top2/data/dataset_update_NaH/HN_P011+A4Ac+MOS_35340.npz,,
HN_P012,15Ag,FALSE,5,1,valid,test,C:/Users/LT/Desktop/Top2/data/dataset_update_NaH/HN_P012+15Ag+MOS_39765.npz,,
HN_P012,9Ag,FALSE,5,1,valid,test,C:/Users/LT/Desktop/Top2/data/dataset_update_NaH/HN_P012+9Ag+MOS_39765.npz,,
HN_P012,A4Ac,TRUE,5,1,valid,test,C:/Users/LT/Desktop/Top2/data/dataset_update_NaH/HN_P012+A4Ac+MOS_39765.npz,,
HN_P013,15Ag,FALSE,5,1,valid,test,C:/Users/LT/Desktop/Top2/data/dataset_update_NaH/HN_P013+15Ag+MOS_14628.npz,,
HN_P014,15Ag,FALSE,5,1,valid,test,C:/Users/LT/Desktop/Top2/data/dataset_update_NaH/HN_P014+15Ag+MOS_24806.npz,,
HN_P014,9Ag,FALSE,5,1,valid,test,C:/Users/LT/Desktop/Top2/data/dataset_update_NaH/HN_P014+9Ag+MOS_24806.npz,,
HN_P014,A4Ac,TRUE,5,1,valid,test,C:/Users/LT/Desktop/Top2/data/dataset_update_NaH/HN_P014+A4Ac+MOS_24806.npz,,
HN_P015,15Ag,FALSE,5,1,valid,test,C:/Users/LT/Desktop/Top2/data/dataset_update_NaH/HN_P015+15Ag+MOS_6827.npz,,
HN_P015,9Ag,FALSE,5,1,valid,test,C:/Users/LT/Desktop/Top2/data/dataset_update_NaH/HN_P015+9Ag+MOS_6827.npz,,
HN_P016,15Ag,FALSE,5,1,valid,test,C:/Users/LT/Desktop/Top2/data/dataset_update_NaH/HN_P016+15Ag+MOS_33643.npz,,
HN_P016,9Ag,FALSE,5,1,valid,test,C:/Users/LT/Desktop/Top2/data/dataset_update_NaH/HN_P016+9Ag+MOS_33643.npz,,
HN_P016,A4Ac,TRUE,5,1,valid,test,C:/Users/LT/Desktop/Top2/data/dataset_update_NaH/HN_P016+A4Ac+MOS_33643.npz,,
HN_P018,15Ag,FALSE,5,1,valid,test,C:/Users/LT/Desktop/Top2/data/dataset_update_NaH/HN_P018+15Ag+MOS_55296.npz,,
HN_P018,9Ag,FALSE,5,1,valid,test,C:/Users/LT/Desktop/Top2/data/dataset_update_NaH/HN_P018+9Ag+MOS_55296.npz,,
HN_P018,A4Ac,TRUE,5,1,valid,test,C:/Users/LT/Desktop/Top2/data/dataset_update_NaH/HN_P018+A4Ac+MOS_55296.npz,,
HN_P019,15Ag,FALSE,5,1,valid,test,C:/Users/LT/Desktop/Top2/data/dataset_update_NaH/HN_P019+15Ag+MOS_51891.npz,,
HN_P019,9Ag,FALSE,5,1,valid,test,C:/Users/LT/Desktop/Top2/data/dataset_update_NaH/HN_P019+9Ag+MOS_51891.npz,,
HN_P019,A4Ac,TRUE,5,1,valid,test,C:/Users/LT/Desktop/Top2/data/dataset_update_NaH/HN_P019+A4Ac+MOS_51891.npz,,
HN_P022,15Ag,FALSE,5,1,valid,test,C:/Users/LT/Desktop/Top2/data/dataset_update_NaH/HN_P022+15Ag+MOS_33380.npz,,
HN_P022,9Ag,FALSE,5,1,valid,test,C:/Users/LT/Desktop/Top2/data/dataset_update_NaH/HN_P022+9Ag+MOS_33380.npz,,
HN_P022,A4Ac,TRUE,5,1,valid,test,C:/Users/LT/Desktop/Top2/data/dataset_update_NaH/HN_P022+A4Ac+MOS_33380.npz,,
HN_P027,15Ag,FALSE,5,1,valid,test,C:/Users/LT/Desktop/Top2/data/dataset_update_NaH/HN_P027+15Ag+MOS_8319.npz,,
HN_P027,9Ag,FALSE,5,1,valid,test,C:/Users/LT/Desktop/Top2/data/dataset_update_NaH/HN_P027+9Ag+MOS_8319.npz,,
HN_P027,A4Ac,TRUE,5,1,valid,test,C:/Users/LT/Desktop/Top2/data/dataset_update_NaH/HN_P027+A4Ac+MOS_8319.npz,,
HN_P028,15Ag,FALSE,5,1,valid,test,C:/Users/LT/Desktop/Top2/data/dataset_update_NaH/HN_P028+15Ag+MOS_387.npz,,
HN_P028,9Ag,FALSE,5,1,valid,test,C:/Users/LT/Desktop/Top2/data/dataset_update_NaH/HN_P028+9Ag+MOS_387.npz,,
HN_P028,S2A4Ac,TRUE,5,1,valid,test,C:/Users/LT/Desktop/Top2/data/dataset_update_NaH/HN_P028+S2A4Ac+MOS_387.npz,,
HN_P029,15Ag,FALSE,5,1,valid,test,C:/Users/LT/Desktop/Top2/data/dataset_update_NaH/HN_P029+15Ag+MOS_58348.npz,,
HN_P029,9Ag,FALSE,5,1,valid,test,C:/Users/LT/Desktop/Top2/data/dataset_update_NaH/HN_P029+9Ag+MOS_58348.npz,,
HN_P029,S2A4Ac,TRUE,5,1,valid,test,C:/Users/LT/Desktop/Top2/data/dataset_update_NaH/HN_P029+S2A4Ac+MOS_58348.npz,,
HN_P030,15Ag,FALSE,5,1,valid,test,C:/Users/LT/Desktop/Top2/data/dataset_update_NaH/HN_P030+15Ag+MOS_27660.npz,,
HN_P030,9Ag,FALSE,5,1,valid,test,C:/Users/LT/Desktop/Top2/data/dataset_update_NaH/HN_P030+9Ag+MOS_27660.npz,,
HN_P030,S2A4Ac,TRUE,5,1,valid,test,C:/Users/LT/Desktop/Top2/data/dataset_update_NaH/HN_P030+S2A4Ac+MOS_27660.npz,,
HN_P032,15Ag,FALSE,5,1,valid,test,C:/Users/LT/Desktop/Top2/data/dataset_update_NaH/HN_P032+15Ag+MOS_29663.npz,,
HN_P032,9Ag,FALSE,5,1,valid,test,C:/Users/LT/Desktop/Top2/data/dataset_update_NaH/HN_P032+9Ag+MOS_29663.npz,,
HN_P032,S2A4Ac,TRUE,5,1,valid,test,C:/Users/LT/Desktop/Top2/data/dataset_update_NaH/HN_P032+S2A4Ac+MOS_29663.npz,,
HN_P033,15Ag,FALSE,5,1,valid,test,C:/Users/LT/Desktop/Top2/data/dataset_update_NaH/HN_P033+15Ag+MOS_31339.npz,,
HN_P033,9Ag,FALSE,5,1,valid,test,C:/Users/LT/Desktop/Top2/data/dataset_update_NaH/HN_P033+9Ag+MOS_31339.npz,,
HN_P033,S2A4Ac,TRUE,5,1,valid,test,C:/Users/LT/Desktop/Top2/data/dataset_update_NaH/HN_P033+S2A4Ac+MOS_31339.npz,,
